#
# There is insufficient memory for the Java Runtime Environment to continue.
# Native memory allocation (mmap) failed to map 536870912 bytes. Error detail: G1 virtual space
# Possible reasons:
#   The system is out of physical RAM or swap space
#   This process is running with CompressedOops enabled, and the Java Heap may be blocking the growth of the native heap
# Possible solutions:
#   Reduce memory load on the system
#   Increase physical memory or swap space
#   Check if swap backing store is full
#   Decrease Java heap size (-Xmx/-Xms)
#   Decrease number of Java threads
#   Decrease Java thread stack sizes (-Xss)
#   Set larger code cache with -XX:ReservedCodeCacheSize=
#   JVM is running with Zero Based Compressed Oops mode in which the Java heap is
#     placed in the first 32GB address space. The Java Heap base address is the
#     maximum limit for the native heap growth. Please use -XX:HeapBaseMinAddress
#     to set the Java Heap base and to place the Java Heap above 32GB virtual address.
# This output file may be truncated or incomplete.
#
#  Out of Memory Error (os_windows.cpp:3926), pid=15440, tid=3696
#
# JRE version: OpenJDK Runtime Environment (21.0.10) (build 21.0.10+-14961533-b1163.108)
# Java VM: OpenJDK 64-Bit Server VM (21.0.10+-14961533-b1163.108, mixed mode, tiered, compressed oops, compressed class ptrs, g1 gc, windows-amd64)
# No core dump will be written. Minidumps are not enabled by default on client versions of Windows
#

---------------  S U M M A R Y ------------

Command Line: --add-opens=java.base/java.lang=ALL-UNNAMED --add-opens=java.base/java.lang.invoke=ALL-UNNAMED --add-opens=java.base/java.util=ALL-UNNAMED --add-opens=java.prefs/java.util.prefs=ALL-UNNAMED --add-exports=jdk.compiler/com.sun.tools.javac.api=ALL-UNNAMED --add-exports=jdk.compiler/com.sun.tools.javac.util=ALL-UNNAMED --add-opens=java.base/java.nio.charset=ALL-UNNAMED --add-opens=java.base/java.net=ALL-UNNAMED --add-opens=java.base/java.util.concurrent=ALL-UNNAMED --add-opens=java.base/java.util.concurrent.atomic=ALL-UNNAMED --add-opens=java.xml/javax.xml.namespace=ALL-UNNAMED --add-opens=java.base/java.time=ALL-UNNAMED -Xmx4g -Dfile.encoding=UTF-8 -Duser.country=US -Duser.language=en -Duser.variant -javaagent:C:\Users\Asus\.gradle\wrapper\dists\gradle-9.6.1-bin\4ticwg1pgcbps2hj28r8so764\gradle-9.6.1\lib\agents\gradle-instrumentation-agent-9.6.1.jar org.gradle.launcher.daemon.bootstrap.GradleDaemon 9.6.1

Host: Intel(R) Core(TM) i5-8250U CPU @ 1.60GHz, 8 cores, 7G,  Windows 11 , 64 bit Build 26100 (10.0.26100.8521)
Time: Fri Jul 17 22:21:03 2026 E. Africa Standard Time elapsed time: 2391.162760 seconds (0d 0h 39m 51s)

---------------  T H R E A D  ---------------

Current thread (0x000001df43180160):  VMThread "VM Thread"          [id=3696, stack(0x000000be77000000,0x000000be77100000) (1024K)]

Stack: [0x000000be77000000,0x000000be77100000]
Native frames: (J=compiled Java code, j=interpreted, Vv=VM code, C=native code)
V  [jvm.dll+0x6d78a9]
V  [jvm.dll+0x8665b3]
V  [jvm.dll+0x868bde]
V  [jvm.dll+0x8692c3]
V  [jvm.dll+0x280ee6]
V  [jvm.dll+0x6d4165]
V  [jvm.dll+0x6c77fa]
V  [jvm.dll+0x358f4b]
V  [jvm.dll+0x360bc6]
V  [jvm.dll+0x3b2ea6]
V  [jvm.dll+0x3b3178]
V  [jvm.dll+0x32b65c]
V  [jvm.dll+0x32b6e7]
V  [jvm.dll+0x3715cc]
V  [jvm.dll+0x36fd7e]
V  [jvm.dll+0x32adb1]
V  [jvm.dll+0x36f7ab]
V  [jvm.dll+0x86f048]
V  [jvm.dll+0x870394]
V  [jvm.dll+0x8708d0]
V  [jvm.dll+0x870b63]
V  [jvm.dll+0x80fd28]
V  [jvm.dll+0x6d60fd]
C  [ucrtbase.dll+0x2cd30]
C  [KERNEL32.DLL+0x2e957]
C  [ntdll.dll+0x87c1c]

VM_Operation (0x000000be7aefc960): G1TryInitiateConcMark, mode: safepoint, requested by thread 0x000001df5efcdc20


---------------  P R O C E S S  ---------------

Threads class SMR info:
_java_thread_list=0x000001df5f2252f0, length=100, elements={
0x000001df290ffe00, 0x000001df431a8430, 0x000001df431c41a0, 0x000001df431c4c00,
0x000001df431e2a10, 0x000001df431e3080, 0x000001df431e3ae0, 0x000001df431e8550,
0x000001df431e9d50, 0x000001df43207090, 0x000001df435b4a60, 0x000001df49ef6940,
0x000001df49df7890, 0x000001df4967b2c0, 0x000001df499a7ce0, 0x000001df499a9090,
0x000001df499a6fc0, 0x000001df4baea910, 0x000001df4bae7490, 0x000001df4bae9560,
0x000001df4c0a9750, 0x000001df4c0a8a30, 0x000001df4c0a90c0, 0x000001df4c0a62d0,
0x000001df4c0a6ff0, 0x000001df4c0ab190, 0x000001df4c0ab820, 0x000001df4bae8ed0,
0x000001df4c0aa470, 0x000001df4dddeb60, 0x000001df6ebbb750, 0x000001df6ebba3a0,
0x000001df6cfe2990, 0x000001df6cfe7ee0, 0x000001df6cfe64a0, 0x000001df6cfe8570,
0x000001df6cfe6b30, 0x000001df55720180, 0x000001df55720ea0, 0x000001df5e203be0,
0x000001df5e204270, 0x000001df6eef2130, 0x000001df6eef1410, 0x000001df5567a110,
0x000001df6dc12380, 0x000001df6dc10940, 0x000001df5e7621b0, 0x000001df5e940840,
0x000001df5e941560, 0x000001df5fb2e100, 0x000001df6f858060, 0x000001df6e60bf70,
0x000001df6f85a130, 0x000001df6f85ae50, 0x000001df6f85b4e0, 0x000001df5efc7320,
0x000001df5efcbb50, 0x000001df5efcc870, 0x000001df5efcc1e0, 0x000001df5fb2ee20,
0x000001df5fb2fb40, 0x000001df5fb30860, 0x000001df5fb30ef0, 0x000001df68aef060,
0x000001df68af1130, 0x000001df68af1e50, 0x000001df5efccf00, 0x000001df5efcd590,
0x000001df5fec6690, 0x000001df5fec38a0, 0x000001df5fec4c50, 0x000001df68aefd80,
0x000001df68af24e0, 0x000001df5efcdc20, 0x000001df5efce2b0, 0x000001df6ebb4130,
0x000001df5dbf8570, 0x000001df5f661ee0, 0x000001df5d8522e0, 0x000001df5f662570,
0x000001df6e60a530, 0x000001df6e60c600, 0x000001df6e60b250, 0x000001df6e60abc0,
0x000001df68aef6f0, 0x000001df5eaa4440, 0x000001df5eaa57f0, 0x000001df5eaa5e80,
0x000001df685c97c0, 0x000001df685c7060, 0x000001df6e0e52b0, 0x000001df6e0e7a10,
0x000001df689d7050, 0x000001df5e2f8040, 0x000001df50b495c0, 0x000001df5d8262b0,
0x000001df5e2fa110, 0x000001df5e2fa7a0, 0x000001df69b7b650, 0x000001df69b77fd0
}

Java Threads: ( => current thread )
  0x000001df290ffe00 JavaThread "main"                              [_thread_blocked, id=13804, stack(0x000000be76900000,0x000000be76a00000) (1024K)]
  0x000001df431a8430 JavaThread "Common-Cleaner"             daemon [_thread_blocked, id=8976, stack(0x000000be77100000,0x000000be77200000) (1024K)]
  0x000001df431c41a0 JavaThread "Reference Handler"          daemon [_thread_blocked, id=4388, stack(0x000000be77200000,0x000000be77300000) (1024K)]
  0x000001df431c4c00 JavaThread "Finalizer"                  daemon [_thread_blocked, id=11016, stack(0x000000be77300000,0x000000be77400000) (1024K)]
  0x000001df431e2a10 JavaThread "Signal Dispatcher"          daemon [_thread_blocked, id=11756, stack(0x000000be77400000,0x000000be77500000) (1024K)]
  0x000001df431e3080 JavaThread "Attach Listener"            daemon [_thread_blocked, id=13868, stack(0x000000be77500000,0x000000be77600000) (1024K)]
  0x000001df431e3ae0 JavaThread "Service Thread"             daemon [_thread_blocked, id=3700, stack(0x000000be77600000,0x000000be77700000) (1024K)]
  0x000001df431e8550 JavaThread "Monitor Deflation Thread"   daemon [_thread_blocked, id=11896, stack(0x000000be77700000,0x000000be77800000) (1024K)]
  0x000001df431e9d50 JavaThread "C2 CompilerThread0"         daemon [_thread_blocked, id=14564, stack(0x000000be77800000,0x000000be77900000) (1024K)]
  0x000001df43207090 JavaThread "C1 CompilerThread0"         daemon [_thread_blocked, id=12084, stack(0x000000be77900000,0x000000be77a00000) (1024K)]
  0x000001df435b4a60 JavaThread "Notification Thread"        daemon [_thread_blocked, id=5716, stack(0x000000be77a00000,0x000000be77b00000) (1024K)]
  0x000001df49ef6940 JavaThread "Daemon health stats"               [_thread_blocked, id=1228, stack(0x000000be77f00000,0x000000be78000000) (1024K)]
  0x000001df49df7890 JavaThread "Incoming local TCP Connector on port 9209"        [_thread_in_native, id=11200, stack(0x000000be78000000,0x000000be78100000) (1024K)]
  0x000001df4967b2c0 JavaThread "Daemon periodic checks"            [_thread_blocked, id=10748, stack(0x000000be78100000,0x000000be78200000) (1024K)]
  0x000001df499a7ce0 JavaThread "Cache worker for journal cache (C:\Users\Asus\.gradle\caches\journal-1)"        [_thread_blocked, id=10680, stack(0x000000be78d00000,0x000000be78e00000) (1024K)]
  0x000001df499a9090 JavaThread "File lock request listener"        [_thread_in_native, id=3484, stack(0x000000be78e00000,0x000000be78f00000) (1024K)]
  0x000001df499a6fc0 JavaThread "Cache worker for file hash cache (C:\Users\Asus\.gradle\caches\9.6.1\fileHashes)"        [_thread_blocked, id=3788, stack(0x000000be78f00000,0x000000be79000000) (1024K)]
  0x000001df4baea910 JavaThread "Cache worker for file content cache (C:\Users\Asus\.gradle\caches\9.6.1\fileContent)"        [_thread_blocked, id=10344, stack(0x000000be79000000,0x000000be79100000) (1024K)]
  0x000001df4bae7490 JavaThread "File watcher server"        daemon [_thread_blocked, id=8708, stack(0x000000be79400000,0x000000be79500000) (1024K)]
  0x000001df4bae9560 JavaThread "File watcher consumer"      daemon [_thread_blocked, id=4380, stack(0x000000be79500000,0x000000be79600000) (1024K)]
  0x000001df4c0a9750 JavaThread "jar transforms"                    [_thread_blocked, id=2188, stack(0x000000be79800000,0x000000be79900000) (1024K)]
  0x000001df4c0a8a30 JavaThread "jar transforms Thread 2"           [_thread_blocked, id=10120, stack(0x000000be79900000,0x000000be79a00000) (1024K)]
  0x000001df4c0a90c0 JavaThread "jar transforms Thread 3"           [_thread_blocked, id=12504, stack(0x000000be79c00000,0x000000be79d00000) (1024K)]
  0x000001df4c0a62d0 JavaThread "jar transforms Thread 4"           [_thread_blocked, id=15804, stack(0x000000be79a00000,0x000000be79b00000) (1024K)]
  0x000001df4c0a6ff0 JavaThread "jar transforms Thread 5"           [_thread_blocked, id=7092, stack(0x000000be79b00000,0x000000be79c00000) (1024K)]
  0x000001df4c0ab190 JavaThread "jar transforms Thread 6"           [_thread_blocked, id=12132, stack(0x000000be7a300000,0x000000be7a400000) (1024K)]
  0x000001df4c0ab820 JavaThread "jar transforms Thread 7"           [_thread_blocked, id=3724, stack(0x000000be7a400000,0x000000be7a500000) (1024K)]
  0x000001df4bae8ed0 JavaThread "jar transforms Thread 8"           [_thread_blocked, id=3496, stack(0x000000be7a500000,0x000000be7a600000) (1024K)]
  0x000001df4c0aa470 JavaThread "Memory manager"                    [_thread_blocked, id=11332, stack(0x000000be76800000,0x000000be76900000) (1024K)]
  0x000001df4dddeb60 JavaThread "pool-3-thread-1"                   [_thread_blocked, id=3544, stack(0x000000be7a800000,0x000000be7a900000) (1024K)]
  0x000001df6ebbb750 JavaThread "pool-6-thread-1"                   [_thread_blocked, id=14324, stack(0x000000be7a700000,0x000000be7a800000) (1024K)]
  0x000001df6ebba3a0 JavaThread "pool-8-thread-1"                   [_thread_blocked, id=8364, stack(0x000000be7a900000,0x000000be7aa00000) (1024K)]
  0x000001df6cfe2990 JavaThread "Java2D Disposer"            daemon [_thread_blocked, id=11504, stack(0x000000be7b400000,0x000000be7b500000) (1024K)]
  0x000001df6cfe7ee0 JavaThread "AWT-Windows"                daemon [_thread_in_native, id=9572, stack(0x000000be7b700000,0x000000be7b800000) (1024K)]
  0x000001df6cfe64a0 JavaThread "DefaultDispatcher-worker-1" daemon [_thread_blocked, id=15332, stack(0x000000be7b600000,0x000000be7b700000) (1024K)]
  0x000001df6cfe8570 JavaThread "DefaultDispatcher-worker-2" daemon [_thread_blocked, id=15540, stack(0x000000be7b800000,0x000000be7b900000) (1024K)]
  0x000001df6cfe6b30 JavaThread "DefaultDispatcher-worker-3" daemon [_thread_blocked, id=4844, stack(0x000000be7b900000,0x000000be7ba00000) (1024K)]
  0x000001df55720180 JavaThread "Periodic tasks thread"      daemon [_thread_blocked, id=3276, stack(0x000000be7bd00000,0x000000be7be00000) (1024K)]
  0x000001df55720ea0 JavaThread "ApplicationImpl pooled thread 1"        [_thread_blocked, id=3728, stack(0x000000be7be00000,0x000000be7bf00000) (1024K)]
  0x000001df5e203be0 JavaThread "RMI Scheduler(0)"           daemon [_thread_blocked, id=3800, stack(0x000000be7af00000,0x000000be7b000000) (1024K)]
  0x000001df5e204270 JavaThread "RMI GC Daemon"              daemon [_thread_blocked, id=12544, stack(0x000000be7bc00000,0x000000be7bd00000) (1024K)]
  0x000001df6eef2130 JavaThread "RMI TCP Accept-0"           daemon [_thread_in_native, id=8488, stack(0x000000be7bf00000,0x000000be7c000000) (1024K)]
  0x000001df6eef1410 JavaThread "RMI Reaper"                        [_thread_blocked, id=2344, stack(0x000000be7c100000,0x000000be7c200000) (1024K)]
  0x000001df5567a110 JavaThread "Cache worker for Java compile cache (C:\Users\Asus\.gradle\caches\9.6.1\javaCompile)"        [_thread_blocked, id=8996, stack(0x000000be7b000000,0x000000be7b100000) (1024K)]
  0x000001df6dc12380 JavaThread "DefaultDispatcher-worker-1" daemon [_thread_blocked, id=12612, stack(0x000000be7b300000,0x000000be7b400000) (1024K)]
  0x000001df6dc10940 JavaThread "DefaultDispatcher-worker-2" daemon [_thread_blocked, id=2144, stack(0x000000be7b500000,0x000000be7b600000) (1024K)]
  0x000001df5e7621b0 JavaThread "DefaultDispatcher-worker-3" daemon [_thread_blocked, id=10220, stack(0x000000be7ba00000,0x000000be7bb00000) (1024K)]
  0x000001df5e940840 JavaThread "Periodic tasks thread"      daemon [_thread_blocked, id=4036, stack(0x000000be7c000000,0x000000be7c100000) (1024K)]
  0x000001df5e941560 JavaThread "ApplicationImpl pooled thread 1"        [_thread_blocked, id=14064, stack(0x000000be7c300000,0x000000be7c400000) (1024K)]
  0x000001df5fb2e100 JavaThread "ApplicationImpl pooled thread 2"        [_thread_blocked, id=14180, stack(0x000000be7bb00000,0x000000be7bc00000) (1024K)]
  0x000001df6f858060 JavaThread "pool-13-thread-1"                  [_thread_blocked, id=10280, stack(0x000000be7ad00000,0x000000be7ae00000) (1024K)]
  0x000001df6e60bf70 JavaThread "Daemon Thread 4"                   [_thread_blocked, id=7976, stack(0x000000be76600000,0x000000be76700000) (1024K)]
  0x000001df6f85a130 JavaThread "Handler for socket connection from /127.0.0.1:9209 to /127.0.0.1:12882"        [_thread_in_native, id=15992, stack(0x000000be76700000,0x000000be76800000) (1024K)]
  0x000001df6f85ae50 JavaThread "Cancel handler"                    [_thread_blocked, id=13180, stack(0x000000be78200000,0x000000be78300000) (1024K)]
  0x000001df6f85b4e0 JavaThread "Daemon worker Thread 4"            [_thread_blocked, id=13628, stack(0x000000be78300000,0x000000be78400000) (1024K)]
  0x000001df5efc7320 JavaThread "Asynchronous log dispatcher for DefaultDaemonConnection: socket connection from /127.0.0.1:9209 to /127.0.0.1:12882"        [_thread_blocked, id=12848, stack(0x000000be78400000,0x000000be78500000) (1024K)]
  0x000001df5efcbb50 JavaThread "Stdin handler"                     [_thread_blocked, id=8260, stack(0x000000be78900000,0x000000be78a00000) (1024K)]
  0x000001df5efcc870 JavaThread "Daemon client event forwarder"        [_thread_blocked, id=13496, stack(0x000000be78a00000,0x000000be78b00000) (1024K)]
  0x000001df5efcc1e0 JavaThread "Cache worker for file hash cache (C:\Users\Asus\Downloads\marketplace (1)\.gradle\9.6.1\fileHashes)"        [_thread_blocked, id=13208, stack(0x000000be78b00000,0x000000be78c00000) (1024K)]
  0x000001df5fb2ee20 JavaThread "Cache worker for checksums cache (C:\Users\Asus\Downloads\marketplace (1)\.gradle\9.6.1\checksums)"        [_thread_blocked, id=5848, stack(0x000000be78c00000,0x000000be78d00000) (1024K)]
  0x000001df5fb2fb40 JavaThread "Cache worker for Build Output Cleanup Cache (C:\Users\Asus\Downloads\marketplace (1)\.gradle\buildOutputCleanup)"        [_thread_blocked, id=13432, stack(0x000000be79100000,0x000000be79200000) (1024K)]
  0x000001df5fb30860 JavaThread "Cache worker for cache directory md-supplier (C:\Users\Asus\.gradle\caches\9.6.1\md-supplier)"        [_thread_blocked, id=7440, stack(0x000000be79300000,0x000000be79400000) (1024K)]
  0x000001df5fb30ef0 JavaThread "Cache worker for cache directory md-rule (C:\Users\Asus\.gradle\caches\9.6.1\md-rule)"        [_thread_blocked, id=15156, stack(0x000000be79600000,0x000000be79700000) (1024K)]
  0x000001df68aef060 JavaThread "build event listener"              [_thread_blocked, id=12148, stack(0x000000be79d00000,0x000000be79e00000) (1024K)]
  0x000001df68af1130 JavaThread "build event listener"              [_thread_blocked, id=10580, stack(0x000000be79e00000,0x000000be79f00000) (1024K)]
  0x000001df68af1e50 JavaThread "build event listener"              [_thread_blocked, id=15056, stack(0x000000be79f00000,0x000000be7a000000) (1024K)]
  0x000001df5efccf00 JavaThread "Build operations"                  [_thread_blocked, id=3900, stack(0x000000be7a000000,0x000000be7a100000) (1024K)]
  0x000001df5efcd590 JavaThread "included builds"                   [_thread_blocked, id=15060, stack(0x000000be7a100000,0x000000be7a200000) (1024K)]
  0x000001df5fec6690 JavaThread "Execution worker"                  [_thread_blocked, id=2872, stack(0x000000be7a200000,0x000000be7a300000) (1024K)]
  0x000001df5fec38a0 JavaThread "Execution worker Thread 2"         [_thread_blocked, id=14480, stack(0x000000be7a600000,0x000000be7a700000) (1024K)]
  0x000001df5fec4c50 JavaThread "Execution worker Thread 3"         [_thread_blocked, id=7332, stack(0x000000be7aa00000,0x000000be7ab00000) (1024K)]
  0x000001df68aefd80 JavaThread "Cache worker for execution history cache (C:\Users\Asus\Downloads\marketplace (1)\.gradle\9.6.1\executionHistory)"        [_thread_blocked, id=15268, stack(0x000000be7ab00000,0x000000be7ac00000) (1024K)]
  0x000001df68af24e0 JavaThread "pool-16-thread-1"                  [_thread_blocked, id=768, stack(0x000000be7ac00000,0x000000be7ad00000) (1024K)]
  0x000001df5efcdc20 JavaThread "WorkerExecutor Queue"              [_thread_blocked, id=14096, stack(0x000000be7ae00000,0x000000be7af00000) (1024K)]
  0x000001df5efce2b0 JavaThread "WorkerExecutor Queue Thread 2"        [_thread_blocked, id=16360, stack(0x000000be7b100000,0x000000be7b200000) (1024K)]
  0x000001df6ebb4130 JavaThread "ForkJoinPool.commonPool-worker-12" daemon [_thread_blocked, id=5344, stack(0x000000be7b200000,0x000000be7b300000) (1024K)]
  0x000001df5dbf8570 JavaThread "ForkJoinPool.commonPool-worker-13" daemon [_thread_blocked, id=6388, stack(0x000000be7c200000,0x000000be7c300000) (1024K)]
  0x000001df5f661ee0 JavaThread "ForkJoinPool.commonPool-worker-14" daemon [_thread_blocked, id=7444, stack(0x000000be7c400000,0x000000be7c500000) (1024K)]
  0x000001df5d8522e0 JavaThread "ForkJoinPool.commonPool-worker-15" daemon [_thread_blocked, id=16212, stack(0x000000be7c500000,0x000000be7c600000) (1024K)]
  0x000001df5f662570 JavaThread "ForkJoinPool.commonPool-worker-18" daemon [_thread_blocked, id=12016, stack(0x000000be7c800000,0x000000be7c900000) (1024K)]
  0x000001df6e60a530 JavaThread "WorkerExecutor Queue Thread 3"        [_thread_blocked, id=5488, stack(0x000000be7ca00000,0x000000be7cb00000) (1024K)]
  0x000001df6e60c600 JavaThread "WorkerExecutor Queue Thread 4"        [_thread_blocked, id=12476, stack(0x000000be7cb00000,0x000000be7cc00000) (1024K)]
  0x000001df6e60b250 JavaThread "Build operations Thread 2"         [_thread_blocked, id=4784, stack(0x000000be79700000,0x000000be79800000) (1024K)]
  0x000001df6e60abc0 JavaThread "Build operations Thread 3"         [_thread_blocked, id=1192, stack(0x000000be7cc00000,0x000000be7cd00000) (1024K)]
  0x000001df68aef6f0 JavaThread "Build operations Thread 4"         [_thread_blocked, id=1900, stack(0x000000be7cd00000,0x000000be7ce00000) (1024K)]
  0x000001df5eaa4440 JavaThread "pool-17-thread-1"                  [_thread_blocked, id=9412, stack(0x000000be7ce00000,0x000000be7cf00000) (1024K)]
  0x000001df5eaa57f0 JavaThread "stderr"                            [_thread_in_native, id=12396, stack(0x000000be7cf00000,0x000000be7d000000) (1024K)]
  0x000001df5eaa5e80 JavaThread "stdout"                            [_thread_in_native, id=6652, stack(0x000000be7d000000,0x000000be7d100000) (1024K)]
  0x000001df685c97c0 JavaThread "DefaultDispatcher-worker-4" daemon [_thread_blocked, id=8656, stack(0x000000be7c900000,0x000000be7ca00000) (1024K)]
  0x000001df685c7060 JavaThread "DefaultDispatcher-worker-5" daemon [_thread_blocked, id=2360, stack(0x000000be7d100000,0x000000be7d200000) (1024K)]
  0x000001df6e0e52b0 JavaThread "ForkJoinPool-1-worker-1"    daemon [_thread_blocked, id=3784, stack(0x000000be7c700000,0x000000be7c800000) (1024K)]
  0x000001df6e0e7a10 JavaThread "ForkJoinPool-1-worker-2"    daemon [_thread_blocked, id=11680, stack(0x000000be7d200000,0x000000be7d300000) (1024K)]
  0x000001df689d7050 JavaThread "ForkJoinPool-1-worker-3"    daemon [_thread_blocked, id=8752, stack(0x000000be7d300000,0x000000be7d400000) (1024K)]
  0x000001df5e2f8040 JavaThread "ForkJoinPool-1-worker-4"    daemon [_thread_blocked, id=7684, stack(0x000000be7d400000,0x000000be7d500000) (1024K)]
  0x000001df50b495c0 JavaThread "ForkJoinPool-1-worker-5"    daemon [_thread_blocked, id=1272, stack(0x000000be79200000,0x000000be79300000) (1024K)]
  0x000001df5d8262b0 JavaThread "ForkJoinPool-1-worker-6"    daemon [_thread_blocked, id=6656, stack(0x000000be7d500000,0x000000be7d600000) (1024K)]
  0x000001df5e2fa110 JavaThread "ForkJoinPool-1-worker-7"    daemon [_thread_blocked, id=14748, stack(0x000000be7d600000,0x000000be7d700000) (1024K)]
  0x000001df5e2fa7a0 JavaThread "ForkJoinPool-1-worker-8"    daemon [_thread_blocked, id=7380, stack(0x000000be7d700000,0x000000be7d800000) (1024K)]
  0x000001df69b7b650 JavaThread "C2 CompilerThread1"         daemon [_thread_blocked, id=12860, stack(0x000000be7c600000,0x000000be7c700000) (1024K)]
  0x000001df69b77fd0 JavaThread "C2 CompilerThread2"         daemon [_thread_blocked, id=10732, stack(0x000000be7d800000,0x000000be7d900000) (1024K)]
Total: 100

Other Threads:
=>0x000001df43180160 VMThread "VM Thread"                           [id=3696, stack(0x000000be77000000,0x000000be77100000) (1024K)]
  0x000001df42c78260 WatcherThread "VM Periodic Task Thread"        [id=7388, stack(0x000000be76f00000,0x000000be77000000) (1024K)]
  0x000001df29166730 WorkerThread "GC Thread#0"                     [id=11984, stack(0x000000be76a00000,0x000000be76b00000) (1024K)]
  0x000001df482af8f0 WorkerThread "GC Thread#1"                     [id=3620, stack(0x000000be77c00000,0x000000be77d00000) (1024K)]
  0x000001df482afca0 WorkerThread "GC Thread#2"                     [id=11308, stack(0x000000be77d00000,0x000000be77e00000) (1024K)]
  0x000001df480b3f20 WorkerThread "GC Thread#3"                     [id=16324, stack(0x000000be77e00000,0x000000be77f00000) (1024K)]
  0x000001df488286f0 WorkerThread "GC Thread#4"                     [id=2284, stack(0x000000be77b00000,0x000000be77c00000) (1024K)]
  0x000001df4960b090 WorkerThread "GC Thread#5"                     [id=1372, stack(0x000000be78500000,0x000000be78600000) (1024K)]
  0x000001df4960ca60 WorkerThread "GC Thread#6"                     [id=5788, stack(0x000000be78600000,0x000000be78700000) (1024K)]
  0x000001df4960b440 WorkerThread "GC Thread#7"                     [id=10936, stack(0x000000be78700000,0x000000be78800000) (1024K)]
  0x000001df29178d50 ConcurrentGCThread "G1 Main Marker"            [id=13320, stack(0x000000be76b00000,0x000000be76c00000) (1024K)]
  0x000001df2917a4b0 WorkerThread "G1 Conc#0"                       [id=1792, stack(0x000000be76c00000,0x000000be76d00000) (1024K)]
  0x000001df4960bba0 WorkerThread "G1 Conc#1"                       [id=14712, stack(0x000000be78800000,0x000000be78900000) (1024K)]
  0x000001df291ae630 ConcurrentGCThread "G1 Refine#0"               [id=14980, stack(0x000000be76d00000,0x000000be76e00000) (1024K)]
  0x000001df42b39fb0 ConcurrentGCThread "G1 Service"                [id=15408, stack(0x000000be76e00000,0x000000be76f00000) (1024K)]
Total: 15

Threads with active compile tasks:
C2 CompilerThread0  2391272 82892 % !   4       java.util.concurrent.ConcurrentHashMap::transfer @ 372 (849 bytes)
C2 CompilerThread1  2391272 82903       4       com.android.tools.r8.internal.rv::a (1059 bytes)
C2 CompilerThread2  2391272 82742   !   4       com.android.tools.r8.graph.b8::b (53 bytes)
Total: 3

VM state: at safepoint (normal execution)

VM Mutex/Monitor currently owned by a thread:  ([mutex/lock_event])
[0x00007ff8b75d86d0] Threads_lock - owner thread: 0x000001df43180160
[0x00007ff8b75d87d0] Heap_lock - owner thread: 0x000001df5efcdc20

Heap address: 0x0000000700000000, size: 4096 MB, Compressed Oops mode: Zero based, Oop shift amount: 3

CDS archive(s) not mapped
Compressed class space mapped at: 0x0000000800000000-0x0000000840000000, reserved size: 1073741824
Narrow klass base: 0x0000000800000000, Narrow klass shift: 0, Narrow klass range: 0x40000000

GC Precious Log:
 CardTable entry size: 512
 Card Set container configuration: InlinePtr #cards 4 size 8 Array Of Cards #cards 16 size 48 Howl #buckets 8 coarsen threshold 3686 Howl Bitmap #cards 512 size 80 coarsen threshold 460 Card regions per heap region 1 cards per card region 4096
 CPUs: 8 total, 8 available
 Memory: 8074M
 Large Page Support: Disabled
 NUMA Support: Disabled
 Compressed Oops: Enabled (Zero based)
 Heap Region Size: 2M
 Heap Min Capacity: 8M
 Heap Initial Capacity: 128M
 Heap Max Capacity: 4G
 Pre-touch: Disabled
 Parallel Workers: 8
 Concurrent Workers: 2
 Concurrent Refinement Workers: 8
 Periodic GC: Disabled

Heap:
 garbage-first heap   total 2576384K, used 516868K [0x0000000700000000, 0x0000000800000000)
  region size 2048K, 6 young (12288K), 6 survivors (12288K)
 Metaspace       used 441818K, committed 445504K, reserved 1441792K
  class space    used 53718K, committed 55552K, reserved 1048576K

Heap Regions: E=young(eden), S=young(survivor), O=old, HS=humongous(starts), HC=humongous(continues), CS=collection set, F=free, TAMS=top-at-mark-start, PB=parsable bottom
|   0|0x0000000700000000, 0x0000000700200000, 0x0000000700200000|100%|HS|  |TAMS 0x0000000700200000| PB 0x0000000700000000| Complete 
|   1|0x0000000700200000, 0x0000000700400000, 0x0000000700400000|100%|HC|  |TAMS 0x0000000700400000| PB 0x0000000700200000| Complete 
|   2|0x0000000700400000, 0x0000000700600000, 0x0000000700600000|100%| O|  |TAMS 0x0000000700600000| PB 0x0000000700400000| Untracked 
|   3|0x0000000700600000, 0x0000000700800000, 0x0000000700800000|100%| O|  |TAMS 0x0000000700800000| PB 0x0000000700600000| Untracked 
|   4|0x0000000700800000, 0x0000000700a00000, 0x0000000700a00000|100%| O|  |TAMS 0x0000000700a00000| PB 0x0000000700800000| Untracked 
|   5|0x0000000700a00000, 0x0000000700c00000, 0x0000000700c00000|100%| O|  |TAMS 0x0000000700c00000| PB 0x0000000700a00000| Untracked 
|   6|0x0000000700c00000, 0x0000000700e00000, 0x0000000700e00000|100%| O|  |TAMS 0x0000000700e00000| PB 0x0000000700c00000| Untracked 
|   7|0x0000000700e00000, 0x0000000701000000, 0x0000000701000000|100%| O|  |TAMS 0x0000000701000000| PB 0x0000000700e00000| Untracked 
|   8|0x0000000701000000, 0x0000000701200000, 0x0000000701200000|100%| O|  |TAMS 0x0000000701200000| PB 0x0000000701000000| Untracked 
|   9|0x0000000701200000, 0x0000000701400000, 0x0000000701400000|100%| O|  |TAMS 0x0000000701400000| PB 0x0000000701200000| Untracked 
|  10|0x0000000701400000, 0x0000000701600000, 0x0000000701600000|100%| O|  |TAMS 0x0000000701600000| PB 0x0000000701400000| Untracked 
|  11|0x0000000701600000, 0x0000000701800000, 0x0000000701800000|100%| O|  |TAMS 0x0000000701800000| PB 0x0000000701600000| Untracked 
|  12|0x0000000701800000, 0x0000000701a00000, 0x0000000701a00000|100%| O|  |TAMS 0x0000000701a00000| PB 0x0000000701800000| Untracked 
|  13|0x0000000701a00000, 0x0000000701c00000, 0x0000000701c00000|100%| O|  |TAMS 0x0000000701c00000| PB 0x0000000701a00000| Untracked 
|  14|0x0000000701c00000, 0x0000000701e00000, 0x0000000701e00000|100%| O|  |TAMS 0x0000000701e00000| PB 0x0000000701c00000| Untracked 
|  15|0x0000000701e00000, 0x0000000702000000, 0x0000000702000000|100%| O|  |TAMS 0x0000000702000000| PB 0x0000000701e00000| Untracked 
|  16|0x0000000702000000, 0x0000000702200000, 0x0000000702200000|100%| O|  |TAMS 0x0000000702200000| PB 0x0000000702000000| Untracked 
|  17|0x0000000702200000, 0x0000000702400000, 0x0000000702400000|100%| O|  |TAMS 0x0000000702400000| PB 0x0000000702200000| Untracked 
|  18|0x0000000702400000, 0x0000000702600000, 0x0000000702600000|100%| O|  |TAMS 0x0000000702600000| PB 0x0000000702400000| Untracked 
|  19|0x0000000702600000, 0x0000000702800000, 0x0000000702800000|100%| O|  |TAMS 0x0000000702800000| PB 0x0000000702600000| Untracked 
|  20|0x0000000702800000, 0x0000000702a00000, 0x0000000702a00000|100%| O|  |TAMS 0x0000000702a00000| PB 0x0000000702800000| Untracked 
|  21|0x0000000702a00000, 0x0000000702c00000, 0x0000000702c00000|100%| O|  |TAMS 0x0000000702c00000| PB 0x0000000702a00000| Untracked 
|  22|0x0000000702c00000, 0x0000000702e00000, 0x0000000702e00000|100%| O|  |TAMS 0x0000000702e00000| PB 0x0000000702c00000| Untracked 
|  23|0x0000000702e00000, 0x0000000703000000, 0x0000000703000000|100%| O|  |TAMS 0x0000000703000000| PB 0x0000000702e00000| Untracked 
|  24|0x0000000703000000, 0x0000000703200000, 0x0000000703200000|100%|HS|  |TAMS 0x0000000703200000| PB 0x0000000703000000| Complete 
|  25|0x0000000703200000, 0x0000000703400000, 0x0000000703400000|100%|HS|  |TAMS 0x0000000703400000| PB 0x0000000703200000| Complete 
|  26|0x0000000703400000, 0x0000000703600000, 0x0000000703600000|100%| O|  |TAMS 0x0000000703600000| PB 0x0000000703400000| Untracked 
|  27|0x0000000703600000, 0x0000000703800000, 0x0000000703800000|100%| O|  |TAMS 0x0000000703800000| PB 0x0000000703600000| Untracked 
|  28|0x0000000703800000, 0x0000000703a00000, 0x0000000703a00000|100%| O|  |TAMS 0x0000000703a00000| PB 0x0000000703800000| Untracked 
|  29|0x0000000703a00000, 0x0000000703c00000, 0x0000000703c00000|100%| O|  |TAMS 0x0000000703c00000| PB 0x0000000703a00000| Untracked 
|  30|0x0000000703c00000, 0x0000000703e00000, 0x0000000703e00000|100%| O|  |TAMS 0x0000000703e00000| PB 0x0000000703c00000| Untracked 
|  31|0x0000000703e00000, 0x0000000704000000, 0x0000000704000000|100%| O|  |TAMS 0x0000000704000000| PB 0x0000000703e00000| Untracked 
|  32|0x0000000704000000, 0x0000000704200000, 0x0000000704200000|100%| O|  |TAMS 0x0000000704200000| PB 0x0000000704000000| Untracked 
|  33|0x0000000704200000, 0x0000000704400000, 0x0000000704400000|100%| O|  |TAMS 0x0000000704400000| PB 0x0000000704200000| Untracked 
|  34|0x0000000704400000, 0x0000000704600000, 0x0000000704600000|100%| O|  |TAMS 0x0000000704600000| PB 0x0000000704400000| Untracked 
|  35|0x0000000704600000, 0x0000000704800000, 0x0000000704800000|100%| O|  |TAMS 0x0000000704800000| PB 0x0000000704600000| Untracked 
|  36|0x0000000704800000, 0x0000000704a00000, 0x0000000704a00000|100%| O|  |TAMS 0x0000000704a00000| PB 0x0000000704800000| Untracked 
|  37|0x0000000704a00000, 0x0000000704c00000, 0x0000000704c00000|100%|HS|  |TAMS 0x0000000704c00000| PB 0x0000000704a00000| Complete 
|  38|0x0000000704c00000, 0x0000000704e00000, 0x0000000704e00000|100%| O|  |TAMS 0x0000000704e00000| PB 0x0000000704c00000| Untracked 
|  39|0x0000000704e00000, 0x0000000705000000, 0x0000000705000000|100%| O|  |TAMS 0x0000000705000000| PB 0x0000000704e00000| Untracked 
|  40|0x0000000705000000, 0x0000000705200000, 0x0000000705200000|100%| O|  |TAMS 0x0000000705200000| PB 0x0000000705000000| Untracked 
|  41|0x0000000705200000, 0x0000000705400000, 0x0000000705400000|100%| O|  |TAMS 0x0000000705400000| PB 0x0000000705200000| Untracked 
|  42|0x0000000705400000, 0x0000000705600000, 0x0000000705600000|100%| O|  |TAMS 0x0000000705600000| PB 0x0000000705400000| Untracked 
|  43|0x0000000705600000, 0x0000000705800000, 0x0000000705800000|100%| O|  |TAMS 0x0000000705800000| PB 0x0000000705600000| Untracked 
|  44|0x0000000705800000, 0x0000000705a00000, 0x0000000705a00000|100%| O|  |TAMS 0x0000000705a00000| PB 0x0000000705800000| Untracked 
|  45|0x0000000705a00000, 0x0000000705c00000, 0x0000000705c00000|100%| O|  |TAMS 0x0000000705c00000| PB 0x0000000705a00000| Untracked 
|  46|0x0000000705c00000, 0x0000000705e00000, 0x0000000705e00000|100%| O|  |TAMS 0x0000000705e00000| PB 0x0000000705c00000| Untracked 
|  47|0x0000000705e00000, 0x0000000706000000, 0x0000000706000000|100%| O|  |TAMS 0x0000000706000000| PB 0x0000000705e00000| Untracked 
|  48|0x0000000706000000, 0x0000000706200000, 0x0000000706200000|100%| O|  |TAMS 0x0000000706200000| PB 0x0000000706000000| Untracked 
|  49|0x0000000706200000, 0x0000000706400000, 0x0000000706400000|100%| O|  |TAMS 0x0000000706400000| PB 0x0000000706200000| Untracked 
|  50|0x0000000706400000, 0x0000000706600000, 0x0000000706600000|100%| O|  |TAMS 0x0000000706600000| PB 0x0000000706400000| Untracked 
|  51|0x0000000706600000, 0x0000000706800000, 0x0000000706800000|100%| O|  |TAMS 0x0000000706800000| PB 0x0000000706600000| Untracked 
|  52|0x0000000706800000, 0x0000000706a00000, 0x0000000706a00000|100%| O|  |TAMS 0x0000000706a00000| PB 0x0000000706800000| Untracked 
|  53|0x0000000706a00000, 0x0000000706c00000, 0x0000000706c00000|100%| O|  |TAMS 0x0000000706c00000| PB 0x0000000706a00000| Untracked 
|  54|0x0000000706c00000, 0x0000000706e00000, 0x0000000706e00000|100%| O|  |TAMS 0x0000000706e00000| PB 0x0000000706c00000| Untracked 
|  55|0x0000000706e00000, 0x0000000707000000, 0x0000000707000000|100%| O|  |TAMS 0x0000000707000000| PB 0x0000000706e00000| Untracked 
|  56|0x0000000707000000, 0x0000000707200000, 0x0000000707200000|100%| O|  |TAMS 0x0000000707200000| PB 0x0000000707000000| Untracked 
|  57|0x0000000707200000, 0x0000000707400000, 0x0000000707400000|100%| O|  |TAMS 0x0000000707400000| PB 0x0000000707200000| Untracked 
|  58|0x0000000707400000, 0x0000000707600000, 0x0000000707600000|100%| O|  |TAMS 0x0000000707600000| PB 0x0000000707400000| Untracked 
|  59|0x0000000707600000, 0x0000000707800000, 0x0000000707800000|100%| O|  |TAMS 0x0000000707800000| PB 0x0000000707600000| Untracked 
|  60|0x0000000707800000, 0x0000000707a00000, 0x0000000707a00000|100%| O|  |TAMS 0x0000000707a00000| PB 0x0000000707800000| Untracked 
|  61|0x0000000707a00000, 0x0000000707c00000, 0x0000000707c00000|100%| O|  |TAMS 0x0000000707c00000| PB 0x0000000707a00000| Untracked 
|  62|0x0000000707c00000, 0x0000000707e00000, 0x0000000707e00000|100%| O|  |TAMS 0x0000000707e00000| PB 0x0000000707c00000| Untracked 
|  63|0x0000000707e00000, 0x0000000708000000, 0x0000000708000000|100%| O|  |TAMS 0x0000000708000000| PB 0x0000000707e00000| Untracked 
|  64|0x0000000708000000, 0x0000000708200000, 0x0000000708200000|100%| O|  |TAMS 0x0000000708200000| PB 0x0000000708000000| Untracked 
|  65|0x0000000708200000, 0x0000000708400000, 0x0000000708400000|100%| O|  |TAMS 0x0000000708400000| PB 0x0000000708200000| Untracked 
|  66|0x0000000708400000, 0x0000000708600000, 0x0000000708600000|100%| O|  |TAMS 0x0000000708600000| PB 0x0000000708400000| Untracked 
|  67|0x0000000708600000, 0x0000000708800000, 0x0000000708800000|100%| O|  |TAMS 0x0000000708800000| PB 0x0000000708600000| Untracked 
|  68|0x0000000708800000, 0x0000000708a00000, 0x0000000708a00000|100%| O|  |TAMS 0x0000000708a00000| PB 0x0000000708800000| Untracked 
|  69|0x0000000708a00000, 0x0000000708c00000, 0x0000000708c00000|100%| O|  |TAMS 0x0000000708c00000| PB 0x0000000708a00000| Untracked 
|  70|0x0000000708c00000, 0x0000000708e00000, 0x0000000708e00000|100%| O|  |TAMS 0x0000000708e00000| PB 0x0000000708c00000| Untracked 
|  71|0x0000000708e00000, 0x0000000709000000, 0x0000000709000000|100%| O|  |TAMS 0x0000000709000000| PB 0x0000000708e00000| Untracked 
|  72|0x0000000709000000, 0x0000000709200000, 0x0000000709200000|100%| O|  |TAMS 0x0000000709200000| PB 0x0000000709000000| Untracked 
|  73|0x0000000709200000, 0x0000000709400000, 0x0000000709400000|100%| O|  |TAMS 0x0000000709400000| PB 0x0000000709200000| Untracked 
|  74|0x0000000709400000, 0x0000000709600000, 0x0000000709600000|100%| O|  |TAMS 0x0000000709600000| PB 0x0000000709400000| Untracked 
|  75|0x0000000709600000, 0x0000000709800000, 0x0000000709800000|100%| O|  |TAMS 0x0000000709800000| PB 0x0000000709600000| Untracked 
|  76|0x0000000709800000, 0x0000000709a00000, 0x0000000709a00000|100%| O|  |TAMS 0x0000000709a00000| PB 0x0000000709800000| Untracked 
|  77|0x0000000709a00000, 0x0000000709c00000, 0x0000000709c00000|100%| O|  |TAMS 0x0000000709c00000| PB 0x0000000709a00000| Untracked 
|  78|0x0000000709c00000, 0x0000000709e00000, 0x0000000709e00000|100%| O|  |TAMS 0x0000000709e00000| PB 0x0000000709c00000| Untracked 
|  79|0x0000000709e00000, 0x000000070a000000, 0x000000070a000000|100%|HS|  |TAMS 0x000000070a000000| PB 0x0000000709e00000| Complete 
|  80|0x000000070a000000, 0x000000070a200000, 0x000000070a200000|100%|HC|  |TAMS 0x000000070a200000| PB 0x000000070a000000| Complete 
|  81|0x000000070a200000, 0x000000070a400000, 0x000000070a400000|100%|HC|  |TAMS 0x000000070a400000| PB 0x000000070a200000| Complete 
|  82|0x000000070a400000, 0x000000070a600000, 0x000000070a600000|100%| O|  |TAMS 0x000000070a600000| PB 0x000000070a400000| Untracked 
|  83|0x000000070a600000, 0x000000070a800000, 0x000000070a800000|100%| O|  |TAMS 0x000000070a800000| PB 0x000000070a600000| Untracked 
|  84|0x000000070a800000, 0x000000070aa00000, 0x000000070aa00000|100%| O|  |TAMS 0x000000070aa00000| PB 0x000000070a800000| Untracked 
|  85|0x000000070aa00000, 0x000000070ac00000, 0x000000070ac00000|100%| O|  |TAMS 0x000000070ac00000| PB 0x000000070aa00000| Untracked 
|  86|0x000000070ac00000, 0x000000070ae00000, 0x000000070ae00000|100%| O|  |TAMS 0x000000070ae00000| PB 0x000000070ac00000| Untracked 
|  87|0x000000070ae00000, 0x000000070b000000, 0x000000070b000000|100%| O|  |TAMS 0x000000070b000000| PB 0x000000070ae00000| Untracked 
|  88|0x000000070b000000, 0x000000070b200000, 0x000000070b200000|100%| O|  |TAMS 0x000000070b200000| PB 0x000000070b000000| Untracked 
|  89|0x000000070b200000, 0x000000070b400000, 0x000000070b400000|100%| O|  |TAMS 0x000000070b400000| PB 0x000000070b200000| Untracked 
|  90|0x000000070b400000, 0x000000070b600000, 0x000000070b600000|100%| O|  |TAMS 0x000000070b600000| PB 0x000000070b400000| Untracked 
|  91|0x000000070b600000, 0x000000070b800000, 0x000000070b800000|100%| O|  |TAMS 0x000000070b800000| PB 0x000000070b600000| Untracked 
|  92|0x000000070b800000, 0x000000070ba00000, 0x000000070ba00000|100%| O|  |TAMS 0x000000070ba00000| PB 0x000000070b800000| Untracked 
|  93|0x000000070ba00000, 0x000000070bc00000, 0x000000070bc00000|100%| O|  |TAMS 0x000000070bc00000| PB 0x000000070ba00000| Untracked 
|  94|0x000000070bc00000, 0x000000070be00000, 0x000000070be00000|100%| O|  |TAMS 0x000000070be00000| PB 0x000000070bc00000| Untracked 
|  95|0x000000070be00000, 0x000000070c000000, 0x000000070c000000|100%|HS|  |TAMS 0x000000070c000000| PB 0x000000070be00000| Complete 
|  96|0x000000070c000000, 0x000000070c200000, 0x000000070c200000|100%| O|  |TAMS 0x000000070c200000| PB 0x000000070c000000| Untracked 
|  97|0x000000070c200000, 0x000000070c400000, 0x000000070c400000|100%| O|  |TAMS 0x000000070c400000| PB 0x000000070c200000| Untracked 
|  98|0x000000070c400000, 0x000000070c600000, 0x000000070c600000|100%| O|  |TAMS 0x000000070c600000| PB 0x000000070c400000| Untracked 
|  99|0x000000070c600000, 0x000000070c800000, 0x000000070c800000|100%| O|  |TAMS 0x000000070c600000| PB 0x000000070c600000| Untracked 
| 100|0x000000070c800000, 0x000000070ca00000, 0x000000070ca00000|100%| O|  |TAMS 0x000000070ca00000| PB 0x000000070c800000| Untracked 
| 101|0x000000070ca00000, 0x000000070cc00000, 0x000000070cc00000|100%| O|  |TAMS 0x000000070cc00000| PB 0x000000070ca00000| Untracked 
| 102|0x000000070cc00000, 0x000000070ce00000, 0x000000070ce00000|100%|HS|  |TAMS 0x000000070ce00000| PB 0x000000070cc00000| Complete 
| 103|0x000000070ce00000, 0x000000070d000000, 0x000000070d000000|100%|HC|  |TAMS 0x000000070d000000| PB 0x000000070ce00000| Complete 
| 104|0x000000070d000000, 0x000000070d200000, 0x000000070d200000|100%|HS|  |TAMS 0x000000070d200000| PB 0x000000070d000000| Complete 
| 105|0x000000070d200000, 0x000000070d400000, 0x000000070d400000|100%|HC|  |TAMS 0x000000070d400000| PB 0x000000070d200000| Complete 
| 106|0x000000070d400000, 0x000000070d600000, 0x000000070d600000|100%| O|  |TAMS 0x000000070d600000| PB 0x000000070d400000| Untracked 
| 107|0x000000070d600000, 0x000000070d800000, 0x000000070d800000|100%| O|  |TAMS 0x000000070d800000| PB 0x000000070d600000| Untracked 
| 108|0x000000070d800000, 0x000000070da00000, 0x000000070da00000|100%| O|  |TAMS 0x000000070da00000| PB 0x000000070d800000| Untracked 
| 109|0x000000070da00000, 0x000000070dc00000, 0x000000070dc00000|100%| O|  |TAMS 0x000000070dc00000| PB 0x000000070da00000| Untracked 
| 110|0x000000070dc00000, 0x000000070de00000, 0x000000070de00000|100%| O|  |TAMS 0x000000070de00000| PB 0x000000070dc00000| Untracked 
| 111|0x000000070de00000, 0x000000070e000000, 0x000000070e000000|100%| O|  |TAMS 0x000000070e000000| PB 0x000000070de00000| Untracked 
| 112|0x000000070e000000, 0x000000070e200000, 0x000000070e200000|100%| O|  |TAMS 0x000000070e200000| PB 0x000000070e000000| Untracked 
| 113|0x000000070e200000, 0x000000070e400000, 0x000000070e400000|100%| O|  |TAMS 0x000000070e400000| PB 0x000000070e200000| Untracked 
| 114|0x000000070e400000, 0x000000070e600000, 0x000000070e600000|100%| O|  |TAMS 0x000000070e600000| PB 0x000000070e400000| Untracked 
| 115|0x000000070e600000, 0x000000070e800000, 0x000000070e800000|100%| O|  |TAMS 0x000000070e800000| PB 0x000000070e600000| Untracked 
| 116|0x000000070e800000, 0x000000070ea00000, 0x000000070ea00000|100%| O|  |TAMS 0x000000070ea00000| PB 0x000000070e800000| Untracked 
| 117|0x000000070ea00000, 0x000000070ec00000, 0x000000070ec00000|100%| O|  |TAMS 0x000000070ec00000| PB 0x000000070ea00000| Untracked 
| 118|0x000000070ec00000, 0x000000070ee00000, 0x000000070ee00000|100%| O|  |TAMS 0x000000070ee00000| PB 0x000000070ec00000| Untracked 
| 119|0x000000070ee00000, 0x000000070f000000, 0x000000070f000000|100%| O|  |TAMS 0x000000070f000000| PB 0x000000070ee00000| Untracked 
| 120|0x000000070f000000, 0x000000070f200000, 0x000000070f200000|100%| O|  |TAMS 0x000000070f200000| PB 0x000000070f000000| Untracked 
| 121|0x000000070f200000, 0x000000070f400000, 0x000000070f400000|100%| O|  |TAMS 0x000000070f400000| PB 0x000000070f200000| Untracked 
| 122|0x000000070f400000, 0x000000070f600000, 0x000000070f600000|100%| O|  |TAMS 0x000000070f600000| PB 0x000000070f400000| Untracked 
| 123|0x000000070f600000, 0x000000070f800000, 0x000000070f800000|100%| O|  |TAMS 0x000000070f800000| PB 0x000000070f600000| Untracked 
| 124|0x000000070f800000, 0x000000070fa00000, 0x000000070fa00000|100%| O|  |TAMS 0x000000070fa00000| PB 0x000000070f800000| Untracked 
| 125|0x000000070fa00000, 0x000000070fc00000, 0x000000070fc00000|100%| O|  |TAMS 0x000000070fc00000| PB 0x000000070fa00000| Untracked 
| 126|0x000000070fc00000, 0x000000070fe00000, 0x000000070fe00000|100%| O|  |TAMS 0x000000070fe00000| PB 0x000000070fc00000| Untracked 
| 127|0x000000070fe00000, 0x0000000710000000, 0x0000000710000000|100%| O|  |TAMS 0x0000000710000000| PB 0x000000070fe00000| Untracked 
| 128|0x0000000710000000, 0x0000000710200000, 0x0000000710200000|100%| O|  |TAMS 0x0000000710200000| PB 0x0000000710000000| Untracked 
| 129|0x0000000710200000, 0x0000000710400000, 0x0000000710400000|100%| O|  |TAMS 0x0000000710400000| PB 0x0000000710200000| Untracked 
| 130|0x0000000710400000, 0x0000000710600000, 0x0000000710600000|100%| O|  |TAMS 0x0000000710600000| PB 0x0000000710400000| Untracked 
| 131|0x0000000710600000, 0x0000000710800000, 0x0000000710800000|100%| O|  |TAMS 0x0000000710800000| PB 0x0000000710600000| Untracked 
| 132|0x0000000710800000, 0x0000000710a00000, 0x0000000710a00000|100%| O|  |TAMS 0x0000000710a00000| PB 0x0000000710800000| Untracked 
| 133|0x0000000710a00000, 0x0000000710c00000, 0x0000000710c00000|100%| O|  |TAMS 0x0000000710c00000| PB 0x0000000710a00000| Untracked 
| 134|0x0000000710c00000, 0x0000000710e00000, 0x0000000710e00000|100%| O|  |TAMS 0x0000000710e00000| PB 0x0000000710c00000| Untracked 
| 135|0x0000000710e00000, 0x0000000711000000, 0x0000000711000000|100%| O|  |TAMS 0x0000000711000000| PB 0x0000000710e00000| Untracked 
| 136|0x0000000711000000, 0x0000000711200000, 0x0000000711200000|100%| O|  |TAMS 0x0000000711200000| PB 0x0000000711000000| Untracked 
| 137|0x0000000711200000, 0x0000000711400000, 0x0000000711400000|100%| O|  |TAMS 0x0000000711400000| PB 0x0000000711200000| Untracked 
| 138|0x0000000711400000, 0x0000000711600000, 0x0000000711600000|100%| O|  |TAMS 0x0000000711600000| PB 0x0000000711400000| Untracked 
| 139|0x0000000711600000, 0x0000000711800000, 0x0000000711800000|100%|HS|  |TAMS 0x0000000711800000| PB 0x0000000711600000| Complete 
| 140|0x0000000711800000, 0x0000000711a00000, 0x0000000711a00000|100%|HS|  |TAMS 0x0000000711a00000| PB 0x0000000711800000| Complete 
| 141|0x0000000711a00000, 0x0000000711c00000, 0x0000000711c00000|100%| O|  |TAMS 0x0000000711c00000| PB 0x0000000711a00000| Untracked 
| 142|0x0000000711c00000, 0x0000000711e00000, 0x0000000711e00000|100%| O|  |TAMS 0x0000000711e00000| PB 0x0000000711c00000| Untracked 
| 143|0x0000000711e00000, 0x0000000712000000, 0x0000000712000000|100%|HS|  |TAMS 0x0000000712000000| PB 0x0000000711e00000| Complete 
| 144|0x0000000712000000, 0x0000000712200000, 0x0000000712200000|100%| O|  |TAMS 0x0000000712000000| PB 0x0000000712000000| Untracked 
| 145|0x0000000712200000, 0x0000000712400000, 0x0000000712400000|100%| O|  |TAMS 0x0000000712400000| PB 0x0000000712200000| Untracked 
| 146|0x0000000712400000, 0x0000000712600000, 0x0000000712600000|100%| O|  |TAMS 0x0000000712600000| PB 0x0000000712400000| Untracked 
| 147|0x0000000712600000, 0x0000000712800000, 0x0000000712800000|100%| O|  |TAMS 0x0000000712800000| PB 0x0000000712600000| Untracked 
| 148|0x0000000712800000, 0x0000000712a00000, 0x0000000712a00000|100%| O|  |TAMS 0x0000000712800000| PB 0x0000000712800000| Untracked 
| 149|0x0000000712a00000, 0x0000000712c00000, 0x0000000712c00000|100%| O|  |TAMS 0x0000000712c00000| PB 0x0000000712a00000| Untracked 
| 150|0x0000000712c00000, 0x0000000712e00000, 0x0000000712e00000|100%| O|  |TAMS 0x0000000712e00000| PB 0x0000000712c00000| Untracked 
| 151|0x0000000712e00000, 0x0000000713000000, 0x0000000713000000|100%| O|  |TAMS 0x0000000713000000| PB 0x0000000712e00000| Untracked 
| 152|0x0000000713000000, 0x0000000713200000, 0x0000000713200000|100%| O|  |TAMS 0x0000000713200000| PB 0x0000000713000000| Untracked 
| 153|0x0000000713200000, 0x0000000713400000, 0x0000000713400000|100%| O|  |TAMS 0x0000000713400000| PB 0x0000000713200000| Untracked 
| 154|0x0000000713400000, 0x0000000713600000, 0x0000000713600000|100%| O|  |TAMS 0x0000000713600000| PB 0x0000000713400000| Untracked 
| 155|0x0000000713600000, 0x0000000713800000, 0x0000000713800000|100%| O|  |TAMS 0x0000000713800000| PB 0x0000000713600000| Untracked 
| 156|0x0000000713800000, 0x0000000713a00000, 0x0000000713a00000|100%| O|  |TAMS 0x0000000713a00000| PB 0x0000000713800000| Untracked 
| 157|0x0000000713a00000, 0x0000000713c00000, 0x0000000713c00000|100%| O|  |TAMS 0x0000000713c00000| PB 0x0000000713a00000| Untracked 
| 158|0x0000000713c00000, 0x0000000713e00000, 0x0000000713e00000|100%| O|  |TAMS 0x0000000713e00000| PB 0x0000000713c00000| Untracked 
| 159|0x0000000713e00000, 0x0000000714000000, 0x0000000714000000|100%| O|  |TAMS 0x0000000714000000| PB 0x0000000713e00000| Untracked 
| 160|0x0000000714000000, 0x0000000714200000, 0x0000000714200000|100%| O|  |TAMS 0x0000000714200000| PB 0x0000000714000000| Untracked 
| 161|0x0000000714200000, 0x0000000714400000, 0x0000000714400000|100%| O|  |TAMS 0x0000000714400000| PB 0x0000000714200000| Untracked 
| 162|0x0000000714400000, 0x0000000714600000, 0x0000000714600000|100%| O|  |TAMS 0x0000000714600000| PB 0x0000000714400000| Untracked 
| 163|0x0000000714600000, 0x0000000714800000, 0x0000000714800000|100%| O|  |TAMS 0x0000000714800000| PB 0x0000000714600000| Untracked 
| 164|0x0000000714800000, 0x0000000714a00000, 0x0000000714a00000|100%| O|  |TAMS 0x0000000714a00000| PB 0x0000000714800000| Untracked 
| 165|0x0000000714a00000, 0x0000000714c00000, 0x0000000714c00000|100%| O|  |TAMS 0x0000000714c00000| PB 0x0000000714a00000| Untracked 
| 166|0x0000000714c00000, 0x0000000714e00000, 0x0000000714e00000|100%| O|  |TAMS 0x0000000714e00000| PB 0x0000000714c00000| Untracked 
| 167|0x0000000714e00000, 0x0000000715000000, 0x0000000715000000|100%| O|  |TAMS 0x0000000715000000| PB 0x0000000714e00000| Untracked 
| 168|0x0000000715000000, 0x0000000715200000, 0x0000000715200000|100%| O|  |TAMS 0x0000000715000000| PB 0x0000000715000000| Untracked 
| 169|0x0000000715200000, 0x0000000715400000, 0x0000000715400000|100%| O|  |TAMS 0x0000000715400000| PB 0x0000000715200000| Untracked 
| 170|0x0000000715400000, 0x0000000715600000, 0x0000000715600000|100%| O|  |TAMS 0x0000000715600000| PB 0x0000000715400000| Untracked 
| 171|0x0000000715600000, 0x0000000715800000, 0x0000000715800000|100%| O|  |TAMS 0x0000000715800000| PB 0x0000000715600000| Untracked 
| 172|0x0000000715800000, 0x0000000715a00000, 0x0000000715a00000|100%| O|  |TAMS 0x0000000715a00000| PB 0x0000000715800000| Untracked 
| 173|0x0000000715a00000, 0x0000000715c00000, 0x0000000715c00000|100%| O|  |TAMS 0x0000000715c00000| PB 0x0000000715a00000| Untracked 
| 174|0x0000000715c00000, 0x0000000715e00000, 0x0000000715e00000|100%| O|  |TAMS 0x0000000715e00000| PB 0x0000000715c00000| Untracked 
| 175|0x0000000715e00000, 0x0000000716000000, 0x0000000716000000|100%| O|  |TAMS 0x0000000716000000| PB 0x0000000715e00000| Untracked 
| 176|0x0000000716000000, 0x0000000716200000, 0x0000000716200000|100%| O|  |TAMS 0x0000000716200000| PB 0x0000000716000000| Untracked 
| 177|0x0000000716200000, 0x0000000716400000, 0x0000000716400000|100%| O|  |TAMS 0x0000000716400000| PB 0x0000000716200000| Untracked 
| 178|0x0000000716400000, 0x0000000716600000, 0x0000000716600000|100%| O|  |TAMS 0x0000000716600000| PB 0x0000000716400000| Untracked 
| 179|0x0000000716600000, 0x0000000716800000, 0x0000000716800000|100%| O|  |TAMS 0x0000000716800000| PB 0x0000000716600000| Untracked 
| 180|0x0000000716800000, 0x0000000716a00000, 0x0000000716a00000|100%| O|  |TAMS 0x0000000716a00000| PB 0x0000000716800000| Untracked 
| 181|0x0000000716a00000, 0x0000000716c00000, 0x0000000716c00000|100%| O|  |TAMS 0x0000000716c00000| PB 0x0000000716a00000| Untracked 
| 182|0x0000000716c00000, 0x0000000716e00000, 0x0000000716e00000|100%| O|  |TAMS 0x0000000716e00000| PB 0x0000000716c00000| Untracked 
| 183|0x0000000716e00000, 0x0000000717000000, 0x0000000717000000|100%| O|  |TAMS 0x0000000717000000| PB 0x0000000716e00000| Untracked 
| 184|0x0000000717000000, 0x0000000717200000, 0x0000000717200000|100%| O|  |TAMS 0x0000000717200000| PB 0x0000000717000000| Untracked 
| 185|0x0000000717200000, 0x0000000717400000, 0x0000000717400000|100%| O|  |TAMS 0x0000000717400000| PB 0x0000000717200000| Untracked 
| 186|0x0000000717400000, 0x0000000717600000, 0x0000000717600000|100%| O|  |TAMS 0x0000000717600000| PB 0x0000000717400000| Untracked 
| 187|0x0000000717600000, 0x0000000717800000, 0x0000000717800000|100%| O|  |TAMS 0x0000000717800000| PB 0x0000000717600000| Untracked 
| 188|0x0000000717800000, 0x0000000717a00000, 0x0000000717a00000|100%| O|  |TAMS 0x0000000717a00000| PB 0x0000000717800000| Untracked 
| 189|0x0000000717a00000, 0x0000000717c00000, 0x0000000717c00000|100%| O|  |TAMS 0x0000000717c00000| PB 0x0000000717a00000| Untracked 
| 190|0x0000000717c00000, 0x0000000717e00000, 0x0000000717e00000|100%| O|  |TAMS 0x0000000717e00000| PB 0x0000000717c00000| Untracked 
| 191|0x0000000717e00000, 0x0000000718000000, 0x0000000718000000|100%| O|  |TAMS 0x0000000718000000| PB 0x0000000717e00000| Untracked 
| 192|0x0000000718000000, 0x0000000718200000, 0x0000000718200000|100%| O|  |TAMS 0x0000000718200000| PB 0x0000000718000000| Untracked 
| 193|0x0000000718200000, 0x0000000718400000, 0x0000000718400000|100%| O|  |TAMS 0x0000000718400000| PB 0x0000000718200000| Untracked 
| 194|0x0000000718400000, 0x0000000718600000, 0x0000000718600000|100%| O|  |TAMS 0x0000000718600000| PB 0x0000000718400000| Untracked 
| 195|0x0000000718600000, 0x0000000718800000, 0x0000000718800000|100%| O|  |TAMS 0x0000000718800000| PB 0x0000000718600000| Untracked 
| 196|0x0000000718800000, 0x0000000718a00000, 0x0000000718a00000|100%| O|  |TAMS 0x0000000718a00000| PB 0x0000000718800000| Untracked 
| 197|0x0000000718a00000, 0x0000000718c00000, 0x0000000718c00000|100%| O|  |TAMS 0x0000000718c00000| PB 0x0000000718a00000| Untracked 
| 198|0x0000000718c00000, 0x0000000718e00000, 0x0000000718e00000|100%| O|  |TAMS 0x0000000718e00000| PB 0x0000000718c00000| Untracked 
| 199|0x0000000718e00000, 0x0000000719000000, 0x0000000719000000|100%| O|  |TAMS 0x0000000719000000| PB 0x0000000718e00000| Untracked 
| 200|0x0000000719000000, 0x0000000719200000, 0x0000000719200000|100%| O|  |TAMS 0x0000000719200000| PB 0x0000000719000000| Untracked 
| 201|0x0000000719200000, 0x0000000719400000, 0x0000000719400000|100%| O|  |TAMS 0x0000000719400000| PB 0x0000000719200000| Untracked 
| 202|0x0000000719400000, 0x0000000719600000, 0x0000000719600000|100%| O|  |TAMS 0x0000000719600000| PB 0x0000000719400000| Untracked 
| 203|0x0000000719600000, 0x0000000719800000, 0x0000000719800000|100%| O|  |TAMS 0x0000000719800000| PB 0x0000000719600000| Untracked 
| 204|0x0000000719800000, 0x0000000719a00000, 0x0000000719a00000|100%| O|  |TAMS 0x0000000719a00000| PB 0x0000000719800000| Untracked 
| 205|0x0000000719a00000, 0x0000000719c00000, 0x0000000719c00000|100%| O|  |TAMS 0x0000000719c00000| PB 0x0000000719a00000| Untracked 
| 206|0x0000000719c00000, 0x0000000719e00000, 0x0000000719e00000|100%| O|  |TAMS 0x0000000719e00000| PB 0x0000000719c00000| Untracked 
| 207|0x0000000719e00000, 0x000000071a000000, 0x000000071a000000|100%| O|  |TAMS 0x000000071a000000| PB 0x0000000719e00000| Untracked 
| 208|0x000000071a000000, 0x000000071a200000, 0x000000071a200000|100%| O|  |TAMS 0x000000071a200000| PB 0x000000071a000000| Untracked 
| 209|0x000000071a200000, 0x000000071a400000, 0x000000071a400000|100%| O|  |TAMS 0x000000071a400000| PB 0x000000071a200000| Untracked 
| 210|0x000000071a400000, 0x000000071a600000, 0x000000071a600000|100%| O|  |TAMS 0x000000071a600000| PB 0x000000071a400000| Untracked 
| 211|0x000000071a600000, 0x000000071a800000, 0x000000071a800000|100%| O|  |TAMS 0x000000071a800000| PB 0x000000071a600000| Untracked 
| 212|0x000000071a800000, 0x000000071aa00000, 0x000000071aa00000|100%| O|  |TAMS 0x000000071aa00000| PB 0x000000071a800000| Untracked 
| 213|0x000000071aa00000, 0x000000071ac00000, 0x000000071ac00000|100%| O|  |TAMS 0x000000071ac00000| PB 0x000000071aa00000| Untracked 
| 214|0x000000071ac00000, 0x000000071ae00000, 0x000000071ae00000|100%| O|  |TAMS 0x000000071ae00000| PB 0x000000071ac00000| Untracked 
| 215|0x000000071ae00000, 0x000000071b000000, 0x000000071b000000|100%| O|  |TAMS 0x000000071b000000| PB 0x000000071ae00000| Untracked 
| 216|0x000000071b000000, 0x000000071b200000, 0x000000071b200000|100%| O|  |TAMS 0x000000071b200000| PB 0x000000071b000000| Untracked 
| 217|0x000000071b200000, 0x000000071b400000, 0x000000071b400000|100%| O|  |TAMS 0x000000071b400000| PB 0x000000071b200000| Untracked 
| 218|0x000000071b400000, 0x000000071b600000, 0x000000071b600000|100%| O|  |TAMS 0x000000071b400000| PB 0x000000071b400000| Untracked 
| 219|0x000000071b600000, 0x000000071b800000, 0x000000071b800000|100%| O|  |TAMS 0x000000071b600000| PB 0x000000071b600000| Untracked 
| 220|0x000000071b800000, 0x000000071ba00000, 0x000000071ba00000|100%| O|  |TAMS 0x000000071b800000| PB 0x000000071b800000| Untracked 
| 221|0x000000071ba00000, 0x000000071bc00000, 0x000000071bc00000|100%| O|  |TAMS 0x000000071ba00000| PB 0x000000071ba00000| Untracked 
| 222|0x000000071bc00000, 0x000000071be00000, 0x000000071be00000|100%| O|  |TAMS 0x000000071bc00000| PB 0x000000071bc00000| Untracked 
| 223|0x000000071be00000, 0x000000071c000000, 0x000000071c000000|100%| O|  |TAMS 0x000000071c000000| PB 0x000000071be00000| Untracked 
| 224|0x000000071c000000, 0x000000071c000000, 0x000000071c200000|  0%| F|  |TAMS 0x000000071c000000| PB 0x000000071c000000| Untracked 
| 225|0x000000071c200000, 0x000000071c200000, 0x000000071c400000|  0%| F|  |TAMS 0x000000071c200000| PB 0x000000071c200000| Untracked 
| 226|0x000000071c400000, 0x000000071c400000, 0x000000071c600000|  0%| F|  |TAMS 0x000000071c400000| PB 0x000000071c400000| Untracked 
| 227|0x000000071c600000, 0x000000071c600000, 0x000000071c800000|  0%| F|  |TAMS 0x000000071c600000| PB 0x000000071c600000| Untracked 
| 228|0x000000071c800000, 0x000000071c800000, 0x000000071ca00000|  0%| F|  |TAMS 0x000000071c800000| PB 0x000000071c800000| Untracked 
| 229|0x000000071ca00000, 0x000000071ca00000, 0x000000071cc00000|  0%| F|  |TAMS 0x000000071ca00000| PB 0x000000071ca00000| Untracked 
| 230|0x000000071cc00000, 0x000000071cc00000, 0x000000071ce00000|  0%| F|  |TAMS 0x000000071cc00000| PB 0x000000071cc00000| Untracked 
| 231|0x000000071ce00000, 0x000000071ce00000, 0x000000071d000000|  0%| F|  |TAMS 0x000000071ce00000| PB 0x000000071ce00000| Untracked 
| 232|0x000000071d000000, 0x000000071d000000, 0x000000071d200000|  0%| F|  |TAMS 0x000000071d000000| PB 0x000000071d000000| Untracked 
| 233|0x000000071d200000, 0x000000071d200000, 0x000000071d400000|  0%| F|  |TAMS 0x000000071d200000| PB 0x000000071d200000| Untracked 
| 234|0x000000071d400000, 0x000000071d400000, 0x000000071d600000|  0%| F|  |TAMS 0x000000071d400000| PB 0x000000071d400000| Untracked 
| 235|0x000000071d600000, 0x000000071d600000, 0x000000071d800000|  0%| F|  |TAMS 0x000000071d600000| PB 0x000000071d600000| Untracked 
| 236|0x000000071d800000, 0x000000071d800000, 0x000000071da00000|  0%| F|  |TAMS 0x000000071d800000| PB 0x000000071d800000| Untracked 
| 237|0x000000071da00000, 0x000000071da00000, 0x000000071dc00000|  0%| F|  |TAMS 0x000000071da00000| PB 0x000000071da00000| Untracked 
| 238|0x000000071dc00000, 0x000000071dc00000, 0x000000071de00000|  0%| F|  |TAMS 0x000000071dc00000| PB 0x000000071dc00000| Untracked 
| 239|0x000000071de00000, 0x000000071de00000, 0x000000071e000000|  0%| F|  |TAMS 0x000000071de00000| PB 0x000000071de00000| Untracked 
| 240|0x000000071e000000, 0x000000071e200000, 0x000000071e200000|100%|HS|  |TAMS 0x000000071e200000| PB 0x000000071e000000| Complete 
| 241|0x000000071e200000, 0x000000071e400000, 0x000000071e400000|100%| O|  |TAMS 0x000000071e400000| PB 0x000000071e200000| Untracked 
| 242|0x000000071e400000, 0x000000071e600000, 0x000000071e600000|100%| O|  |TAMS 0x000000071e600000| PB 0x000000071e400000| Untracked 
| 243|0x000000071e600000, 0x000000071e800000, 0x000000071e800000|100%| O|  |TAMS 0x000000071e800000| PB 0x000000071e600000| Untracked 
| 244|0x000000071e800000, 0x000000071ea00000, 0x000000071ea00000|100%| O|  |TAMS 0x000000071ea00000| PB 0x000000071e800000| Untracked 
| 245|0x000000071ea00000, 0x000000071ec00000, 0x000000071ec00000|100%| O|  |TAMS 0x000000071ec00000| PB 0x000000071ea00000| Untracked 
| 246|0x000000071ec00000, 0x000000071ee00000, 0x000000071ee00000|100%| O|  |TAMS 0x000000071ee00000| PB 0x000000071ec00000| Untracked 
| 247|0x000000071ee00000, 0x000000071f000000, 0x000000071f000000|100%| O|  |TAMS 0x000000071f000000| PB 0x000000071ee00000| Untracked 
| 248|0x000000071f000000, 0x000000071f200000, 0x000000071f200000|100%| O|  |TAMS 0x000000071f200000| PB 0x000000071f000000| Untracked 
| 249|0x000000071f200000, 0x000000071f200000, 0x000000071f400000|  0%| F|  |TAMS 0x000000071f200000| PB 0x000000071f200000| Untracked 
| 250|0x000000071f400000, 0x000000071f400000, 0x000000071f600000|  0%| F|  |TAMS 0x000000071f400000| PB 0x000000071f400000| Untracked 
| 251|0x000000071f600000, 0x000000071f600000, 0x000000071f800000|  0%| F|  |TAMS 0x000000071f600000| PB 0x000000071f600000| Untracked 
| 252|0x000000071f800000, 0x000000071f800000, 0x000000071fa00000|  0%| F|  |TAMS 0x000000071f800000| PB 0x000000071f800000| Untracked 
| 253|0x000000071fa00000, 0x000000071fa00000, 0x000000071fc00000|  0%| F|  |TAMS 0x000000071fa00000| PB 0x000000071fa00000| Untracked 
| 254|0x000000071fc00000, 0x000000071fc00000, 0x000000071fe00000|  0%| F|  |TAMS 0x000000071fc00000| PB 0x000000071fc00000| Untracked 
| 255|0x000000071fe00000, 0x000000071fe00000, 0x0000000720000000|  0%| F|  |TAMS 0x000000071fe00000| PB 0x000000071fe00000| Untracked 
| 256|0x0000000720000000, 0x0000000720000000, 0x0000000720200000|  0%| F|  |TAMS 0x0000000720000000| PB 0x0000000720000000| Untracked 
| 257|0x0000000720200000, 0x0000000720200000, 0x0000000720400000|  0%| F|  |TAMS 0x0000000720200000| PB 0x0000000720200000| Untracked 
| 258|0x0000000720400000, 0x0000000720400000, 0x0000000720600000|  0%| F|  |TAMS 0x0000000720400000| PB 0x0000000720400000| Untracked 
| 259|0x0000000720600000, 0x0000000720600000, 0x0000000720800000|  0%| F|  |TAMS 0x0000000720600000| PB 0x0000000720600000| Untracked 
| 260|0x0000000720800000, 0x0000000720800000, 0x0000000720a00000|  0%| F|  |TAMS 0x0000000720800000| PB 0x0000000720800000| Untracked 
| 261|0x0000000720a00000, 0x0000000720a00000, 0x0000000720c00000|  0%| F|  |TAMS 0x0000000720a00000| PB 0x0000000720a00000| Untracked 
| 262|0x0000000720c00000, 0x0000000720c00000, 0x0000000720e00000|  0%| F|  |TAMS 0x0000000720c00000| PB 0x0000000720c00000| Untracked 
| 263|0x0000000720e00000, 0x0000000720e00000, 0x0000000721000000|  0%| F|  |TAMS 0x0000000720e00000| PB 0x0000000720e00000| Untracked 
| 264|0x0000000721000000, 0x0000000721000000, 0x0000000721200000|  0%| F|  |TAMS 0x0000000721000000| PB 0x0000000721000000| Untracked 
| 265|0x0000000721200000, 0x0000000721200000, 0x0000000721400000|  0%| F|  |TAMS 0x0000000721200000| PB 0x0000000721200000| Untracked 
| 266|0x0000000721400000, 0x0000000721400000, 0x0000000721600000|  0%| F|  |TAMS 0x0000000721400000| PB 0x0000000721400000| Untracked 
| 267|0x0000000721600000, 0x0000000721600000, 0x0000000721800000|  0%| F|  |TAMS 0x0000000721600000| PB 0x0000000721600000| Untracked 
| 268|0x0000000721800000, 0x0000000721800000, 0x0000000721a00000|  0%| F|  |TAMS 0x0000000721800000| PB 0x0000000721800000| Untracked 
| 269|0x0000000721a00000, 0x0000000721a00000, 0x0000000721c00000|  0%| F|  |TAMS 0x0000000721a00000| PB 0x0000000721a00000| Untracked 
| 270|0x0000000721c00000, 0x0000000721c00000, 0x0000000721e00000|  0%| F|  |TAMS 0x0000000721c00000| PB 0x0000000721c00000| Untracked 
| 271|0x0000000721e00000, 0x0000000721e00000, 0x0000000722000000|  0%| F|  |TAMS 0x0000000721e00000| PB 0x0000000721e00000| Untracked 
| 272|0x0000000722000000, 0x0000000722000000, 0x0000000722200000|  0%| F|  |TAMS 0x0000000722000000| PB 0x0000000722000000| Untracked 
| 273|0x0000000722200000, 0x0000000722200000, 0x0000000722400000|  0%| F|  |TAMS 0x0000000722200000| PB 0x0000000722200000| Untracked 
| 274|0x0000000722400000, 0x0000000722400000, 0x0000000722600000|  0%| F|  |TAMS 0x0000000722400000| PB 0x0000000722400000| Untracked 
| 275|0x0000000722600000, 0x0000000722600000, 0x0000000722800000|  0%| F|  |TAMS 0x0000000722600000| PB 0x0000000722600000| Untracked 
| 276|0x0000000722800000, 0x0000000722800000, 0x0000000722a00000|  0%| F|  |TAMS 0x0000000722800000| PB 0x0000000722800000| Untracked 
| 277|0x0000000722a00000, 0x0000000722a00000, 0x0000000722c00000|  0%| F|  |TAMS 0x0000000722a00000| PB 0x0000000722a00000| Untracked 
| 278|0x0000000722c00000, 0x0000000722c00000, 0x0000000722e00000|  0%| F|  |TAMS 0x0000000722c00000| PB 0x0000000722c00000| Untracked 
| 279|0x0000000722e00000, 0x0000000722e00000, 0x0000000723000000|  0%| F|  |TAMS 0x0000000722e00000| PB 0x0000000722e00000| Untracked 
| 280|0x0000000723000000, 0x0000000723000000, 0x0000000723200000|  0%| F|  |TAMS 0x0000000723000000| PB 0x0000000723000000| Untracked 
| 281|0x0000000723200000, 0x0000000723200000, 0x0000000723400000|  0%| F|  |TAMS 0x0000000723200000| PB 0x0000000723200000| Untracked 
| 282|0x0000000723400000, 0x0000000723400000, 0x0000000723600000|  0%| F|  |TAMS 0x0000000723400000| PB 0x0000000723400000| Untracked 
| 283|0x0000000723600000, 0x0000000723600000, 0x0000000723800000|  0%| F|  |TAMS 0x0000000723600000| PB 0x0000000723600000| Untracked 
| 284|0x0000000723800000, 0x0000000723800000, 0x0000000723a00000|  0%| F|  |TAMS 0x0000000723800000| PB 0x0000000723800000| Untracked 
| 285|0x0000000723a00000, 0x0000000723a00000, 0x0000000723c00000|  0%| F|  |TAMS 0x0000000723a00000| PB 0x0000000723a00000| Untracked 
| 286|0x0000000723c00000, 0x0000000723c00000, 0x0000000723e00000|  0%| F|  |TAMS 0x0000000723c00000| PB 0x0000000723c00000| Untracked 
| 287|0x0000000723e00000, 0x0000000723e00000, 0x0000000724000000|  0%| F|  |TAMS 0x0000000723e00000| PB 0x0000000723e00000| Untracked 
| 288|0x0000000724000000, 0x0000000724000000, 0x0000000724200000|  0%| F|  |TAMS 0x0000000724000000| PB 0x0000000724000000| Untracked 
| 289|0x0000000724200000, 0x0000000724200000, 0x0000000724400000|  0%| F|  |TAMS 0x0000000724200000| PB 0x0000000724200000| Untracked 
| 290|0x0000000724400000, 0x0000000724400000, 0x0000000724600000|  0%| F|  |TAMS 0x0000000724400000| PB 0x0000000724400000| Untracked 
| 291|0x0000000724600000, 0x0000000724600000, 0x0000000724800000|  0%| F|  |TAMS 0x0000000724600000| PB 0x0000000724600000| Untracked 
| 292|0x0000000724800000, 0x0000000724800000, 0x0000000724a00000|  0%| F|  |TAMS 0x0000000724800000| PB 0x0000000724800000| Untracked 
| 293|0x0000000724a00000, 0x0000000724a00000, 0x0000000724c00000|  0%| F|  |TAMS 0x0000000724a00000| PB 0x0000000724a00000| Untracked 
| 294|0x0000000724c00000, 0x0000000724c00000, 0x0000000724e00000|  0%| F|  |TAMS 0x0000000724c00000| PB 0x0000000724c00000| Untracked 
| 295|0x0000000724e00000, 0x0000000724e00000, 0x0000000725000000|  0%| F|  |TAMS 0x0000000724e00000| PB 0x0000000724e00000| Untracked 
| 296|0x0000000725000000, 0x0000000725000000, 0x0000000725200000|  0%| F|  |TAMS 0x0000000725000000| PB 0x0000000725000000| Untracked 
| 297|0x0000000725200000, 0x0000000725200000, 0x0000000725400000|  0%| F|  |TAMS 0x0000000725200000| PB 0x0000000725200000| Untracked 
| 298|0x0000000725400000, 0x0000000725400000, 0x0000000725600000|  0%| F|  |TAMS 0x0000000725400000| PB 0x0000000725400000| Untracked 
| 299|0x0000000725600000, 0x0000000725600000, 0x0000000725800000|  0%| F|  |TAMS 0x0000000725600000| PB 0x0000000725600000| Untracked 
| 300|0x0000000725800000, 0x0000000725800000, 0x0000000725a00000|  0%| F|  |TAMS 0x0000000725800000| PB 0x0000000725800000| Untracked 
| 301|0x0000000725a00000, 0x0000000725a00000, 0x0000000725c00000|  0%| F|  |TAMS 0x0000000725a00000| PB 0x0000000725a00000| Untracked 
| 302|0x0000000725c00000, 0x0000000725c00000, 0x0000000725e00000|  0%| F|  |TAMS 0x0000000725c00000| PB 0x0000000725c00000| Untracked 
| 303|0x0000000725e00000, 0x0000000725e00000, 0x0000000726000000|  0%| F|  |TAMS 0x0000000725e00000| PB 0x0000000725e00000| Untracked 
| 304|0x0000000726000000, 0x0000000726000000, 0x0000000726200000|  0%| F|  |TAMS 0x0000000726000000| PB 0x0000000726000000| Untracked 
| 305|0x0000000726200000, 0x0000000726200000, 0x0000000726400000|  0%| F|  |TAMS 0x0000000726200000| PB 0x0000000726200000| Untracked 
| 306|0x0000000726400000, 0x0000000726400000, 0x0000000726600000|  0%| F|  |TAMS 0x0000000726400000| PB 0x0000000726400000| Untracked 
| 307|0x0000000726600000, 0x0000000726600000, 0x0000000726800000|  0%| F|  |TAMS 0x0000000726600000| PB 0x0000000726600000| Untracked 
| 308|0x0000000726800000, 0x0000000726800000, 0x0000000726a00000|  0%| F|  |TAMS 0x0000000726800000| PB 0x0000000726800000| Untracked 
| 309|0x0000000726a00000, 0x0000000726a00000, 0x0000000726c00000|  0%| F|  |TAMS 0x0000000726a00000| PB 0x0000000726a00000| Untracked 
| 310|0x0000000726c00000, 0x0000000726c00000, 0x0000000726e00000|  0%| F|  |TAMS 0x0000000726c00000| PB 0x0000000726c00000| Untracked 
| 311|0x0000000726e00000, 0x0000000726e00000, 0x0000000727000000|  0%| F|  |TAMS 0x0000000726e00000| PB 0x0000000726e00000| Untracked 
| 312|0x0000000727000000, 0x0000000727000000, 0x0000000727200000|  0%| F|  |TAMS 0x0000000727000000| PB 0x0000000727000000| Untracked 
| 313|0x0000000727200000, 0x0000000727200000, 0x0000000727400000|  0%| F|  |TAMS 0x0000000727200000| PB 0x0000000727200000| Untracked 
| 314|0x0000000727400000, 0x0000000727400000, 0x0000000727600000|  0%| F|  |TAMS 0x0000000727400000| PB 0x0000000727400000| Untracked 
| 315|0x0000000727600000, 0x0000000727600000, 0x0000000727800000|  0%| F|  |TAMS 0x0000000727600000| PB 0x0000000727600000| Untracked 
| 316|0x0000000727800000, 0x0000000727800000, 0x0000000727a00000|  0%| F|  |TAMS 0x0000000727800000| PB 0x0000000727800000| Untracked 
| 317|0x0000000727a00000, 0x0000000727a00000, 0x0000000727c00000|  0%| F|  |TAMS 0x0000000727a00000| PB 0x0000000727a00000| Untracked 
| 318|0x0000000727c00000, 0x0000000727c00000, 0x0000000727e00000|  0%| F|  |TAMS 0x0000000727c00000| PB 0x0000000727c00000| Untracked 
| 319|0x0000000727e00000, 0x0000000727e00000, 0x0000000728000000|  0%| F|  |TAMS 0x0000000727e00000| PB 0x0000000727e00000| Untracked 
| 320|0x0000000728000000, 0x0000000728000000, 0x0000000728200000|  0%| F|  |TAMS 0x0000000728000000| PB 0x0000000728000000| Untracked 
| 321|0x0000000728200000, 0x0000000728200000, 0x0000000728400000|  0%| F|  |TAMS 0x0000000728200000| PB 0x0000000728200000| Untracked 
| 322|0x0000000728400000, 0x0000000728400000, 0x0000000728600000|  0%| F|  |TAMS 0x0000000728400000| PB 0x0000000728400000| Untracked 
| 323|0x0000000728600000, 0x0000000728600000, 0x0000000728800000|  0%| F|  |TAMS 0x0000000728600000| PB 0x0000000728600000| Untracked 
| 324|0x0000000728800000, 0x0000000728800000, 0x0000000728a00000|  0%| F|  |TAMS 0x0000000728800000| PB 0x0000000728800000| Untracked 
| 325|0x0000000728a00000, 0x0000000728a00000, 0x0000000728c00000|  0%| F|  |TAMS 0x0000000728a00000| PB 0x0000000728a00000| Untracked 
| 326|0x0000000728c00000, 0x0000000728c00000, 0x0000000728e00000|  0%| F|  |TAMS 0x0000000728c00000| PB 0x0000000728c00000| Untracked 
| 327|0x0000000728e00000, 0x0000000728e00000, 0x0000000729000000|  0%| F|  |TAMS 0x0000000728e00000| PB 0x0000000728e00000| Untracked 
| 328|0x0000000729000000, 0x0000000729000000, 0x0000000729200000|  0%| F|  |TAMS 0x0000000729000000| PB 0x0000000729000000| Untracked 
| 329|0x0000000729200000, 0x0000000729200000, 0x0000000729400000|  0%| F|  |TAMS 0x0000000729200000| PB 0x0000000729200000| Untracked 
| 330|0x0000000729400000, 0x0000000729400000, 0x0000000729600000|  0%| F|  |TAMS 0x0000000729400000| PB 0x0000000729400000| Untracked 
| 331|0x0000000729600000, 0x0000000729600000, 0x0000000729800000|  0%| F|  |TAMS 0x0000000729600000| PB 0x0000000729600000| Untracked 
| 332|0x0000000729800000, 0x0000000729800000, 0x0000000729a00000|  0%| F|  |TAMS 0x0000000729800000| PB 0x0000000729800000| Untracked 
| 333|0x0000000729a00000, 0x0000000729a00000, 0x0000000729c00000|  0%| F|  |TAMS 0x0000000729a00000| PB 0x0000000729a00000| Untracked 
| 334|0x0000000729c00000, 0x0000000729c00000, 0x0000000729e00000|  0%| F|  |TAMS 0x0000000729c00000| PB 0x0000000729c00000| Untracked 
| 335|0x0000000729e00000, 0x0000000729e00000, 0x000000072a000000|  0%| F|  |TAMS 0x0000000729e00000| PB 0x0000000729e00000| Untracked 
| 336|0x000000072a000000, 0x000000072a000000, 0x000000072a200000|  0%| F|  |TAMS 0x000000072a000000| PB 0x000000072a000000| Untracked 
| 337|0x000000072a200000, 0x000000072a200000, 0x000000072a400000|  0%| F|  |TAMS 0x000000072a200000| PB 0x000000072a200000| Untracked 
| 338|0x000000072a400000, 0x000000072a400000, 0x000000072a600000|  0%| F|  |TAMS 0x000000072a400000| PB 0x000000072a400000| Untracked 
| 339|0x000000072a600000, 0x000000072a600000, 0x000000072a800000|  0%| F|  |TAMS 0x000000072a600000| PB 0x000000072a600000| Untracked 
| 340|0x000000072a800000, 0x000000072a800000, 0x000000072aa00000|  0%| F|  |TAMS 0x000000072a800000| PB 0x000000072a800000| Untracked 
| 341|0x000000072aa00000, 0x000000072aa00000, 0x000000072ac00000|  0%| F|  |TAMS 0x000000072aa00000| PB 0x000000072aa00000| Untracked 
| 342|0x000000072ac00000, 0x000000072ac00000, 0x000000072ae00000|  0%| F|  |TAMS 0x000000072ac00000| PB 0x000000072ac00000| Untracked 
| 343|0x000000072ae00000, 0x000000072ae00000, 0x000000072b000000|  0%| F|  |TAMS 0x000000072ae00000| PB 0x000000072ae00000| Untracked 
| 344|0x000000072b000000, 0x000000072b000000, 0x000000072b200000|  0%| F|  |TAMS 0x000000072b000000| PB 0x000000072b000000| Untracked 
| 345|0x000000072b200000, 0x000000072b200000, 0x000000072b400000|  0%| F|  |TAMS 0x000000072b200000| PB 0x000000072b200000| Untracked 
| 346|0x000000072b400000, 0x000000072b400000, 0x000000072b600000|  0%| F|  |TAMS 0x000000072b400000| PB 0x000000072b400000| Untracked 
| 347|0x000000072b600000, 0x000000072b600000, 0x000000072b800000|  0%| F|  |TAMS 0x000000072b600000| PB 0x000000072b600000| Untracked 
| 348|0x000000072b800000, 0x000000072b800000, 0x000000072ba00000|  0%| F|  |TAMS 0x000000072b800000| PB 0x000000072b800000| Untracked 
| 349|0x000000072ba00000, 0x000000072ba00000, 0x000000072bc00000|  0%| F|  |TAMS 0x000000072ba00000| PB 0x000000072ba00000| Untracked 
| 350|0x000000072bc00000, 0x000000072bc00000, 0x000000072be00000|  0%| F|  |TAMS 0x000000072bc00000| PB 0x000000072bc00000| Untracked 
| 351|0x000000072be00000, 0x000000072be00000, 0x000000072c000000|  0%| F|  |TAMS 0x000000072be00000| PB 0x000000072be00000| Untracked 
| 352|0x000000072c000000, 0x000000072c000000, 0x000000072c200000|  0%| F|  |TAMS 0x000000072c000000| PB 0x000000072c000000| Untracked 
| 353|0x000000072c200000, 0x000000072c200000, 0x000000072c400000|  0%| F|  |TAMS 0x000000072c200000| PB 0x000000072c200000| Untracked 
| 354|0x000000072c400000, 0x000000072c400000, 0x000000072c600000|  0%| F|  |TAMS 0x000000072c400000| PB 0x000000072c400000| Untracked 
| 355|0x000000072c600000, 0x000000072c600000, 0x000000072c800000|  0%| F|  |TAMS 0x000000072c600000| PB 0x000000072c600000| Untracked 
| 356|0x000000072c800000, 0x000000072c800000, 0x000000072ca00000|  0%| F|  |TAMS 0x000000072c800000| PB 0x000000072c800000| Untracked 
| 357|0x000000072ca00000, 0x000000072ca00000, 0x000000072cc00000|  0%| F|  |TAMS 0x000000072ca00000| PB 0x000000072ca00000| Untracked 
| 358|0x000000072cc00000, 0x000000072cc00000, 0x000000072ce00000|  0%| F|  |TAMS 0x000000072cc00000| PB 0x000000072cc00000| Untracked 
| 359|0x000000072ce00000, 0x000000072ce00000, 0x000000072d000000|  0%| F|  |TAMS 0x000000072ce00000| PB 0x000000072ce00000| Untracked 
| 360|0x000000072d000000, 0x000000072d000000, 0x000000072d200000|  0%| F|  |TAMS 0x000000072d000000| PB 0x000000072d000000| Untracked 
| 361|0x000000072d200000, 0x000000072d200000, 0x000000072d400000|  0%| F|  |TAMS 0x000000072d200000| PB 0x000000072d200000| Untracked 
| 362|0x000000072d400000, 0x000000072d400000, 0x000000072d600000|  0%| F|  |TAMS 0x000000072d400000| PB 0x000000072d400000| Untracked 
| 363|0x000000072d600000, 0x000000072d600000, 0x000000072d800000|  0%| F|  |TAMS 0x000000072d600000| PB 0x000000072d600000| Untracked 
| 364|0x000000072d800000, 0x000000072d800000, 0x000000072da00000|  0%| F|  |TAMS 0x000000072d800000| PB 0x000000072d800000| Untracked 
| 365|0x000000072da00000, 0x000000072da00000, 0x000000072dc00000|  0%| F|  |TAMS 0x000000072da00000| PB 0x000000072da00000| Untracked 
| 366|0x000000072dc00000, 0x000000072dc00000, 0x000000072de00000|  0%| F|  |TAMS 0x000000072dc00000| PB 0x000000072dc00000| Untracked 
| 367|0x000000072de00000, 0x000000072de00000, 0x000000072e000000|  0%| F|  |TAMS 0x000000072de00000| PB 0x000000072de00000| Untracked 
| 368|0x000000072e000000, 0x000000072e000000, 0x000000072e200000|  0%| F|  |TAMS 0x000000072e000000| PB 0x000000072e000000| Untracked 
| 369|0x000000072e200000, 0x000000072e200000, 0x000000072e400000|  0%| F|  |TAMS 0x000000072e200000| PB 0x000000072e200000| Untracked 
| 370|0x000000072e400000, 0x000000072e400000, 0x000000072e600000|  0%| F|  |TAMS 0x000000072e400000| PB 0x000000072e400000| Untracked 
| 371|0x000000072e600000, 0x000000072e600000, 0x000000072e800000|  0%| F|  |TAMS 0x000000072e600000| PB 0x000000072e600000| Untracked 
| 372|0x000000072e800000, 0x000000072e800000, 0x000000072ea00000|  0%| F|  |TAMS 0x000000072e800000| PB 0x000000072e800000| Untracked 
| 373|0x000000072ea00000, 0x000000072ea00000, 0x000000072ec00000|  0%| F|  |TAMS 0x000000072ea00000| PB 0x000000072ea00000| Untracked 
| 374|0x000000072ec00000, 0x000000072ec00000, 0x000000072ee00000|  0%| F|  |TAMS 0x000000072ec00000| PB 0x000000072ec00000| Untracked 
| 375|0x000000072ee00000, 0x000000072ee00000, 0x000000072f000000|  0%| F|  |TAMS 0x000000072ee00000| PB 0x000000072ee00000| Untracked 
| 376|0x000000072f000000, 0x000000072f000000, 0x000000072f200000|  0%| F|  |TAMS 0x000000072f000000| PB 0x000000072f000000| Untracked 
| 377|0x000000072f200000, 0x000000072f200000, 0x000000072f400000|  0%| F|  |TAMS 0x000000072f200000| PB 0x000000072f200000| Untracked 
| 378|0x000000072f400000, 0x000000072f400000, 0x000000072f600000|  0%| F|  |TAMS 0x000000072f400000| PB 0x000000072f400000| Untracked 
| 379|0x000000072f600000, 0x000000072f600000, 0x000000072f800000|  0%| F|  |TAMS 0x000000072f600000| PB 0x000000072f600000| Untracked 
| 380|0x000000072f800000, 0x000000072f800000, 0x000000072fa00000|  0%| F|  |TAMS 0x000000072f800000| PB 0x000000072f800000| Untracked 
| 381|0x000000072fa00000, 0x000000072fa00000, 0x000000072fc00000|  0%| F|  |TAMS 0x000000072fa00000| PB 0x000000072fa00000| Untracked 
| 382|0x000000072fc00000, 0x000000072fc00000, 0x000000072fe00000|  0%| F|  |TAMS 0x000000072fc00000| PB 0x000000072fc00000| Untracked 
| 383|0x000000072fe00000, 0x000000072fe00000, 0x0000000730000000|  0%| F|  |TAMS 0x000000072fe00000| PB 0x000000072fe00000| Untracked 
| 384|0x0000000730000000, 0x0000000730000000, 0x0000000730200000|  0%| F|  |TAMS 0x0000000730000000| PB 0x0000000730000000| Untracked 
| 385|0x0000000730200000, 0x0000000730200000, 0x0000000730400000|  0%| F|  |TAMS 0x0000000730200000| PB 0x0000000730200000| Untracked 
| 386|0x0000000730400000, 0x0000000730400000, 0x0000000730600000|  0%| F|  |TAMS 0x0000000730400000| PB 0x0000000730400000| Untracked 
| 387|0x0000000730600000, 0x0000000730600000, 0x0000000730800000|  0%| F|  |TAMS 0x0000000730600000| PB 0x0000000730600000| Untracked 
| 388|0x0000000730800000, 0x0000000730800000, 0x0000000730a00000|  0%| F|  |TAMS 0x0000000730800000| PB 0x0000000730800000| Untracked 
| 389|0x0000000730a00000, 0x0000000730a00000, 0x0000000730c00000|  0%| F|  |TAMS 0x0000000730a00000| PB 0x0000000730a00000| Untracked 
| 390|0x0000000730c00000, 0x0000000730c00000, 0x0000000730e00000|  0%| F|  |TAMS 0x0000000730c00000| PB 0x0000000730c00000| Untracked 
| 391|0x0000000730e00000, 0x0000000730e00000, 0x0000000731000000|  0%| F|  |TAMS 0x0000000730e00000| PB 0x0000000730e00000| Untracked 
| 392|0x0000000731000000, 0x0000000731000000, 0x0000000731200000|  0%| F|  |TAMS 0x0000000731000000| PB 0x0000000731000000| Untracked 
| 393|0x0000000731200000, 0x0000000731200000, 0x0000000731400000|  0%| F|  |TAMS 0x0000000731200000| PB 0x0000000731200000| Untracked 
| 394|0x0000000731400000, 0x0000000731400000, 0x0000000731600000|  0%| F|  |TAMS 0x0000000731400000| PB 0x0000000731400000| Untracked 
| 395|0x0000000731600000, 0x0000000731600000, 0x0000000731800000|  0%| F|  |TAMS 0x0000000731600000| PB 0x0000000731600000| Untracked 
| 396|0x0000000731800000, 0x0000000731800000, 0x0000000731a00000|  0%| F|  |TAMS 0x0000000731800000| PB 0x0000000731800000| Untracked 
| 397|0x0000000731a00000, 0x0000000731a00000, 0x0000000731c00000|  0%| F|  |TAMS 0x0000000731a00000| PB 0x0000000731a00000| Untracked 
| 398|0x0000000731c00000, 0x0000000731c00000, 0x0000000731e00000|  0%| F|  |TAMS 0x0000000731c00000| PB 0x0000000731c00000| Untracked 
| 399|0x0000000731e00000, 0x0000000731e00000, 0x0000000732000000|  0%| F|  |TAMS 0x0000000731e00000| PB 0x0000000731e00000| Untracked 
| 400|0x0000000732000000, 0x0000000732000000, 0x0000000732200000|  0%| F|  |TAMS 0x0000000732000000| PB 0x0000000732000000| Untracked 
| 401|0x0000000732200000, 0x0000000732200000, 0x0000000732400000|  0%| F|  |TAMS 0x0000000732200000| PB 0x0000000732200000| Untracked 
| 402|0x0000000732400000, 0x0000000732400000, 0x0000000732600000|  0%| F|  |TAMS 0x0000000732400000| PB 0x0000000732400000| Untracked 
| 403|0x0000000732600000, 0x0000000732600000, 0x0000000732800000|  0%| F|  |TAMS 0x0000000732600000| PB 0x0000000732600000| Untracked 
| 404|0x0000000732800000, 0x0000000732800000, 0x0000000732a00000|  0%| F|  |TAMS 0x0000000732800000| PB 0x0000000732800000| Untracked 
| 405|0x0000000732a00000, 0x0000000732a00000, 0x0000000732c00000|  0%| F|  |TAMS 0x0000000732a00000| PB 0x0000000732a00000| Untracked 
| 406|0x0000000732c00000, 0x0000000732c00000, 0x0000000732e00000|  0%| F|  |TAMS 0x0000000732c00000| PB 0x0000000732c00000| Untracked 
| 407|0x0000000732e00000, 0x0000000732e00000, 0x0000000733000000|  0%| F|  |TAMS 0x0000000732e00000| PB 0x0000000732e00000| Untracked 
| 408|0x0000000733000000, 0x0000000733000000, 0x0000000733200000|  0%| F|  |TAMS 0x0000000733000000| PB 0x0000000733000000| Untracked 
| 409|0x0000000733200000, 0x0000000733200000, 0x0000000733400000|  0%| F|  |TAMS 0x0000000733200000| PB 0x0000000733200000| Untracked 
| 410|0x0000000733400000, 0x0000000733400000, 0x0000000733600000|  0%| F|  |TAMS 0x0000000733400000| PB 0x0000000733400000| Untracked 
| 411|0x0000000733600000, 0x0000000733600000, 0x0000000733800000|  0%| F|  |TAMS 0x0000000733600000| PB 0x0000000733600000| Untracked 
| 412|0x0000000733800000, 0x0000000733800000, 0x0000000733a00000|  0%| F|  |TAMS 0x0000000733800000| PB 0x0000000733800000| Untracked 
| 413|0x0000000733a00000, 0x0000000733a00000, 0x0000000733c00000|  0%| F|  |TAMS 0x0000000733a00000| PB 0x0000000733a00000| Untracked 
| 414|0x0000000733c00000, 0x0000000733c00000, 0x0000000733e00000|  0%| F|  |TAMS 0x0000000733c00000| PB 0x0000000733c00000| Untracked 
| 415|0x0000000733e00000, 0x0000000733e00000, 0x0000000734000000|  0%| F|  |TAMS 0x0000000733e00000| PB 0x0000000733e00000| Untracked 
| 416|0x0000000734000000, 0x0000000734000000, 0x0000000734200000|  0%| F|  |TAMS 0x0000000734000000| PB 0x0000000734000000| Untracked 
| 417|0x0000000734200000, 0x0000000734200000, 0x0000000734400000|  0%| F|  |TAMS 0x0000000734200000| PB 0x0000000734200000| Untracked 
| 418|0x0000000734400000, 0x0000000734400000, 0x0000000734600000|  0%| F|  |TAMS 0x0000000734400000| PB 0x0000000734400000| Untracked 
| 419|0x0000000734600000, 0x0000000734600000, 0x0000000734800000|  0%| F|  |TAMS 0x0000000734600000| PB 0x0000000734600000| Untracked 
| 420|0x0000000734800000, 0x0000000734800000, 0x0000000734a00000|  0%| F|  |TAMS 0x0000000734800000| PB 0x0000000734800000| Untracked 
| 421|0x0000000734a00000, 0x0000000734a00000, 0x0000000734c00000|  0%| F|  |TAMS 0x0000000734a00000| PB 0x0000000734a00000| Untracked 
| 422|0x0000000734c00000, 0x0000000734c00000, 0x0000000734e00000|  0%| F|  |TAMS 0x0000000734c00000| PB 0x0000000734c00000| Untracked 
| 423|0x0000000734e00000, 0x0000000734e00000, 0x0000000735000000|  0%| F|  |TAMS 0x0000000734e00000| PB 0x0000000734e00000| Untracked 
| 424|0x0000000735000000, 0x0000000735000000, 0x0000000735200000|  0%| F|  |TAMS 0x0000000735000000| PB 0x0000000735000000| Untracked 
| 425|0x0000000735200000, 0x0000000735200000, 0x0000000735400000|  0%| F|  |TAMS 0x0000000735200000| PB 0x0000000735200000| Untracked 
| 426|0x0000000735400000, 0x0000000735400000, 0x0000000735600000|  0%| F|  |TAMS 0x0000000735400000| PB 0x0000000735400000| Untracked 
| 427|0x0000000735600000, 0x0000000735600000, 0x0000000735800000|  0%| F|  |TAMS 0x0000000735600000| PB 0x0000000735600000| Untracked 
| 428|0x0000000735800000, 0x0000000735800000, 0x0000000735a00000|  0%| F|  |TAMS 0x0000000735800000| PB 0x0000000735800000| Untracked 
| 429|0x0000000735a00000, 0x0000000735a00000, 0x0000000735c00000|  0%| F|  |TAMS 0x0000000735a00000| PB 0x0000000735a00000| Untracked 
| 430|0x0000000735c00000, 0x0000000735c00000, 0x0000000735e00000|  0%| F|  |TAMS 0x0000000735c00000| PB 0x0000000735c00000| Untracked 
| 431|0x0000000735e00000, 0x0000000735e00000, 0x0000000736000000|  0%| F|  |TAMS 0x0000000735e00000| PB 0x0000000735e00000| Untracked 
| 432|0x0000000736000000, 0x0000000736000000, 0x0000000736200000|  0%| F|  |TAMS 0x0000000736000000| PB 0x0000000736000000| Untracked 
| 433|0x0000000736200000, 0x0000000736200000, 0x0000000736400000|  0%| F|  |TAMS 0x0000000736200000| PB 0x0000000736200000| Untracked 
| 434|0x0000000736400000, 0x0000000736400000, 0x0000000736600000|  0%| F|  |TAMS 0x0000000736400000| PB 0x0000000736400000| Untracked 
| 435|0x0000000736600000, 0x0000000736600000, 0x0000000736800000|  0%| F|  |TAMS 0x0000000736600000| PB 0x0000000736600000| Untracked 
| 436|0x0000000736800000, 0x0000000736800000, 0x0000000736a00000|  0%| F|  |TAMS 0x0000000736800000| PB 0x0000000736800000| Untracked 
| 437|0x0000000736a00000, 0x0000000736a00000, 0x0000000736c00000|  0%| F|  |TAMS 0x0000000736a00000| PB 0x0000000736a00000| Untracked 
| 438|0x0000000736c00000, 0x0000000736c00000, 0x0000000736e00000|  0%| F|  |TAMS 0x0000000736c00000| PB 0x0000000736c00000| Untracked 
| 439|0x0000000736e00000, 0x0000000736e00000, 0x0000000737000000|  0%| F|  |TAMS 0x0000000736e00000| PB 0x0000000736e00000| Untracked 
| 440|0x0000000737000000, 0x0000000737000000, 0x0000000737200000|  0%| F|  |TAMS 0x0000000737000000| PB 0x0000000737000000| Untracked 
| 441|0x0000000737200000, 0x0000000737200000, 0x0000000737400000|  0%| F|  |TAMS 0x0000000737200000| PB 0x0000000737200000| Untracked 
| 442|0x0000000737400000, 0x0000000737400000, 0x0000000737600000|  0%| F|  |TAMS 0x0000000737400000| PB 0x0000000737400000| Untracked 
| 443|0x0000000737600000, 0x0000000737600000, 0x0000000737800000|  0%| F|  |TAMS 0x0000000737600000| PB 0x0000000737600000| Untracked 
| 444|0x0000000737800000, 0x0000000737800000, 0x0000000737a00000|  0%| F|  |TAMS 0x0000000737800000| PB 0x0000000737800000| Untracked 
| 445|0x0000000737a00000, 0x0000000737a00000, 0x0000000737c00000|  0%| F|  |TAMS 0x0000000737a00000| PB 0x0000000737a00000| Untracked 
| 446|0x0000000737c00000, 0x0000000737c00000, 0x0000000737e00000|  0%| F|  |TAMS 0x0000000737c00000| PB 0x0000000737c00000| Untracked 
| 447|0x0000000737e00000, 0x0000000737e00000, 0x0000000738000000|  0%| F|  |TAMS 0x0000000737e00000| PB 0x0000000737e00000| Untracked 
| 448|0x0000000738000000, 0x0000000738000000, 0x0000000738200000|  0%| F|  |TAMS 0x0000000738000000| PB 0x0000000738000000| Untracked 
| 449|0x0000000738200000, 0x0000000738200000, 0x0000000738400000|  0%| F|  |TAMS 0x0000000738200000| PB 0x0000000738200000| Untracked 
| 450|0x0000000738400000, 0x0000000738400000, 0x0000000738600000|  0%| F|  |TAMS 0x0000000738400000| PB 0x0000000738400000| Untracked 
| 451|0x0000000738600000, 0x0000000738600000, 0x0000000738800000|  0%| F|  |TAMS 0x0000000738600000| PB 0x0000000738600000| Untracked 
| 452|0x0000000738800000, 0x0000000738800000, 0x0000000738a00000|  0%| F|  |TAMS 0x0000000738800000| PB 0x0000000738800000| Untracked 
| 453|0x0000000738a00000, 0x0000000738a00000, 0x0000000738c00000|  0%| F|  |TAMS 0x0000000738a00000| PB 0x0000000738a00000| Untracked 
| 454|0x0000000738c00000, 0x0000000738c00000, 0x0000000738e00000|  0%| F|  |TAMS 0x0000000738c00000| PB 0x0000000738c00000| Untracked 
| 455|0x0000000738e00000, 0x0000000738e00000, 0x0000000739000000|  0%| F|  |TAMS 0x0000000738e00000| PB 0x0000000738e00000| Untracked 
| 456|0x0000000739000000, 0x0000000739000000, 0x0000000739200000|  0%| F|  |TAMS 0x0000000739000000| PB 0x0000000739000000| Untracked 
| 457|0x0000000739200000, 0x0000000739200000, 0x0000000739400000|  0%| F|  |TAMS 0x0000000739200000| PB 0x0000000739200000| Untracked 
| 458|0x0000000739400000, 0x0000000739400000, 0x0000000739600000|  0%| F|  |TAMS 0x0000000739400000| PB 0x0000000739400000| Untracked 
| 459|0x0000000739600000, 0x0000000739600000, 0x0000000739800000|  0%| F|  |TAMS 0x0000000739600000| PB 0x0000000739600000| Untracked 
| 460|0x0000000739800000, 0x0000000739800000, 0x0000000739a00000|  0%| F|  |TAMS 0x0000000739800000| PB 0x0000000739800000| Untracked 
| 461|0x0000000739a00000, 0x0000000739a00000, 0x0000000739c00000|  0%| F|  |TAMS 0x0000000739a00000| PB 0x0000000739a00000| Untracked 
| 462|0x0000000739c00000, 0x0000000739c00000, 0x0000000739e00000|  0%| F|  |TAMS 0x0000000739c00000| PB 0x0000000739c00000| Untracked 
| 463|0x0000000739e00000, 0x0000000739e00000, 0x000000073a000000|  0%| F|  |TAMS 0x0000000739e00000| PB 0x0000000739e00000| Untracked 
| 464|0x000000073a000000, 0x000000073a000000, 0x000000073a200000|  0%| F|  |TAMS 0x000000073a000000| PB 0x000000073a000000| Untracked 
| 465|0x000000073a200000, 0x000000073a200000, 0x000000073a400000|  0%| F|  |TAMS 0x000000073a200000| PB 0x000000073a200000| Untracked 
| 466|0x000000073a400000, 0x000000073a400000, 0x000000073a600000|  0%| F|  |TAMS 0x000000073a400000| PB 0x000000073a400000| Untracked 
| 467|0x000000073a600000, 0x000000073a600000, 0x000000073a800000|  0%| F|  |TAMS 0x000000073a600000| PB 0x000000073a600000| Untracked 
| 468|0x000000073a800000, 0x000000073a800000, 0x000000073aa00000|  0%| F|  |TAMS 0x000000073a800000| PB 0x000000073a800000| Untracked 
| 469|0x000000073aa00000, 0x000000073aa00000, 0x000000073ac00000|  0%| F|  |TAMS 0x000000073aa00000| PB 0x000000073aa00000| Untracked 
| 470|0x000000073ac00000, 0x000000073ac00000, 0x000000073ae00000|  0%| F|  |TAMS 0x000000073ac00000| PB 0x000000073ac00000| Untracked 
| 471|0x000000073ae00000, 0x000000073ae00000, 0x000000073b000000|  0%| F|  |TAMS 0x000000073ae00000| PB 0x000000073ae00000| Untracked 
| 472|0x000000073b000000, 0x000000073b000000, 0x000000073b200000|  0%| F|  |TAMS 0x000000073b000000| PB 0x000000073b000000| Untracked 
| 473|0x000000073b200000, 0x000000073b200000, 0x000000073b400000|  0%| F|  |TAMS 0x000000073b200000| PB 0x000000073b200000| Untracked 
| 474|0x000000073b400000, 0x000000073b400000, 0x000000073b600000|  0%| F|  |TAMS 0x000000073b400000| PB 0x000000073b400000| Untracked 
| 475|0x000000073b600000, 0x000000073b600000, 0x000000073b800000|  0%| F|  |TAMS 0x000000073b600000| PB 0x000000073b600000| Untracked 
| 476|0x000000073b800000, 0x000000073b800000, 0x000000073ba00000|  0%| F|  |TAMS 0x000000073b800000| PB 0x000000073b800000| Untracked 
| 477|0x000000073ba00000, 0x000000073ba00000, 0x000000073bc00000|  0%| F|  |TAMS 0x000000073ba00000| PB 0x000000073ba00000| Untracked 
| 478|0x000000073bc00000, 0x000000073bc00000, 0x000000073be00000|  0%| F|  |TAMS 0x000000073bc00000| PB 0x000000073bc00000| Untracked 
| 479|0x000000073be00000, 0x000000073be00000, 0x000000073c000000|  0%| F|  |TAMS 0x000000073be00000| PB 0x000000073be00000| Untracked 
| 480|0x000000073c000000, 0x000000073c000000, 0x000000073c200000|  0%| F|  |TAMS 0x000000073c000000| PB 0x000000073c000000| Untracked 
| 481|0x000000073c200000, 0x000000073c200000, 0x000000073c400000|  0%| F|  |TAMS 0x000000073c200000| PB 0x000000073c200000| Untracked 
| 482|0x000000073c400000, 0x000000073c400000, 0x000000073c600000|  0%| F|  |TAMS 0x000000073c400000| PB 0x000000073c400000| Untracked 
| 483|0x000000073c600000, 0x000000073c600000, 0x000000073c800000|  0%| F|  |TAMS 0x000000073c600000| PB 0x000000073c600000| Untracked 
| 484|0x000000073c800000, 0x000000073c800000, 0x000000073ca00000|  0%| F|  |TAMS 0x000000073c800000| PB 0x000000073c800000| Untracked 
| 485|0x000000073ca00000, 0x000000073ca00000, 0x000000073cc00000|  0%| F|  |TAMS 0x000000073ca00000| PB 0x000000073ca00000| Untracked 
| 486|0x000000073cc00000, 0x000000073cc00000, 0x000000073ce00000|  0%| F|  |TAMS 0x000000073cc00000| PB 0x000000073cc00000| Untracked 
| 487|0x000000073ce00000, 0x000000073ce00000, 0x000000073d000000|  0%| F|  |TAMS 0x000000073ce00000| PB 0x000000073ce00000| Untracked 
| 488|0x000000073d000000, 0x000000073d000000, 0x000000073d200000|  0%| F|  |TAMS 0x000000073d000000| PB 0x000000073d000000| Untracked 
| 489|0x000000073d200000, 0x000000073d200000, 0x000000073d400000|  0%| F|  |TAMS 0x000000073d200000| PB 0x000000073d200000| Untracked 
| 490|0x000000073d400000, 0x000000073d400000, 0x000000073d600000|  0%| F|  |TAMS 0x000000073d400000| PB 0x000000073d400000| Untracked 
| 491|0x000000073d600000, 0x000000073d600000, 0x000000073d800000|  0%| F|  |TAMS 0x000000073d600000| PB 0x000000073d600000| Untracked 
| 492|0x000000073d800000, 0x000000073d800000, 0x000000073da00000|  0%| F|  |TAMS 0x000000073d800000| PB 0x000000073d800000| Untracked 
| 493|0x000000073da00000, 0x000000073da00000, 0x000000073dc00000|  0%| F|  |TAMS 0x000000073da00000| PB 0x000000073da00000| Untracked 
| 494|0x000000073dc00000, 0x000000073dc00000, 0x000000073de00000|  0%| F|  |TAMS 0x000000073dc00000| PB 0x000000073dc00000| Untracked 
| 495|0x000000073de00000, 0x000000073de00000, 0x000000073e000000|  0%| F|  |TAMS 0x000000073de00000| PB 0x000000073de00000| Untracked 
| 496|0x000000073e000000, 0x000000073e000000, 0x000000073e200000|  0%| F|  |TAMS 0x000000073e000000| PB 0x000000073e000000| Untracked 
| 497|0x000000073e200000, 0x000000073e200000, 0x000000073e400000|  0%| F|  |TAMS 0x000000073e200000| PB 0x000000073e200000| Untracked 
| 498|0x000000073e400000, 0x000000073e400000, 0x000000073e600000|  0%| F|  |TAMS 0x000000073e400000| PB 0x000000073e400000| Untracked 
| 499|0x000000073e600000, 0x000000073e600000, 0x000000073e800000|  0%| F|  |TAMS 0x000000073e600000| PB 0x000000073e600000| Untracked 
| 500|0x000000073e800000, 0x000000073e800000, 0x000000073ea00000|  0%| F|  |TAMS 0x000000073e800000| PB 0x000000073e800000| Untracked 
| 501|0x000000073ea00000, 0x000000073ea00000, 0x000000073ec00000|  0%| F|  |TAMS 0x000000073ea00000| PB 0x000000073ea00000| Untracked 
| 502|0x000000073ec00000, 0x000000073ec00000, 0x000000073ee00000|  0%| F|  |TAMS 0x000000073ec00000| PB 0x000000073ec00000| Untracked 
| 503|0x000000073ee00000, 0x000000073ee00000, 0x000000073f000000|  0%| F|  |TAMS 0x000000073ee00000| PB 0x000000073ee00000| Untracked 
| 504|0x000000073f000000, 0x000000073f000000, 0x000000073f200000|  0%| F|  |TAMS 0x000000073f000000| PB 0x000000073f000000| Untracked 
| 505|0x000000073f200000, 0x000000073f200000, 0x000000073f400000|  0%| F|  |TAMS 0x000000073f200000| PB 0x000000073f200000| Untracked 
| 506|0x000000073f400000, 0x000000073f400000, 0x000000073f600000|  0%| F|  |TAMS 0x000000073f400000| PB 0x000000073f400000| Untracked 
| 507|0x000000073f600000, 0x000000073f600000, 0x000000073f800000|  0%| F|  |TAMS 0x000000073f600000| PB 0x000000073f600000| Untracked 
| 508|0x000000073f800000, 0x000000073f800000, 0x000000073fa00000|  0%| F|  |TAMS 0x000000073f800000| PB 0x000000073f800000| Untracked 
| 509|0x000000073fa00000, 0x000000073fa00000, 0x000000073fc00000|  0%| F|  |TAMS 0x000000073fa00000| PB 0x000000073fa00000| Untracked 
| 510|0x000000073fc00000, 0x000000073fc00000, 0x000000073fe00000|  0%| F|  |TAMS 0x000000073fc00000| PB 0x000000073fc00000| Untracked 
| 511|0x000000073fe00000, 0x000000073fe00000, 0x0000000740000000|  0%| F|  |TAMS 0x000000073fe00000| PB 0x000000073fe00000| Untracked 
| 512|0x0000000740000000, 0x0000000740000000, 0x0000000740200000|  0%| F|  |TAMS 0x0000000740000000| PB 0x0000000740000000| Untracked 
| 513|0x0000000740200000, 0x0000000740200000, 0x0000000740400000|  0%| F|  |TAMS 0x0000000740200000| PB 0x0000000740200000| Untracked 
| 514|0x0000000740400000, 0x0000000740400000, 0x0000000740600000|  0%| F|  |TAMS 0x0000000740400000| PB 0x0000000740400000| Untracked 
| 515|0x0000000740600000, 0x0000000740600000, 0x0000000740800000|  0%| F|  |TAMS 0x0000000740600000| PB 0x0000000740600000| Untracked 
| 516|0x0000000740800000, 0x0000000740800000, 0x0000000740a00000|  0%| F|  |TAMS 0x0000000740800000| PB 0x0000000740800000| Untracked 
| 517|0x0000000740a00000, 0x0000000740a00000, 0x0000000740c00000|  0%| F|  |TAMS 0x0000000740a00000| PB 0x0000000740a00000| Untracked 
| 518|0x0000000740c00000, 0x0000000740c00000, 0x0000000740e00000|  0%| F|  |TAMS 0x0000000740c00000| PB 0x0000000740c00000| Untracked 
| 519|0x0000000740e00000, 0x0000000740e00000, 0x0000000741000000|  0%| F|  |TAMS 0x0000000740e00000| PB 0x0000000740e00000| Untracked 
| 520|0x0000000741000000, 0x0000000741000000, 0x0000000741200000|  0%| F|  |TAMS 0x0000000741000000| PB 0x0000000741000000| Untracked 
| 521|0x0000000741200000, 0x0000000741200000, 0x0000000741400000|  0%| F|  |TAMS 0x0000000741200000| PB 0x0000000741200000| Untracked 
| 522|0x0000000741400000, 0x0000000741400000, 0x0000000741600000|  0%| F|  |TAMS 0x0000000741400000| PB 0x0000000741400000| Untracked 
| 523|0x0000000741600000, 0x0000000741600000, 0x0000000741800000|  0%| F|  |TAMS 0x0000000741600000| PB 0x0000000741600000| Untracked 
| 524|0x0000000741800000, 0x0000000741800000, 0x0000000741a00000|  0%| F|  |TAMS 0x0000000741800000| PB 0x0000000741800000| Untracked 
| 525|0x0000000741a00000, 0x0000000741a00000, 0x0000000741c00000|  0%| F|  |TAMS 0x0000000741a00000| PB 0x0000000741a00000| Untracked 
| 526|0x0000000741c00000, 0x0000000741c00000, 0x0000000741e00000|  0%| F|  |TAMS 0x0000000741c00000| PB 0x0000000741c00000| Untracked 
| 527|0x0000000741e00000, 0x0000000741e00000, 0x0000000742000000|  0%| F|  |TAMS 0x0000000741e00000| PB 0x0000000741e00000| Untracked 
| 528|0x0000000742000000, 0x0000000742000000, 0x0000000742200000|  0%| F|  |TAMS 0x0000000742000000| PB 0x0000000742000000| Untracked 
| 529|0x0000000742200000, 0x0000000742200000, 0x0000000742400000|  0%| F|  |TAMS 0x0000000742200000| PB 0x0000000742200000| Untracked 
| 530|0x0000000742400000, 0x0000000742400000, 0x0000000742600000|  0%| F|  |TAMS 0x0000000742400000| PB 0x0000000742400000| Untracked 
| 531|0x0000000742600000, 0x0000000742600000, 0x0000000742800000|  0%| F|  |TAMS 0x0000000742600000| PB 0x0000000742600000| Untracked 
| 532|0x0000000742800000, 0x0000000742800000, 0x0000000742a00000|  0%| F|  |TAMS 0x0000000742800000| PB 0x0000000742800000| Untracked 
| 533|0x0000000742a00000, 0x0000000742a00000, 0x0000000742c00000|  0%| F|  |TAMS 0x0000000742a00000| PB 0x0000000742a00000| Untracked 
| 534|0x0000000742c00000, 0x0000000742c00000, 0x0000000742e00000|  0%| F|  |TAMS 0x0000000742c00000| PB 0x0000000742c00000| Untracked 
| 535|0x0000000742e00000, 0x0000000742e00000, 0x0000000743000000|  0%| F|  |TAMS 0x0000000742e00000| PB 0x0000000742e00000| Untracked 
| 536|0x0000000743000000, 0x0000000743000000, 0x0000000743200000|  0%| F|  |TAMS 0x0000000743000000| PB 0x0000000743000000| Untracked 
| 537|0x0000000743200000, 0x0000000743200000, 0x0000000743400000|  0%| F|  |TAMS 0x0000000743200000| PB 0x0000000743200000| Untracked 
| 538|0x0000000743400000, 0x0000000743400000, 0x0000000743600000|  0%| F|  |TAMS 0x0000000743400000| PB 0x0000000743400000| Untracked 
| 539|0x0000000743600000, 0x0000000743600000, 0x0000000743800000|  0%| F|  |TAMS 0x0000000743600000| PB 0x0000000743600000| Untracked 
| 540|0x0000000743800000, 0x0000000743800000, 0x0000000743a00000|  0%| F|  |TAMS 0x0000000743800000| PB 0x0000000743800000| Untracked 
| 541|0x0000000743a00000, 0x0000000743a00000, 0x0000000743c00000|  0%| F|  |TAMS 0x0000000743a00000| PB 0x0000000743a00000| Untracked 
| 542|0x0000000743c00000, 0x0000000743c00000, 0x0000000743e00000|  0%| F|  |TAMS 0x0000000743c00000| PB 0x0000000743c00000| Untracked 
| 543|0x0000000743e00000, 0x0000000743e00000, 0x0000000744000000|  0%| F|  |TAMS 0x0000000743e00000| PB 0x0000000743e00000| Untracked 
| 544|0x0000000744000000, 0x0000000744000000, 0x0000000744200000|  0%| F|  |TAMS 0x0000000744000000| PB 0x0000000744000000| Untracked 
| 545|0x0000000744200000, 0x0000000744200000, 0x0000000744400000|  0%| F|  |TAMS 0x0000000744200000| PB 0x0000000744200000| Untracked 
| 546|0x0000000744400000, 0x0000000744400000, 0x0000000744600000|  0%| F|  |TAMS 0x0000000744400000| PB 0x0000000744400000| Untracked 
| 547|0x0000000744600000, 0x0000000744600000, 0x0000000744800000|  0%| F|  |TAMS 0x0000000744600000| PB 0x0000000744600000| Untracked 
| 548|0x0000000744800000, 0x0000000744800000, 0x0000000744a00000|  0%| F|  |TAMS 0x0000000744800000| PB 0x0000000744800000| Untracked 
| 549|0x0000000744a00000, 0x0000000744a00000, 0x0000000744c00000|  0%| F|  |TAMS 0x0000000744a00000| PB 0x0000000744a00000| Untracked 
| 550|0x0000000744c00000, 0x0000000744c00000, 0x0000000744e00000|  0%| F|  |TAMS 0x0000000744c00000| PB 0x0000000744c00000| Untracked 
| 551|0x0000000744e00000, 0x0000000744e00000, 0x0000000745000000|  0%| F|  |TAMS 0x0000000744e00000| PB 0x0000000744e00000| Untracked 
| 552|0x0000000745000000, 0x0000000745000000, 0x0000000745200000|  0%| F|  |TAMS 0x0000000745000000| PB 0x0000000745000000| Untracked 
| 553|0x0000000745200000, 0x0000000745200000, 0x0000000745400000|  0%| F|  |TAMS 0x0000000745200000| PB 0x0000000745200000| Untracked 
| 554|0x0000000745400000, 0x0000000745400000, 0x0000000745600000|  0%| F|  |TAMS 0x0000000745400000| PB 0x0000000745400000| Untracked 
| 555|0x0000000745600000, 0x0000000745600000, 0x0000000745800000|  0%| F|  |TAMS 0x0000000745600000| PB 0x0000000745600000| Untracked 
| 556|0x0000000745800000, 0x0000000745800000, 0x0000000745a00000|  0%| F|  |TAMS 0x0000000745800000| PB 0x0000000745800000| Untracked 
| 557|0x0000000745a00000, 0x0000000745a00000, 0x0000000745c00000|  0%| F|  |TAMS 0x0000000745a00000| PB 0x0000000745a00000| Untracked 
| 558|0x0000000745c00000, 0x0000000745c00000, 0x0000000745e00000|  0%| F|  |TAMS 0x0000000745c00000| PB 0x0000000745c00000| Untracked 
| 559|0x0000000745e00000, 0x0000000745e00000, 0x0000000746000000|  0%| F|  |TAMS 0x0000000745e00000| PB 0x0000000745e00000| Untracked 
| 560|0x0000000746000000, 0x0000000746000000, 0x0000000746200000|  0%| F|  |TAMS 0x0000000746000000| PB 0x0000000746000000| Untracked 
| 561|0x0000000746200000, 0x0000000746200000, 0x0000000746400000|  0%| F|  |TAMS 0x0000000746200000| PB 0x0000000746200000| Untracked 
| 562|0x0000000746400000, 0x0000000746400000, 0x0000000746600000|  0%| F|  |TAMS 0x0000000746400000| PB 0x0000000746400000| Untracked 
| 563|0x0000000746600000, 0x0000000746600000, 0x0000000746800000|  0%| F|  |TAMS 0x0000000746600000| PB 0x0000000746600000| Untracked 
| 564|0x0000000746800000, 0x0000000746800000, 0x0000000746a00000|  0%| F|  |TAMS 0x0000000746800000| PB 0x0000000746800000| Untracked 
| 565|0x0000000746a00000, 0x0000000746a00000, 0x0000000746c00000|  0%| F|  |TAMS 0x0000000746a00000| PB 0x0000000746a00000| Untracked 
| 566|0x0000000746c00000, 0x0000000746c00000, 0x0000000746e00000|  0%| F|  |TAMS 0x0000000746c00000| PB 0x0000000746c00000| Untracked 
| 567|0x0000000746e00000, 0x0000000746e00000, 0x0000000747000000|  0%| F|  |TAMS 0x0000000746e00000| PB 0x0000000746e00000| Untracked 
| 568|0x0000000747000000, 0x0000000747000000, 0x0000000747200000|  0%| F|  |TAMS 0x0000000747000000| PB 0x0000000747000000| Untracked 
| 569|0x0000000747200000, 0x0000000747200000, 0x0000000747400000|  0%| F|  |TAMS 0x0000000747200000| PB 0x0000000747200000| Untracked 
| 570|0x0000000747400000, 0x0000000747400000, 0x0000000747600000|  0%| F|  |TAMS 0x0000000747400000| PB 0x0000000747400000| Untracked 
| 571|0x0000000747600000, 0x0000000747600000, 0x0000000747800000|  0%| F|  |TAMS 0x0000000747600000| PB 0x0000000747600000| Untracked 
| 572|0x0000000747800000, 0x0000000747800000, 0x0000000747a00000|  0%| F|  |TAMS 0x0000000747800000| PB 0x0000000747800000| Untracked 
| 573|0x0000000747a00000, 0x0000000747a00000, 0x0000000747c00000|  0%| F|  |TAMS 0x0000000747a00000| PB 0x0000000747a00000| Untracked 
| 574|0x0000000747c00000, 0x0000000747c00000, 0x0000000747e00000|  0%| F|  |TAMS 0x0000000747c00000| PB 0x0000000747c00000| Untracked 
| 575|0x0000000747e00000, 0x0000000747e00000, 0x0000000748000000|  0%| F|  |TAMS 0x0000000747e00000| PB 0x0000000747e00000| Untracked 
| 576|0x0000000748000000, 0x0000000748000000, 0x0000000748200000|  0%| F|  |TAMS 0x0000000748000000| PB 0x0000000748000000| Untracked 
| 577|0x0000000748200000, 0x0000000748200000, 0x0000000748400000|  0%| F|  |TAMS 0x0000000748200000| PB 0x0000000748200000| Untracked 
| 578|0x0000000748400000, 0x0000000748400000, 0x0000000748600000|  0%| F|  |TAMS 0x0000000748400000| PB 0x0000000748400000| Untracked 
| 579|0x0000000748600000, 0x0000000748600000, 0x0000000748800000|  0%| F|  |TAMS 0x0000000748600000| PB 0x0000000748600000| Untracked 
| 580|0x0000000748800000, 0x0000000748800000, 0x0000000748a00000|  0%| F|  |TAMS 0x0000000748800000| PB 0x0000000748800000| Untracked 
| 581|0x0000000748a00000, 0x0000000748a00000, 0x0000000748c00000|  0%| F|  |TAMS 0x0000000748a00000| PB 0x0000000748a00000| Untracked 
| 582|0x0000000748c00000, 0x0000000748c00000, 0x0000000748e00000|  0%| F|  |TAMS 0x0000000748c00000| PB 0x0000000748c00000| Untracked 
| 583|0x0000000748e00000, 0x0000000748e00000, 0x0000000749000000|  0%| F|  |TAMS 0x0000000748e00000| PB 0x0000000748e00000| Untracked 
| 584|0x0000000749000000, 0x0000000749000000, 0x0000000749200000|  0%| F|  |TAMS 0x0000000749000000| PB 0x0000000749000000| Untracked 
| 585|0x0000000749200000, 0x0000000749200000, 0x0000000749400000|  0%| F|  |TAMS 0x0000000749200000| PB 0x0000000749200000| Untracked 
| 586|0x0000000749400000, 0x0000000749400000, 0x0000000749600000|  0%| F|  |TAMS 0x0000000749400000| PB 0x0000000749400000| Untracked 
| 587|0x0000000749600000, 0x0000000749600000, 0x0000000749800000|  0%| F|  |TAMS 0x0000000749600000| PB 0x0000000749600000| Untracked 
| 588|0x0000000749800000, 0x0000000749800000, 0x0000000749a00000|  0%| F|  |TAMS 0x0000000749800000| PB 0x0000000749800000| Untracked 
| 589|0x0000000749a00000, 0x0000000749a00000, 0x0000000749c00000|  0%| F|  |TAMS 0x0000000749a00000| PB 0x0000000749a00000| Untracked 
| 590|0x0000000749c00000, 0x0000000749c00000, 0x0000000749e00000|  0%| F|  |TAMS 0x0000000749c00000| PB 0x0000000749c00000| Untracked 
| 591|0x0000000749e00000, 0x0000000749e00000, 0x000000074a000000|  0%| F|  |TAMS 0x0000000749e00000| PB 0x0000000749e00000| Untracked 
| 592|0x000000074a000000, 0x000000074a000000, 0x000000074a200000|  0%| F|  |TAMS 0x000000074a000000| PB 0x000000074a000000| Untracked 
| 593|0x000000074a200000, 0x000000074a200000, 0x000000074a400000|  0%| F|  |TAMS 0x000000074a200000| PB 0x000000074a200000| Untracked 
| 594|0x000000074a400000, 0x000000074a400000, 0x000000074a600000|  0%| F|  |TAMS 0x000000074a400000| PB 0x000000074a400000| Untracked 
| 595|0x000000074a600000, 0x000000074a600000, 0x000000074a800000|  0%| F|  |TAMS 0x000000074a600000| PB 0x000000074a600000| Untracked 
| 596|0x000000074a800000, 0x000000074a800000, 0x000000074aa00000|  0%| F|  |TAMS 0x000000074a800000| PB 0x000000074a800000| Untracked 
| 597|0x000000074aa00000, 0x000000074aa00000, 0x000000074ac00000|  0%| F|  |TAMS 0x000000074aa00000| PB 0x000000074aa00000| Untracked 
| 598|0x000000074ac00000, 0x000000074ac00000, 0x000000074ae00000|  0%| F|  |TAMS 0x000000074ac00000| PB 0x000000074ac00000| Untracked 
| 599|0x000000074ae00000, 0x000000074ae00000, 0x000000074b000000|  0%| F|  |TAMS 0x000000074ae00000| PB 0x000000074ae00000| Untracked 
| 600|0x000000074b000000, 0x000000074b000000, 0x000000074b200000|  0%| F|  |TAMS 0x000000074b000000| PB 0x000000074b000000| Untracked 
| 601|0x000000074b200000, 0x000000074b200000, 0x000000074b400000|  0%| F|  |TAMS 0x000000074b200000| PB 0x000000074b200000| Untracked 
| 602|0x000000074b400000, 0x000000074b400000, 0x000000074b600000|  0%| F|  |TAMS 0x000000074b400000| PB 0x000000074b400000| Untracked 
| 603|0x000000074b600000, 0x000000074b600000, 0x000000074b800000|  0%| F|  |TAMS 0x000000074b600000| PB 0x000000074b600000| Untracked 
| 604|0x000000074b800000, 0x000000074b800000, 0x000000074ba00000|  0%| F|  |TAMS 0x000000074b800000| PB 0x000000074b800000| Untracked 
| 605|0x000000074ba00000, 0x000000074ba00000, 0x000000074bc00000|  0%| F|  |TAMS 0x000000074ba00000| PB 0x000000074ba00000| Untracked 
| 606|0x000000074bc00000, 0x000000074bc00000, 0x000000074be00000|  0%| F|  |TAMS 0x000000074bc00000| PB 0x000000074bc00000| Untracked 
| 607|0x000000074be00000, 0x000000074be00000, 0x000000074c000000|  0%| F|  |TAMS 0x000000074be00000| PB 0x000000074be00000| Untracked 
| 608|0x000000074c000000, 0x000000074c000000, 0x000000074c200000|  0%| F|  |TAMS 0x000000074c000000| PB 0x000000074c000000| Untracked 
| 609|0x000000074c200000, 0x000000074c200000, 0x000000074c400000|  0%| F|  |TAMS 0x000000074c200000| PB 0x000000074c200000| Untracked 
| 610|0x000000074c400000, 0x000000074c400000, 0x000000074c600000|  0%| F|  |TAMS 0x000000074c400000| PB 0x000000074c400000| Untracked 
| 611|0x000000074c600000, 0x000000074c600000, 0x000000074c800000|  0%| F|  |TAMS 0x000000074c600000| PB 0x000000074c600000| Untracked 
| 612|0x000000074c800000, 0x000000074c800000, 0x000000074ca00000|  0%| F|  |TAMS 0x000000074c800000| PB 0x000000074c800000| Untracked 
| 613|0x000000074ca00000, 0x000000074ca00000, 0x000000074cc00000|  0%| F|  |TAMS 0x000000074ca00000| PB 0x000000074ca00000| Untracked 
| 614|0x000000074cc00000, 0x000000074cc00000, 0x000000074ce00000|  0%| F|  |TAMS 0x000000074cc00000| PB 0x000000074cc00000| Untracked 
| 615|0x000000074ce00000, 0x000000074ce00000, 0x000000074d000000|  0%| F|  |TAMS 0x000000074ce00000| PB 0x000000074ce00000| Untracked 
| 616|0x000000074d000000, 0x000000074d000000, 0x000000074d200000|  0%| F|  |TAMS 0x000000074d000000| PB 0x000000074d000000| Untracked 
| 617|0x000000074d200000, 0x000000074d200000, 0x000000074d400000|  0%| F|  |TAMS 0x000000074d200000| PB 0x000000074d200000| Untracked 
| 618|0x000000074d400000, 0x000000074d400000, 0x000000074d600000|  0%| F|  |TAMS 0x000000074d400000| PB 0x000000074d400000| Untracked 
| 619|0x000000074d600000, 0x000000074d600000, 0x000000074d800000|  0%| F|  |TAMS 0x000000074d600000| PB 0x000000074d600000| Untracked 
| 620|0x000000074d800000, 0x000000074d800000, 0x000000074da00000|  0%| F|  |TAMS 0x000000074d800000| PB 0x000000074d800000| Untracked 
| 621|0x000000074da00000, 0x000000074da00000, 0x000000074dc00000|  0%| F|  |TAMS 0x000000074da00000| PB 0x000000074da00000| Untracked 
| 622|0x000000074dc00000, 0x000000074dc00000, 0x000000074de00000|  0%| F|  |TAMS 0x000000074dc00000| PB 0x000000074dc00000| Untracked 
| 623|0x000000074de00000, 0x000000074de00000, 0x000000074e000000|  0%| F|  |TAMS 0x000000074de00000| PB 0x000000074de00000| Untracked 
| 624|0x000000074e000000, 0x000000074e000000, 0x000000074e200000|  0%| F|  |TAMS 0x000000074e000000| PB 0x000000074e000000| Untracked 
| 625|0x000000074e200000, 0x000000074e200000, 0x000000074e400000|  0%| F|  |TAMS 0x000000074e200000| PB 0x000000074e200000| Untracked 
| 626|0x000000074e400000, 0x000000074e400000, 0x000000074e600000|  0%| F|  |TAMS 0x000000074e400000| PB 0x000000074e400000| Untracked 
| 627|0x000000074e600000, 0x000000074e600000, 0x000000074e800000|  0%| F|  |TAMS 0x000000074e600000| PB 0x000000074e600000| Untracked 
| 628|0x000000074e800000, 0x000000074e800000, 0x000000074ea00000|  0%| F|  |TAMS 0x000000074e800000| PB 0x000000074e800000| Untracked 
| 629|0x000000074ea00000, 0x000000074ea00000, 0x000000074ec00000|  0%| F|  |TAMS 0x000000074ea00000| PB 0x000000074ea00000| Untracked 
| 630|0x000000074ec00000, 0x000000074ec00000, 0x000000074ee00000|  0%| F|  |TAMS 0x000000074ec00000| PB 0x000000074ec00000| Untracked 
| 631|0x000000074ee00000, 0x000000074ee00000, 0x000000074f000000|  0%| F|  |TAMS 0x000000074ee00000| PB 0x000000074ee00000| Untracked 
| 632|0x000000074f000000, 0x000000074f000000, 0x000000074f200000|  0%| F|  |TAMS 0x000000074f000000| PB 0x000000074f000000| Untracked 
| 633|0x000000074f200000, 0x000000074f200000, 0x000000074f400000|  0%| F|  |TAMS 0x000000074f200000| PB 0x000000074f200000| Untracked 
| 634|0x000000074f400000, 0x000000074f400000, 0x000000074f600000|  0%| F|  |TAMS 0x000000074f400000| PB 0x000000074f400000| Untracked 
| 635|0x000000074f600000, 0x000000074f600000, 0x000000074f800000|  0%| F|  |TAMS 0x000000074f600000| PB 0x000000074f600000| Untracked 
| 636|0x000000074f800000, 0x000000074f800000, 0x000000074fa00000|  0%| F|  |TAMS 0x000000074f800000| PB 0x000000074f800000| Untracked 
| 637|0x000000074fa00000, 0x000000074fa00000, 0x000000074fc00000|  0%| F|  |TAMS 0x000000074fa00000| PB 0x000000074fa00000| Untracked 
| 638|0x000000074fc00000, 0x000000074fc00000, 0x000000074fe00000|  0%| F|  |TAMS 0x000000074fc00000| PB 0x000000074fc00000| Untracked 
| 639|0x000000074fe00000, 0x000000074fe00000, 0x0000000750000000|  0%| F|  |TAMS 0x000000074fe00000| PB 0x000000074fe00000| Untracked 
| 640|0x0000000750000000, 0x0000000750000000, 0x0000000750200000|  0%| F|  |TAMS 0x0000000750000000| PB 0x0000000750000000| Untracked 
| 641|0x0000000750200000, 0x0000000750200000, 0x0000000750400000|  0%| F|  |TAMS 0x0000000750200000| PB 0x0000000750200000| Untracked 
| 642|0x0000000750400000, 0x0000000750400000, 0x0000000750600000|  0%| F|  |TAMS 0x0000000750400000| PB 0x0000000750400000| Untracked 
| 643|0x0000000750600000, 0x0000000750600000, 0x0000000750800000|  0%| F|  |TAMS 0x0000000750600000| PB 0x0000000750600000| Untracked 
| 644|0x0000000750800000, 0x0000000750800000, 0x0000000750a00000|  0%| F|  |TAMS 0x0000000750800000| PB 0x0000000750800000| Untracked 
| 645|0x0000000750a00000, 0x0000000750a00000, 0x0000000750c00000|  0%| F|  |TAMS 0x0000000750a00000| PB 0x0000000750a00000| Untracked 
| 646|0x0000000750c00000, 0x0000000750c00000, 0x0000000750e00000|  0%| F|  |TAMS 0x0000000750c00000| PB 0x0000000750c00000| Untracked 
| 647|0x0000000750e00000, 0x0000000750e00000, 0x0000000751000000|  0%| F|  |TAMS 0x0000000750e00000| PB 0x0000000750e00000| Untracked 
| 648|0x0000000751000000, 0x0000000751000000, 0x0000000751200000|  0%| F|  |TAMS 0x0000000751000000| PB 0x0000000751000000| Untracked 
| 649|0x0000000751200000, 0x0000000751200000, 0x0000000751400000|  0%| F|  |TAMS 0x0000000751200000| PB 0x0000000751200000| Untracked 
| 650|0x0000000751400000, 0x0000000751400000, 0x0000000751600000|  0%| F|  |TAMS 0x0000000751400000| PB 0x0000000751400000| Untracked 
| 651|0x0000000751600000, 0x0000000751600000, 0x0000000751800000|  0%| F|  |TAMS 0x0000000751600000| PB 0x0000000751600000| Untracked 
| 652|0x0000000751800000, 0x0000000751800000, 0x0000000751a00000|  0%| F|  |TAMS 0x0000000751800000| PB 0x0000000751800000| Untracked 
| 653|0x0000000751a00000, 0x0000000751a00000, 0x0000000751c00000|  0%| F|  |TAMS 0x0000000751a00000| PB 0x0000000751a00000| Untracked 
| 654|0x0000000751c00000, 0x0000000751c00000, 0x0000000751e00000|  0%| F|  |TAMS 0x0000000751c00000| PB 0x0000000751c00000| Untracked 
| 655|0x0000000751e00000, 0x0000000751e00000, 0x0000000752000000|  0%| F|  |TAMS 0x0000000751e00000| PB 0x0000000751e00000| Untracked 
| 656|0x0000000752000000, 0x0000000752000000, 0x0000000752200000|  0%| F|  |TAMS 0x0000000752000000| PB 0x0000000752000000| Untracked 
| 657|0x0000000752200000, 0x0000000752200000, 0x0000000752400000|  0%| F|  |TAMS 0x0000000752200000| PB 0x0000000752200000| Untracked 
| 658|0x0000000752400000, 0x0000000752400000, 0x0000000752600000|  0%| F|  |TAMS 0x0000000752400000| PB 0x0000000752400000| Untracked 
| 659|0x0000000752600000, 0x0000000752600000, 0x0000000752800000|  0%| F|  |TAMS 0x0000000752600000| PB 0x0000000752600000| Untracked 
| 660|0x0000000752800000, 0x0000000752800000, 0x0000000752a00000|  0%| F|  |TAMS 0x0000000752800000| PB 0x0000000752800000| Untracked 
| 661|0x0000000752a00000, 0x0000000752a00000, 0x0000000752c00000|  0%| F|  |TAMS 0x0000000752a00000| PB 0x0000000752a00000| Untracked 
| 662|0x0000000752c00000, 0x0000000752c00000, 0x0000000752e00000|  0%| F|  |TAMS 0x0000000752c00000| PB 0x0000000752c00000| Untracked 
| 663|0x0000000752e00000, 0x0000000752e00000, 0x0000000753000000|  0%| F|  |TAMS 0x0000000752e00000| PB 0x0000000752e00000| Untracked 
| 664|0x0000000753000000, 0x0000000753000000, 0x0000000753200000|  0%| F|  |TAMS 0x0000000753000000| PB 0x0000000753000000| Untracked 
| 665|0x0000000753200000, 0x0000000753200000, 0x0000000753400000|  0%| F|  |TAMS 0x0000000753200000| PB 0x0000000753200000| Untracked 
| 666|0x0000000753400000, 0x0000000753400000, 0x0000000753600000|  0%| F|  |TAMS 0x0000000753400000| PB 0x0000000753400000| Untracked 
| 667|0x0000000753600000, 0x0000000753600000, 0x0000000753800000|  0%| F|  |TAMS 0x0000000753600000| PB 0x0000000753600000| Untracked 
| 668|0x0000000753800000, 0x0000000753800000, 0x0000000753a00000|  0%| F|  |TAMS 0x0000000753800000| PB 0x0000000753800000| Untracked 
| 669|0x0000000753a00000, 0x0000000753a00000, 0x0000000753c00000|  0%| F|  |TAMS 0x0000000753a00000| PB 0x0000000753a00000| Untracked 
| 670|0x0000000753c00000, 0x0000000753c00000, 0x0000000753e00000|  0%| F|  |TAMS 0x0000000753c00000| PB 0x0000000753c00000| Untracked 
| 671|0x0000000753e00000, 0x0000000753e00000, 0x0000000754000000|  0%| F|  |TAMS 0x0000000753e00000| PB 0x0000000753e00000| Untracked 
| 672|0x0000000754000000, 0x0000000754000000, 0x0000000754200000|  0%| F|  |TAMS 0x0000000754000000| PB 0x0000000754000000| Untracked 
| 673|0x0000000754200000, 0x0000000754200000, 0x0000000754400000|  0%| F|  |TAMS 0x0000000754200000| PB 0x0000000754200000| Untracked 
| 674|0x0000000754400000, 0x0000000754400000, 0x0000000754600000|  0%| F|  |TAMS 0x0000000754400000| PB 0x0000000754400000| Untracked 
| 675|0x0000000754600000, 0x0000000754600000, 0x0000000754800000|  0%| F|  |TAMS 0x0000000754600000| PB 0x0000000754600000| Untracked 
| 676|0x0000000754800000, 0x0000000754800000, 0x0000000754a00000|  0%| F|  |TAMS 0x0000000754800000| PB 0x0000000754800000| Untracked 
| 677|0x0000000754a00000, 0x0000000754a00000, 0x0000000754c00000|  0%| F|  |TAMS 0x0000000754a00000| PB 0x0000000754a00000| Untracked 
| 678|0x0000000754c00000, 0x0000000754c00000, 0x0000000754e00000|  0%| F|  |TAMS 0x0000000754c00000| PB 0x0000000754c00000| Untracked 
| 679|0x0000000754e00000, 0x0000000754e00000, 0x0000000755000000|  0%| F|  |TAMS 0x0000000754e00000| PB 0x0000000754e00000| Untracked 
| 680|0x0000000755000000, 0x0000000755000000, 0x0000000755200000|  0%| F|  |TAMS 0x0000000755000000| PB 0x0000000755000000| Untracked 
| 681|0x0000000755200000, 0x0000000755200000, 0x0000000755400000|  0%| F|  |TAMS 0x0000000755200000| PB 0x0000000755200000| Untracked 
| 682|0x0000000755400000, 0x0000000755400000, 0x0000000755600000|  0%| F|  |TAMS 0x0000000755400000| PB 0x0000000755400000| Untracked 
| 683|0x0000000755600000, 0x0000000755600000, 0x0000000755800000|  0%| F|  |TAMS 0x0000000755600000| PB 0x0000000755600000| Untracked 
| 684|0x0000000755800000, 0x0000000755800000, 0x0000000755a00000|  0%| F|  |TAMS 0x0000000755800000| PB 0x0000000755800000| Untracked 
| 685|0x0000000755a00000, 0x0000000755a00000, 0x0000000755c00000|  0%| F|  |TAMS 0x0000000755a00000| PB 0x0000000755a00000| Untracked 
| 686|0x0000000755c00000, 0x0000000755c00000, 0x0000000755e00000|  0%| F|  |TAMS 0x0000000755c00000| PB 0x0000000755c00000| Untracked 
| 687|0x0000000755e00000, 0x0000000755e00000, 0x0000000756000000|  0%| F|  |TAMS 0x0000000755e00000| PB 0x0000000755e00000| Untracked 
| 688|0x0000000756000000, 0x0000000756000000, 0x0000000756200000|  0%| F|  |TAMS 0x0000000756000000| PB 0x0000000756000000| Untracked 
| 689|0x0000000756200000, 0x0000000756200000, 0x0000000756400000|  0%| F|  |TAMS 0x0000000756200000| PB 0x0000000756200000| Untracked 
| 690|0x0000000756400000, 0x0000000756400000, 0x0000000756600000|  0%| F|  |TAMS 0x0000000756400000| PB 0x0000000756400000| Untracked 
| 691|0x0000000756600000, 0x0000000756600000, 0x0000000756800000|  0%| F|  |TAMS 0x0000000756600000| PB 0x0000000756600000| Untracked 
| 692|0x0000000756800000, 0x0000000756800000, 0x0000000756a00000|  0%| F|  |TAMS 0x0000000756800000| PB 0x0000000756800000| Untracked 
| 693|0x0000000756a00000, 0x0000000756a00000, 0x0000000756c00000|  0%| F|  |TAMS 0x0000000756a00000| PB 0x0000000756a00000| Untracked 
| 694|0x0000000756c00000, 0x0000000756c00000, 0x0000000756e00000|  0%| F|  |TAMS 0x0000000756c00000| PB 0x0000000756c00000| Untracked 
| 695|0x0000000756e00000, 0x0000000756e00000, 0x0000000757000000|  0%| F|  |TAMS 0x0000000756e00000| PB 0x0000000756e00000| Untracked 
| 696|0x0000000757000000, 0x0000000757000000, 0x0000000757200000|  0%| F|  |TAMS 0x0000000757000000| PB 0x0000000757000000| Untracked 
| 697|0x0000000757200000, 0x0000000757200000, 0x0000000757400000|  0%| F|  |TAMS 0x0000000757200000| PB 0x0000000757200000| Untracked 
| 698|0x0000000757400000, 0x0000000757400000, 0x0000000757600000|  0%| F|  |TAMS 0x0000000757400000| PB 0x0000000757400000| Untracked 
| 699|0x0000000757600000, 0x0000000757600000, 0x0000000757800000|  0%| F|  |TAMS 0x0000000757600000| PB 0x0000000757600000| Untracked 
| 700|0x0000000757800000, 0x0000000757800000, 0x0000000757a00000|  0%| F|  |TAMS 0x0000000757800000| PB 0x0000000757800000| Untracked 
| 701|0x0000000757a00000, 0x0000000757a00000, 0x0000000757c00000|  0%| F|  |TAMS 0x0000000757a00000| PB 0x0000000757a00000| Untracked 
| 702|0x0000000757c00000, 0x0000000757c00000, 0x0000000757e00000|  0%| F|  |TAMS 0x0000000757c00000| PB 0x0000000757c00000| Untracked 
| 703|0x0000000757e00000, 0x0000000757e00000, 0x0000000758000000|  0%| F|  |TAMS 0x0000000757e00000| PB 0x0000000757e00000| Untracked 
| 704|0x0000000758000000, 0x0000000758000000, 0x0000000758200000|  0%| F|  |TAMS 0x0000000758000000| PB 0x0000000758000000| Untracked 
| 705|0x0000000758200000, 0x0000000758200000, 0x0000000758400000|  0%| F|  |TAMS 0x0000000758200000| PB 0x0000000758200000| Untracked 
| 706|0x0000000758400000, 0x0000000758400000, 0x0000000758600000|  0%| F|  |TAMS 0x0000000758400000| PB 0x0000000758400000| Untracked 
| 707|0x0000000758600000, 0x0000000758600000, 0x0000000758800000|  0%| F|  |TAMS 0x0000000758600000| PB 0x0000000758600000| Untracked 
| 708|0x0000000758800000, 0x0000000758800000, 0x0000000758a00000|  0%| F|  |TAMS 0x0000000758800000| PB 0x0000000758800000| Untracked 
| 709|0x0000000758a00000, 0x0000000758a00000, 0x0000000758c00000|  0%| F|  |TAMS 0x0000000758a00000| PB 0x0000000758a00000| Untracked 
| 710|0x0000000758c00000, 0x0000000758c00000, 0x0000000758e00000|  0%| F|  |TAMS 0x0000000758c00000| PB 0x0000000758c00000| Untracked 
| 711|0x0000000758e00000, 0x0000000758e00000, 0x0000000759000000|  0%| F|  |TAMS 0x0000000758e00000| PB 0x0000000758e00000| Untracked 
| 712|0x0000000759000000, 0x0000000759000000, 0x0000000759200000|  0%| F|  |TAMS 0x0000000759000000| PB 0x0000000759000000| Untracked 
| 713|0x0000000759200000, 0x0000000759200000, 0x0000000759400000|  0%| F|  |TAMS 0x0000000759200000| PB 0x0000000759200000| Untracked 
| 714|0x0000000759400000, 0x0000000759400000, 0x0000000759600000|  0%| F|  |TAMS 0x0000000759400000| PB 0x0000000759400000| Untracked 
| 715|0x0000000759600000, 0x0000000759600000, 0x0000000759800000|  0%| F|  |TAMS 0x0000000759600000| PB 0x0000000759600000| Untracked 
| 716|0x0000000759800000, 0x0000000759800000, 0x0000000759a00000|  0%| F|  |TAMS 0x0000000759800000| PB 0x0000000759800000| Untracked 
| 717|0x0000000759a00000, 0x0000000759a00000, 0x0000000759c00000|  0%| F|  |TAMS 0x0000000759a00000| PB 0x0000000759a00000| Untracked 
| 718|0x0000000759c00000, 0x0000000759c00000, 0x0000000759e00000|  0%| F|  |TAMS 0x0000000759c00000| PB 0x0000000759c00000| Untracked 
| 719|0x0000000759e00000, 0x0000000759e00000, 0x000000075a000000|  0%| F|  |TAMS 0x0000000759e00000| PB 0x0000000759e00000| Untracked 
| 720|0x000000075a000000, 0x000000075a000000, 0x000000075a200000|  0%| F|  |TAMS 0x000000075a000000| PB 0x000000075a000000| Untracked 
| 721|0x000000075a200000, 0x000000075a200000, 0x000000075a400000|  0%| F|  |TAMS 0x000000075a200000| PB 0x000000075a200000| Untracked 
| 722|0x000000075a400000, 0x000000075a400000, 0x000000075a600000|  0%| F|  |TAMS 0x000000075a400000| PB 0x000000075a400000| Untracked 
| 723|0x000000075a600000, 0x000000075a600000, 0x000000075a800000|  0%| F|  |TAMS 0x000000075a600000| PB 0x000000075a600000| Untracked 
| 724|0x000000075a800000, 0x000000075a800000, 0x000000075aa00000|  0%| F|  |TAMS 0x000000075a800000| PB 0x000000075a800000| Untracked 
| 725|0x000000075aa00000, 0x000000075aa00000, 0x000000075ac00000|  0%| F|  |TAMS 0x000000075aa00000| PB 0x000000075aa00000| Untracked 
| 726|0x000000075ac00000, 0x000000075ac00000, 0x000000075ae00000|  0%| F|  |TAMS 0x000000075ac00000| PB 0x000000075ac00000| Untracked 
| 727|0x000000075ae00000, 0x000000075ae00000, 0x000000075b000000|  0%| F|  |TAMS 0x000000075ae00000| PB 0x000000075ae00000| Untracked 
| 728|0x000000075b000000, 0x000000075b000000, 0x000000075b200000|  0%| F|  |TAMS 0x000000075b000000| PB 0x000000075b000000| Untracked 
| 729|0x000000075b200000, 0x000000075b200000, 0x000000075b400000|  0%| F|  |TAMS 0x000000075b200000| PB 0x000000075b200000| Untracked 
| 730|0x000000075b400000, 0x000000075b400000, 0x000000075b600000|  0%| F|  |TAMS 0x000000075b400000| PB 0x000000075b400000| Untracked 
| 731|0x000000075b600000, 0x000000075b600000, 0x000000075b800000|  0%| F|  |TAMS 0x000000075b600000| PB 0x000000075b600000| Untracked 
| 732|0x000000075b800000, 0x000000075b800000, 0x000000075ba00000|  0%| F|  |TAMS 0x000000075b800000| PB 0x000000075b800000| Untracked 
| 733|0x000000075ba00000, 0x000000075ba00000, 0x000000075bc00000|  0%| F|  |TAMS 0x000000075ba00000| PB 0x000000075ba00000| Untracked 
| 734|0x000000075bc00000, 0x000000075bc00000, 0x000000075be00000|  0%| F|  |TAMS 0x000000075bc00000| PB 0x000000075bc00000| Untracked 
| 735|0x000000075be00000, 0x000000075be00000, 0x000000075c000000|  0%| F|  |TAMS 0x000000075be00000| PB 0x000000075be00000| Untracked 
| 736|0x000000075c000000, 0x000000075c000000, 0x000000075c200000|  0%| F|  |TAMS 0x000000075c000000| PB 0x000000075c000000| Untracked 
| 737|0x000000075c200000, 0x000000075c200000, 0x000000075c400000|  0%| F|  |TAMS 0x000000075c200000| PB 0x000000075c200000| Untracked 
| 738|0x000000075c400000, 0x000000075c400000, 0x000000075c600000|  0%| F|  |TAMS 0x000000075c400000| PB 0x000000075c400000| Untracked 
| 739|0x000000075c600000, 0x000000075c600000, 0x000000075c800000|  0%| F|  |TAMS 0x000000075c600000| PB 0x000000075c600000| Untracked 
| 740|0x000000075c800000, 0x000000075c800000, 0x000000075ca00000|  0%| F|  |TAMS 0x000000075c800000| PB 0x000000075c800000| Untracked 
| 741|0x000000075ca00000, 0x000000075ca00000, 0x000000075cc00000|  0%| F|  |TAMS 0x000000075ca00000| PB 0x000000075ca00000| Untracked 
| 742|0x000000075cc00000, 0x000000075cc00000, 0x000000075ce00000|  0%| F|  |TAMS 0x000000075cc00000| PB 0x000000075cc00000| Untracked 
| 743|0x000000075ce00000, 0x000000075ce00000, 0x000000075d000000|  0%| F|  |TAMS 0x000000075ce00000| PB 0x000000075ce00000| Untracked 
| 744|0x000000075d000000, 0x000000075d000000, 0x000000075d200000|  0%| F|  |TAMS 0x000000075d000000| PB 0x000000075d000000| Untracked 
| 745|0x000000075d200000, 0x000000075d200000, 0x000000075d400000|  0%| F|  |TAMS 0x000000075d200000| PB 0x000000075d200000| Untracked 
| 746|0x000000075d400000, 0x000000075d400000, 0x000000075d600000|  0%| F|  |TAMS 0x000000075d400000| PB 0x000000075d400000| Untracked 
| 747|0x000000075d600000, 0x000000075d600000, 0x000000075d800000|  0%| F|  |TAMS 0x000000075d600000| PB 0x000000075d600000| Untracked 
| 748|0x000000075d800000, 0x000000075d800000, 0x000000075da00000|  0%| F|  |TAMS 0x000000075d800000| PB 0x000000075d800000| Untracked 
| 749|0x000000075da00000, 0x000000075da00000, 0x000000075dc00000|  0%| F|  |TAMS 0x000000075da00000| PB 0x000000075da00000| Untracked 
| 750|0x000000075dc00000, 0x000000075dc00000, 0x000000075de00000|  0%| F|  |TAMS 0x000000075dc00000| PB 0x000000075dc00000| Untracked 
| 751|0x000000075de00000, 0x000000075de00000, 0x000000075e000000|  0%| F|  |TAMS 0x000000075de00000| PB 0x000000075de00000| Untracked 
| 752|0x000000075e000000, 0x000000075e000000, 0x000000075e200000|  0%| F|  |TAMS 0x000000075e000000| PB 0x000000075e000000| Untracked 
| 753|0x000000075e200000, 0x000000075e200000, 0x000000075e400000|  0%| F|  |TAMS 0x000000075e200000| PB 0x000000075e200000| Untracked 
| 754|0x000000075e400000, 0x000000075e400000, 0x000000075e600000|  0%| F|  |TAMS 0x000000075e400000| PB 0x000000075e400000| Untracked 
| 755|0x000000075e600000, 0x000000075e600000, 0x000000075e800000|  0%| F|  |TAMS 0x000000075e600000| PB 0x000000075e600000| Untracked 
| 756|0x000000075e800000, 0x000000075e800000, 0x000000075ea00000|  0%| F|  |TAMS 0x000000075e800000| PB 0x000000075e800000| Untracked 
| 757|0x000000075ea00000, 0x000000075ea00000, 0x000000075ec00000|  0%| F|  |TAMS 0x000000075ea00000| PB 0x000000075ea00000| Untracked 
| 758|0x000000075ec00000, 0x000000075ec00000, 0x000000075ee00000|  0%| F|  |TAMS 0x000000075ec00000| PB 0x000000075ec00000| Untracked 
| 759|0x000000075ee00000, 0x000000075ee00000, 0x000000075f000000|  0%| F|  |TAMS 0x000000075ee00000| PB 0x000000075ee00000| Untracked 
| 760|0x000000075f000000, 0x000000075f000000, 0x000000075f200000|  0%| F|  |TAMS 0x000000075f000000| PB 0x000000075f000000| Untracked 
| 761|0x000000075f200000, 0x000000075f200000, 0x000000075f400000|  0%| F|  |TAMS 0x000000075f200000| PB 0x000000075f200000| Untracked 
| 762|0x000000075f400000, 0x000000075f400000, 0x000000075f600000|  0%| F|  |TAMS 0x000000075f400000| PB 0x000000075f400000| Untracked 
| 763|0x000000075f600000, 0x000000075f600000, 0x000000075f800000|  0%| F|  |TAMS 0x000000075f600000| PB 0x000000075f600000| Untracked 
| 764|0x000000075f800000, 0x000000075f800000, 0x000000075fa00000|  0%| F|  |TAMS 0x000000075f800000| PB 0x000000075f800000| Untracked 
| 765|0x000000075fa00000, 0x000000075fa00000, 0x000000075fc00000|  0%| F|  |TAMS 0x000000075fa00000| PB 0x000000075fa00000| Untracked 
| 766|0x000000075fc00000, 0x000000075fc00000, 0x000000075fe00000|  0%| F|  |TAMS 0x000000075fc00000| PB 0x000000075fc00000| Untracked 
| 767|0x000000075fe00000, 0x000000075fe00000, 0x0000000760000000|  0%| F|  |TAMS 0x000000075fe00000| PB 0x000000075fe00000| Untracked 
| 768|0x0000000760000000, 0x0000000760000000, 0x0000000760200000|  0%| F|  |TAMS 0x0000000760000000| PB 0x0000000760000000| Untracked 
| 769|0x0000000760200000, 0x0000000760200000, 0x0000000760400000|  0%| F|  |TAMS 0x0000000760200000| PB 0x0000000760200000| Untracked 
| 770|0x0000000760400000, 0x0000000760400000, 0x0000000760600000|  0%| F|  |TAMS 0x0000000760400000| PB 0x0000000760400000| Untracked 
| 771|0x0000000760600000, 0x0000000760600000, 0x0000000760800000|  0%| F|  |TAMS 0x0000000760600000| PB 0x0000000760600000| Untracked 
| 772|0x0000000760800000, 0x0000000760800000, 0x0000000760a00000|  0%| F|  |TAMS 0x0000000760800000| PB 0x0000000760800000| Untracked 
| 773|0x0000000760a00000, 0x0000000760a00000, 0x0000000760c00000|  0%| F|  |TAMS 0x0000000760a00000| PB 0x0000000760a00000| Untracked 
| 774|0x0000000760c00000, 0x0000000760c00000, 0x0000000760e00000|  0%| F|  |TAMS 0x0000000760c00000| PB 0x0000000760c00000| Untracked 
| 775|0x0000000760e00000, 0x0000000760e00000, 0x0000000761000000|  0%| F|  |TAMS 0x0000000760e00000| PB 0x0000000760e00000| Untracked 
| 776|0x0000000761000000, 0x0000000761000000, 0x0000000761200000|  0%| F|  |TAMS 0x0000000761000000| PB 0x0000000761000000| Untracked 
| 777|0x0000000761200000, 0x0000000761200000, 0x0000000761400000|  0%| F|  |TAMS 0x0000000761200000| PB 0x0000000761200000| Untracked 
| 778|0x0000000761400000, 0x0000000761400000, 0x0000000761600000|  0%| F|  |TAMS 0x0000000761400000| PB 0x0000000761400000| Untracked 
| 779|0x0000000761600000, 0x0000000761600000, 0x0000000761800000|  0%| F|  |TAMS 0x0000000761600000| PB 0x0000000761600000| Untracked 
| 780|0x0000000761800000, 0x0000000761800000, 0x0000000761a00000|  0%| F|  |TAMS 0x0000000761800000| PB 0x0000000761800000| Untracked 
| 781|0x0000000761a00000, 0x0000000761a00000, 0x0000000761c00000|  0%| F|  |TAMS 0x0000000761a00000| PB 0x0000000761a00000| Untracked 
| 782|0x0000000761c00000, 0x0000000761c00000, 0x0000000761e00000|  0%| F|  |TAMS 0x0000000761c00000| PB 0x0000000761c00000| Untracked 
| 783|0x0000000761e00000, 0x0000000761e00000, 0x0000000762000000|  0%| F|  |TAMS 0x0000000761e00000| PB 0x0000000761e00000| Untracked 
| 784|0x0000000762000000, 0x0000000762000000, 0x0000000762200000|  0%| F|  |TAMS 0x0000000762000000| PB 0x0000000762000000| Untracked 
| 785|0x0000000762200000, 0x0000000762200000, 0x0000000762400000|  0%| F|  |TAMS 0x0000000762200000| PB 0x0000000762200000| Untracked 
| 786|0x0000000762400000, 0x0000000762400000, 0x0000000762600000|  0%| F|  |TAMS 0x0000000762400000| PB 0x0000000762400000| Untracked 
| 787|0x0000000762600000, 0x0000000762600000, 0x0000000762800000|  0%| F|  |TAMS 0x0000000762600000| PB 0x0000000762600000| Untracked 
| 788|0x0000000762800000, 0x0000000762800000, 0x0000000762a00000|  0%| F|  |TAMS 0x0000000762800000| PB 0x0000000762800000| Untracked 
| 789|0x0000000762a00000, 0x0000000762a00000, 0x0000000762c00000|  0%| F|  |TAMS 0x0000000762a00000| PB 0x0000000762a00000| Untracked 
| 790|0x0000000762c00000, 0x0000000762c00000, 0x0000000762e00000|  0%| F|  |TAMS 0x0000000762c00000| PB 0x0000000762c00000| Untracked 
| 791|0x0000000762e00000, 0x0000000762e00000, 0x0000000763000000|  0%| F|  |TAMS 0x0000000762e00000| PB 0x0000000762e00000| Untracked 
| 792|0x0000000763000000, 0x0000000763000000, 0x0000000763200000|  0%| F|  |TAMS 0x0000000763000000| PB 0x0000000763000000| Untracked 
| 793|0x0000000763200000, 0x0000000763200000, 0x0000000763400000|  0%| F|  |TAMS 0x0000000763200000| PB 0x0000000763200000| Untracked 
| 794|0x0000000763400000, 0x0000000763400000, 0x0000000763600000|  0%| F|  |TAMS 0x0000000763400000| PB 0x0000000763400000| Untracked 
| 795|0x0000000763600000, 0x0000000763600000, 0x0000000763800000|  0%| F|  |TAMS 0x0000000763600000| PB 0x0000000763600000| Untracked 
| 796|0x0000000763800000, 0x0000000763800000, 0x0000000763a00000|  0%| F|  |TAMS 0x0000000763800000| PB 0x0000000763800000| Untracked 
| 797|0x0000000763a00000, 0x0000000763a00000, 0x0000000763c00000|  0%| F|  |TAMS 0x0000000763a00000| PB 0x0000000763a00000| Untracked 
| 798|0x0000000763c00000, 0x0000000763c00000, 0x0000000763e00000|  0%| F|  |TAMS 0x0000000763c00000| PB 0x0000000763c00000| Untracked 
| 799|0x0000000763e00000, 0x0000000763e00000, 0x0000000764000000|  0%| F|  |TAMS 0x0000000763e00000| PB 0x0000000763e00000| Untracked 
| 800|0x0000000764000000, 0x0000000764000000, 0x0000000764200000|  0%| F|  |TAMS 0x0000000764000000| PB 0x0000000764000000| Untracked 
| 801|0x0000000764200000, 0x0000000764200000, 0x0000000764400000|  0%| F|  |TAMS 0x0000000764200000| PB 0x0000000764200000| Untracked 
| 802|0x0000000764400000, 0x0000000764400000, 0x0000000764600000|  0%| F|  |TAMS 0x0000000764400000| PB 0x0000000764400000| Untracked 
| 803|0x0000000764600000, 0x0000000764600000, 0x0000000764800000|  0%| F|  |TAMS 0x0000000764600000| PB 0x0000000764600000| Untracked 
| 804|0x0000000764800000, 0x0000000764800000, 0x0000000764a00000|  0%| F|  |TAMS 0x0000000764800000| PB 0x0000000764800000| Untracked 
| 805|0x0000000764a00000, 0x0000000764a00000, 0x0000000764c00000|  0%| F|  |TAMS 0x0000000764a00000| PB 0x0000000764a00000| Untracked 
| 806|0x0000000764c00000, 0x0000000764c00000, 0x0000000764e00000|  0%| F|  |TAMS 0x0000000764c00000| PB 0x0000000764c00000| Untracked 
| 807|0x0000000764e00000, 0x0000000764e00000, 0x0000000765000000|  0%| F|  |TAMS 0x0000000764e00000| PB 0x0000000764e00000| Untracked 
| 808|0x0000000765000000, 0x0000000765000000, 0x0000000765200000|  0%| F|  |TAMS 0x0000000765000000| PB 0x0000000765000000| Untracked 
| 809|0x0000000765200000, 0x0000000765200000, 0x0000000765400000|  0%| F|  |TAMS 0x0000000765200000| PB 0x0000000765200000| Untracked 
| 810|0x0000000765400000, 0x0000000765400000, 0x0000000765600000|  0%| F|  |TAMS 0x0000000765400000| PB 0x0000000765400000| Untracked 
| 811|0x0000000765600000, 0x0000000765600000, 0x0000000765800000|  0%| F|  |TAMS 0x0000000765600000| PB 0x0000000765600000| Untracked 
| 812|0x0000000765800000, 0x0000000765800000, 0x0000000765a00000|  0%| F|  |TAMS 0x0000000765800000| PB 0x0000000765800000| Untracked 
| 813|0x0000000765a00000, 0x0000000765a00000, 0x0000000765c00000|  0%| F|  |TAMS 0x0000000765a00000| PB 0x0000000765a00000| Untracked 
| 814|0x0000000765c00000, 0x0000000765c00000, 0x0000000765e00000|  0%| F|  |TAMS 0x0000000765c00000| PB 0x0000000765c00000| Untracked 
| 815|0x0000000765e00000, 0x0000000765e00000, 0x0000000766000000|  0%| F|  |TAMS 0x0000000765e00000| PB 0x0000000765e00000| Untracked 
| 816|0x0000000766000000, 0x0000000766000000, 0x0000000766200000|  0%| F|  |TAMS 0x0000000766000000| PB 0x0000000766000000| Untracked 
| 817|0x0000000766200000, 0x0000000766200000, 0x0000000766400000|  0%| F|  |TAMS 0x0000000766200000| PB 0x0000000766200000| Untracked 
| 818|0x0000000766400000, 0x0000000766400000, 0x0000000766600000|  0%| F|  |TAMS 0x0000000766400000| PB 0x0000000766400000| Untracked 
| 819|0x0000000766600000, 0x0000000766600000, 0x0000000766800000|  0%| F|  |TAMS 0x0000000766600000| PB 0x0000000766600000| Untracked 
| 820|0x0000000766800000, 0x0000000766800000, 0x0000000766a00000|  0%| F|  |TAMS 0x0000000766800000| PB 0x0000000766800000| Untracked 
| 821|0x0000000766a00000, 0x0000000766a00000, 0x0000000766c00000|  0%| F|  |TAMS 0x0000000766a00000| PB 0x0000000766a00000| Untracked 
| 822|0x0000000766c00000, 0x0000000766c00000, 0x0000000766e00000|  0%| F|  |TAMS 0x0000000766c00000| PB 0x0000000766c00000| Untracked 
| 823|0x0000000766e00000, 0x0000000766e00000, 0x0000000767000000|  0%| F|  |TAMS 0x0000000766e00000| PB 0x0000000766e00000| Untracked 
| 824|0x0000000767000000, 0x0000000767000000, 0x0000000767200000|  0%| F|  |TAMS 0x0000000767000000| PB 0x0000000767000000| Untracked 
| 825|0x0000000767200000, 0x0000000767200000, 0x0000000767400000|  0%| F|  |TAMS 0x0000000767200000| PB 0x0000000767200000| Untracked 
| 826|0x0000000767400000, 0x0000000767400000, 0x0000000767600000|  0%| F|  |TAMS 0x0000000767400000| PB 0x0000000767400000| Untracked 
| 827|0x0000000767600000, 0x0000000767600000, 0x0000000767800000|  0%| F|  |TAMS 0x0000000767600000| PB 0x0000000767600000| Untracked 
| 828|0x0000000767800000, 0x0000000767800000, 0x0000000767a00000|  0%| F|  |TAMS 0x0000000767800000| PB 0x0000000767800000| Untracked 
| 829|0x0000000767a00000, 0x0000000767a00000, 0x0000000767c00000|  0%| F|  |TAMS 0x0000000767a00000| PB 0x0000000767a00000| Untracked 
| 830|0x0000000767c00000, 0x0000000767c00000, 0x0000000767e00000|  0%| F|  |TAMS 0x0000000767c00000| PB 0x0000000767c00000| Untracked 
| 831|0x0000000767e00000, 0x0000000767e00000, 0x0000000768000000|  0%| F|  |TAMS 0x0000000767e00000| PB 0x0000000767e00000| Untracked 
| 832|0x0000000768000000, 0x0000000768000000, 0x0000000768200000|  0%| F|  |TAMS 0x0000000768000000| PB 0x0000000768000000| Untracked 
| 833|0x0000000768200000, 0x0000000768200000, 0x0000000768400000|  0%| F|  |TAMS 0x0000000768200000| PB 0x0000000768200000| Untracked 
| 834|0x0000000768400000, 0x0000000768400000, 0x0000000768600000|  0%| F|  |TAMS 0x0000000768400000| PB 0x0000000768400000| Untracked 
| 835|0x0000000768600000, 0x0000000768600000, 0x0000000768800000|  0%| F|  |TAMS 0x0000000768600000| PB 0x0000000768600000| Untracked 
| 836|0x0000000768800000, 0x0000000768800000, 0x0000000768a00000|  0%| F|  |TAMS 0x0000000768800000| PB 0x0000000768800000| Untracked 
| 837|0x0000000768a00000, 0x0000000768a00000, 0x0000000768c00000|  0%| F|  |TAMS 0x0000000768a00000| PB 0x0000000768a00000| Untracked 
| 838|0x0000000768c00000, 0x0000000768c00000, 0x0000000768e00000|  0%| F|  |TAMS 0x0000000768c00000| PB 0x0000000768c00000| Untracked 
| 839|0x0000000768e00000, 0x0000000768e00000, 0x0000000769000000|  0%| F|  |TAMS 0x0000000768e00000| PB 0x0000000768e00000| Untracked 
| 840|0x0000000769000000, 0x0000000769000000, 0x0000000769200000|  0%| F|  |TAMS 0x0000000769000000| PB 0x0000000769000000| Untracked 
| 841|0x0000000769200000, 0x0000000769200000, 0x0000000769400000|  0%| F|  |TAMS 0x0000000769200000| PB 0x0000000769200000| Untracked 
| 842|0x0000000769400000, 0x0000000769400000, 0x0000000769600000|  0%| F|  |TAMS 0x0000000769400000| PB 0x0000000769400000| Untracked 
| 843|0x0000000769600000, 0x0000000769600000, 0x0000000769800000|  0%| F|  |TAMS 0x0000000769600000| PB 0x0000000769600000| Untracked 
| 844|0x0000000769800000, 0x0000000769800000, 0x0000000769a00000|  0%| F|  |TAMS 0x0000000769800000| PB 0x0000000769800000| Untracked 
| 845|0x0000000769a00000, 0x0000000769a00000, 0x0000000769c00000|  0%| F|  |TAMS 0x0000000769a00000| PB 0x0000000769a00000| Untracked 
| 846|0x0000000769c00000, 0x0000000769c00000, 0x0000000769e00000|  0%| F|  |TAMS 0x0000000769c00000| PB 0x0000000769c00000| Untracked 
| 847|0x0000000769e00000, 0x0000000769e00000, 0x000000076a000000|  0%| F|  |TAMS 0x0000000769e00000| PB 0x0000000769e00000| Untracked 
| 848|0x000000076a000000, 0x000000076a000000, 0x000000076a200000|  0%| F|  |TAMS 0x000000076a000000| PB 0x000000076a000000| Untracked 
| 849|0x000000076a200000, 0x000000076a200000, 0x000000076a400000|  0%| F|  |TAMS 0x000000076a200000| PB 0x000000076a200000| Untracked 
| 850|0x000000076a400000, 0x000000076a400000, 0x000000076a600000|  0%| F|  |TAMS 0x000000076a400000| PB 0x000000076a400000| Untracked 
| 851|0x000000076a600000, 0x000000076a600000, 0x000000076a800000|  0%| F|  |TAMS 0x000000076a600000| PB 0x000000076a600000| Untracked 
| 852|0x000000076a800000, 0x000000076a800000, 0x000000076aa00000|  0%| F|  |TAMS 0x000000076a800000| PB 0x000000076a800000| Untracked 
| 853|0x000000076aa00000, 0x000000076aa00000, 0x000000076ac00000|  0%| F|  |TAMS 0x000000076aa00000| PB 0x000000076aa00000| Untracked 
| 854|0x000000076ac00000, 0x000000076ac00000, 0x000000076ae00000|  0%| F|  |TAMS 0x000000076ac00000| PB 0x000000076ac00000| Untracked 
| 855|0x000000076ae00000, 0x000000076ae00000, 0x000000076b000000|  0%| F|  |TAMS 0x000000076ae00000| PB 0x000000076ae00000| Untracked 
| 856|0x000000076b000000, 0x000000076b000000, 0x000000076b200000|  0%| F|  |TAMS 0x000000076b000000| PB 0x000000076b000000| Untracked 
| 857|0x000000076b200000, 0x000000076b200000, 0x000000076b400000|  0%| F|  |TAMS 0x000000076b200000| PB 0x000000076b200000| Untracked 
| 858|0x000000076b400000, 0x000000076b400000, 0x000000076b600000|  0%| F|  |TAMS 0x000000076b400000| PB 0x000000076b400000| Untracked 
| 859|0x000000076b600000, 0x000000076b600000, 0x000000076b800000|  0%| F|  |TAMS 0x000000076b600000| PB 0x000000076b600000| Untracked 
| 860|0x000000076b800000, 0x000000076b800000, 0x000000076ba00000|  0%| F|  |TAMS 0x000000076b800000| PB 0x000000076b800000| Untracked 
| 861|0x000000076ba00000, 0x000000076ba00000, 0x000000076bc00000|  0%| F|  |TAMS 0x000000076ba00000| PB 0x000000076ba00000| Untracked 
| 862|0x000000076bc00000, 0x000000076bc00000, 0x000000076be00000|  0%| F|  |TAMS 0x000000076bc00000| PB 0x000000076bc00000| Untracked 
| 863|0x000000076be00000, 0x000000076be00000, 0x000000076c000000|  0%| F|  |TAMS 0x000000076be00000| PB 0x000000076be00000| Untracked 
| 864|0x000000076c000000, 0x000000076c000000, 0x000000076c200000|  0%| F|  |TAMS 0x000000076c000000| PB 0x000000076c000000| Untracked 
| 865|0x000000076c200000, 0x000000076c200000, 0x000000076c400000|  0%| F|  |TAMS 0x000000076c200000| PB 0x000000076c200000| Untracked 
| 866|0x000000076c400000, 0x000000076c400000, 0x000000076c600000|  0%| F|  |TAMS 0x000000076c400000| PB 0x000000076c400000| Untracked 
| 867|0x000000076c600000, 0x000000076c600000, 0x000000076c800000|  0%| F|  |TAMS 0x000000076c600000| PB 0x000000076c600000| Untracked 
| 868|0x000000076c800000, 0x000000076c800000, 0x000000076ca00000|  0%| F|  |TAMS 0x000000076c800000| PB 0x000000076c800000| Untracked 
| 869|0x000000076ca00000, 0x000000076ca00000, 0x000000076cc00000|  0%| F|  |TAMS 0x000000076ca00000| PB 0x000000076ca00000| Untracked 
| 870|0x000000076cc00000, 0x000000076cc00000, 0x000000076ce00000|  0%| F|  |TAMS 0x000000076cc00000| PB 0x000000076cc00000| Untracked 
| 871|0x000000076ce00000, 0x000000076ce00000, 0x000000076d000000|  0%| F|  |TAMS 0x000000076ce00000| PB 0x000000076ce00000| Untracked 
| 872|0x000000076d000000, 0x000000076d000000, 0x000000076d200000|  0%| F|  |TAMS 0x000000076d000000| PB 0x000000076d000000| Untracked 
| 873|0x000000076d200000, 0x000000076d200000, 0x000000076d400000|  0%| F|  |TAMS 0x000000076d200000| PB 0x000000076d200000| Untracked 
| 874|0x000000076d400000, 0x000000076d400000, 0x000000076d600000|  0%| F|  |TAMS 0x000000076d400000| PB 0x000000076d400000| Untracked 
| 875|0x000000076d600000, 0x000000076d600000, 0x000000076d800000|  0%| F|  |TAMS 0x000000076d600000| PB 0x000000076d600000| Untracked 
| 876|0x000000076d800000, 0x000000076d800000, 0x000000076da00000|  0%| F|  |TAMS 0x000000076d800000| PB 0x000000076d800000| Untracked 
| 877|0x000000076da00000, 0x000000076da00000, 0x000000076dc00000|  0%| F|  |TAMS 0x000000076da00000| PB 0x000000076da00000| Untracked 
| 878|0x000000076dc00000, 0x000000076dc00000, 0x000000076de00000|  0%| F|  |TAMS 0x000000076dc00000| PB 0x000000076dc00000| Untracked 
| 879|0x000000076de00000, 0x000000076de00000, 0x000000076e000000|  0%| F|  |TAMS 0x000000076de00000| PB 0x000000076de00000| Untracked 
| 880|0x000000076e000000, 0x000000076e000000, 0x000000076e200000|  0%| F|  |TAMS 0x000000076e000000| PB 0x000000076e000000| Untracked 
| 881|0x000000076e200000, 0x000000076e200000, 0x000000076e400000|  0%| F|  |TAMS 0x000000076e200000| PB 0x000000076e200000| Untracked 
| 882|0x000000076e400000, 0x000000076e400000, 0x000000076e600000|  0%| F|  |TAMS 0x000000076e400000| PB 0x000000076e400000| Untracked 
| 883|0x000000076e600000, 0x000000076e600000, 0x000000076e800000|  0%| F|  |TAMS 0x000000076e600000| PB 0x000000076e600000| Untracked 
| 884|0x000000076e800000, 0x000000076e800000, 0x000000076ea00000|  0%| F|  |TAMS 0x000000076e800000| PB 0x000000076e800000| Untracked 
| 885|0x000000076ea00000, 0x000000076ea00000, 0x000000076ec00000|  0%| F|  |TAMS 0x000000076ea00000| PB 0x000000076ea00000| Untracked 
| 886|0x000000076ec00000, 0x000000076ec00000, 0x000000076ee00000|  0%| F|  |TAMS 0x000000076ec00000| PB 0x000000076ec00000| Untracked 
| 887|0x000000076ee00000, 0x000000076ee00000, 0x000000076f000000|  0%| F|  |TAMS 0x000000076ee00000| PB 0x000000076ee00000| Untracked 
| 888|0x000000076f000000, 0x000000076f000000, 0x000000076f200000|  0%| F|  |TAMS 0x000000076f000000| PB 0x000000076f000000| Untracked 
| 889|0x000000076f200000, 0x000000076f200000, 0x000000076f400000|  0%| F|  |TAMS 0x000000076f200000| PB 0x000000076f200000| Untracked 
| 890|0x000000076f400000, 0x000000076f400000, 0x000000076f600000|  0%| F|  |TAMS 0x000000076f400000| PB 0x000000076f400000| Untracked 
| 891|0x000000076f600000, 0x000000076f600000, 0x000000076f800000|  0%| F|  |TAMS 0x000000076f600000| PB 0x000000076f600000| Untracked 
| 892|0x000000076f800000, 0x000000076f800000, 0x000000076fa00000|  0%| F|  |TAMS 0x000000076f800000| PB 0x000000076f800000| Untracked 
| 893|0x000000076fa00000, 0x000000076fa00000, 0x000000076fc00000|  0%| F|  |TAMS 0x000000076fa00000| PB 0x000000076fa00000| Untracked 
| 894|0x000000076fc00000, 0x000000076fc00000, 0x000000076fe00000|  0%| F|  |TAMS 0x000000076fc00000| PB 0x000000076fc00000| Untracked 
| 895|0x000000076fe00000, 0x000000076fe00000, 0x0000000770000000|  0%| F|  |TAMS 0x000000076fe00000| PB 0x000000076fe00000| Untracked 
| 896|0x0000000770000000, 0x0000000770000000, 0x0000000770200000|  0%| F|  |TAMS 0x0000000770000000| PB 0x0000000770000000| Untracked 
| 897|0x0000000770200000, 0x0000000770200000, 0x0000000770400000|  0%| F|  |TAMS 0x0000000770200000| PB 0x0000000770200000| Untracked 
| 898|0x0000000770400000, 0x0000000770400000, 0x0000000770600000|  0%| F|  |TAMS 0x0000000770400000| PB 0x0000000770400000| Untracked 
| 899|0x0000000770600000, 0x0000000770600000, 0x0000000770800000|  0%| F|  |TAMS 0x0000000770600000| PB 0x0000000770600000| Untracked 
| 900|0x0000000770800000, 0x0000000770800000, 0x0000000770a00000|  0%| F|  |TAMS 0x0000000770800000| PB 0x0000000770800000| Untracked 
| 901|0x0000000770a00000, 0x0000000770a00000, 0x0000000770c00000|  0%| F|  |TAMS 0x0000000770a00000| PB 0x0000000770a00000| Untracked 
| 902|0x0000000770c00000, 0x0000000770c00000, 0x0000000770e00000|  0%| F|  |TAMS 0x0000000770c00000| PB 0x0000000770c00000| Untracked 
| 903|0x0000000770e00000, 0x0000000770e00000, 0x0000000771000000|  0%| F|  |TAMS 0x0000000770e00000| PB 0x0000000770e00000| Untracked 
| 904|0x0000000771000000, 0x0000000771000000, 0x0000000771200000|  0%| F|  |TAMS 0x0000000771000000| PB 0x0000000771000000| Untracked 
| 905|0x0000000771200000, 0x0000000771200000, 0x0000000771400000|  0%| F|  |TAMS 0x0000000771200000| PB 0x0000000771200000| Untracked 
| 906|0x0000000771400000, 0x0000000771400000, 0x0000000771600000|  0%| F|  |TAMS 0x0000000771400000| PB 0x0000000771400000| Untracked 
| 907|0x0000000771600000, 0x0000000771600000, 0x0000000771800000|  0%| F|  |TAMS 0x0000000771600000| PB 0x0000000771600000| Untracked 
| 908|0x0000000771800000, 0x0000000771800000, 0x0000000771a00000|  0%| F|  |TAMS 0x0000000771800000| PB 0x0000000771800000| Untracked 
| 909|0x0000000771a00000, 0x0000000771a00000, 0x0000000771c00000|  0%| F|  |TAMS 0x0000000771a00000| PB 0x0000000771a00000| Untracked 
| 910|0x0000000771c00000, 0x0000000771c00000, 0x0000000771e00000|  0%| F|  |TAMS 0x0000000771c00000| PB 0x0000000771c00000| Untracked 
| 911|0x0000000771e00000, 0x0000000771e00000, 0x0000000772000000|  0%| F|  |TAMS 0x0000000771e00000| PB 0x0000000771e00000| Untracked 
| 912|0x0000000772000000, 0x0000000772000000, 0x0000000772200000|  0%| F|  |TAMS 0x0000000772000000| PB 0x0000000772000000| Untracked 
| 913|0x0000000772200000, 0x0000000772200000, 0x0000000772400000|  0%| F|  |TAMS 0x0000000772200000| PB 0x0000000772200000| Untracked 
| 914|0x0000000772400000, 0x0000000772400000, 0x0000000772600000|  0%| F|  |TAMS 0x0000000772400000| PB 0x0000000772400000| Untracked 
| 915|0x0000000772600000, 0x0000000772600000, 0x0000000772800000|  0%| F|  |TAMS 0x0000000772600000| PB 0x0000000772600000| Untracked 
| 916|0x0000000772800000, 0x0000000772800000, 0x0000000772a00000|  0%| F|  |TAMS 0x0000000772800000| PB 0x0000000772800000| Untracked 
| 917|0x0000000772a00000, 0x0000000772a00000, 0x0000000772c00000|  0%| F|  |TAMS 0x0000000772a00000| PB 0x0000000772a00000| Untracked 
| 918|0x0000000772c00000, 0x0000000772c00000, 0x0000000772e00000|  0%| F|  |TAMS 0x0000000772c00000| PB 0x0000000772c00000| Untracked 
| 919|0x0000000772e00000, 0x0000000772e00000, 0x0000000773000000|  0%| F|  |TAMS 0x0000000772e00000| PB 0x0000000772e00000| Untracked 
| 920|0x0000000773000000, 0x0000000773000000, 0x0000000773200000|  0%| F|  |TAMS 0x0000000773000000| PB 0x0000000773000000| Untracked 
| 921|0x0000000773200000, 0x0000000773200000, 0x0000000773400000|  0%| F|  |TAMS 0x0000000773200000| PB 0x0000000773200000| Untracked 
| 922|0x0000000773400000, 0x0000000773400000, 0x0000000773600000|  0%| F|  |TAMS 0x0000000773400000| PB 0x0000000773400000| Untracked 
| 923|0x0000000773600000, 0x0000000773600000, 0x0000000773800000|  0%| F|  |TAMS 0x0000000773600000| PB 0x0000000773600000| Untracked 
| 924|0x0000000773800000, 0x0000000773800000, 0x0000000773a00000|  0%| F|  |TAMS 0x0000000773800000| PB 0x0000000773800000| Untracked 
| 925|0x0000000773a00000, 0x0000000773a00000, 0x0000000773c00000|  0%| F|  |TAMS 0x0000000773a00000| PB 0x0000000773a00000| Untracked 
| 926|0x0000000773c00000, 0x0000000773c00000, 0x0000000773e00000|  0%| F|  |TAMS 0x0000000773c00000| PB 0x0000000773c00000| Untracked 
| 927|0x0000000773e00000, 0x0000000773e00000, 0x0000000774000000|  0%| F|  |TAMS 0x0000000773e00000| PB 0x0000000773e00000| Untracked 
| 928|0x0000000774000000, 0x0000000774000000, 0x0000000774200000|  0%| F|  |TAMS 0x0000000774000000| PB 0x0000000774000000| Untracked 
| 929|0x0000000774200000, 0x0000000774200000, 0x0000000774400000|  0%| F|  |TAMS 0x0000000774200000| PB 0x0000000774200000| Untracked 
| 930|0x0000000774400000, 0x0000000774400000, 0x0000000774600000|  0%| F|  |TAMS 0x0000000774400000| PB 0x0000000774400000| Untracked 
| 931|0x0000000774600000, 0x0000000774600000, 0x0000000774800000|  0%| F|  |TAMS 0x0000000774600000| PB 0x0000000774600000| Untracked 
| 932|0x0000000774800000, 0x0000000774800000, 0x0000000774a00000|  0%| F|  |TAMS 0x0000000774800000| PB 0x0000000774800000| Untracked 
| 933|0x0000000774a00000, 0x0000000774a00000, 0x0000000774c00000|  0%| F|  |TAMS 0x0000000774a00000| PB 0x0000000774a00000| Untracked 
| 934|0x0000000774c00000, 0x0000000774c00000, 0x0000000774e00000|  0%| F|  |TAMS 0x0000000774c00000| PB 0x0000000774c00000| Untracked 
| 935|0x0000000774e00000, 0x0000000774e00000, 0x0000000775000000|  0%| F|  |TAMS 0x0000000774e00000| PB 0x0000000774e00000| Untracked 
| 936|0x0000000775000000, 0x0000000775000000, 0x0000000775200000|  0%| F|  |TAMS 0x0000000775000000| PB 0x0000000775000000| Untracked 
| 937|0x0000000775200000, 0x0000000775200000, 0x0000000775400000|  0%| F|  |TAMS 0x0000000775200000| PB 0x0000000775200000| Untracked 
| 938|0x0000000775400000, 0x0000000775400000, 0x0000000775600000|  0%| F|  |TAMS 0x0000000775400000| PB 0x0000000775400000| Untracked 
| 939|0x0000000775600000, 0x0000000775600000, 0x0000000775800000|  0%| F|  |TAMS 0x0000000775600000| PB 0x0000000775600000| Untracked 
| 940|0x0000000775800000, 0x0000000775800000, 0x0000000775a00000|  0%| F|  |TAMS 0x0000000775800000| PB 0x0000000775800000| Untracked 
| 941|0x0000000775a00000, 0x0000000775a00000, 0x0000000775c00000|  0%| F|  |TAMS 0x0000000775a00000| PB 0x0000000775a00000| Untracked 
| 942|0x0000000775c00000, 0x0000000775c00000, 0x0000000775e00000|  0%| F|  |TAMS 0x0000000775c00000| PB 0x0000000775c00000| Untracked 
| 943|0x0000000775e00000, 0x0000000775e00000, 0x0000000776000000|  0%| F|  |TAMS 0x0000000775e00000| PB 0x0000000775e00000| Untracked 
| 944|0x0000000776000000, 0x0000000776000000, 0x0000000776200000|  0%| F|  |TAMS 0x0000000776000000| PB 0x0000000776000000| Untracked 
| 945|0x0000000776200000, 0x0000000776200000, 0x0000000776400000|  0%| F|  |TAMS 0x0000000776200000| PB 0x0000000776200000| Untracked 
| 946|0x0000000776400000, 0x0000000776400000, 0x0000000776600000|  0%| F|  |TAMS 0x0000000776400000| PB 0x0000000776400000| Untracked 
| 947|0x0000000776600000, 0x0000000776600000, 0x0000000776800000|  0%| F|  |TAMS 0x0000000776600000| PB 0x0000000776600000| Untracked 
| 948|0x0000000776800000, 0x0000000776800000, 0x0000000776a00000|  0%| F|  |TAMS 0x0000000776800000| PB 0x0000000776800000| Untracked 
| 949|0x0000000776a00000, 0x0000000776a00000, 0x0000000776c00000|  0%| F|  |TAMS 0x0000000776a00000| PB 0x0000000776a00000| Untracked 
| 950|0x0000000776c00000, 0x0000000776c00000, 0x0000000776e00000|  0%| F|  |TAMS 0x0000000776c00000| PB 0x0000000776c00000| Untracked 
| 951|0x0000000776e00000, 0x0000000776e00000, 0x0000000777000000|  0%| F|  |TAMS 0x0000000776e00000| PB 0x0000000776e00000| Untracked 
| 952|0x0000000777000000, 0x0000000777000000, 0x0000000777200000|  0%| F|  |TAMS 0x0000000777000000| PB 0x0000000777000000| Untracked 
| 953|0x0000000777200000, 0x0000000777200000, 0x0000000777400000|  0%| F|  |TAMS 0x0000000777200000| PB 0x0000000777200000| Untracked 
| 954|0x0000000777400000, 0x0000000777400000, 0x0000000777600000|  0%| F|  |TAMS 0x0000000777400000| PB 0x0000000777400000| Untracked 
| 955|0x0000000777600000, 0x0000000777600000, 0x0000000777800000|  0%| F|  |TAMS 0x0000000777600000| PB 0x0000000777600000| Untracked 
| 956|0x0000000777800000, 0x0000000777800000, 0x0000000777a00000|  0%| F|  |TAMS 0x0000000777800000| PB 0x0000000777800000| Untracked 
| 957|0x0000000777a00000, 0x0000000777a00000, 0x0000000777c00000|  0%| F|  |TAMS 0x0000000777a00000| PB 0x0000000777a00000| Untracked 
| 958|0x0000000777c00000, 0x0000000777c00000, 0x0000000777e00000|  0%| F|  |TAMS 0x0000000777c00000| PB 0x0000000777c00000| Untracked 
| 959|0x0000000777e00000, 0x0000000777e00000, 0x0000000778000000|  0%| F|  |TAMS 0x0000000777e00000| PB 0x0000000777e00000| Untracked 
| 960|0x0000000778000000, 0x0000000778000000, 0x0000000778200000|  0%| F|  |TAMS 0x0000000778000000| PB 0x0000000778000000| Untracked 
| 961|0x0000000778200000, 0x0000000778200000, 0x0000000778400000|  0%| F|  |TAMS 0x0000000778200000| PB 0x0000000778200000| Untracked 
| 962|0x0000000778400000, 0x0000000778400000, 0x0000000778600000|  0%| F|  |TAMS 0x0000000778400000| PB 0x0000000778400000| Untracked 
| 963|0x0000000778600000, 0x0000000778600000, 0x0000000778800000|  0%| F|  |TAMS 0x0000000778600000| PB 0x0000000778600000| Untracked 
| 964|0x0000000778800000, 0x0000000778800000, 0x0000000778a00000|  0%| F|  |TAMS 0x0000000778800000| PB 0x0000000778800000| Untracked 
| 965|0x0000000778a00000, 0x0000000778a00000, 0x0000000778c00000|  0%| F|  |TAMS 0x0000000778a00000| PB 0x0000000778a00000| Untracked 
| 966|0x0000000778c00000, 0x0000000778c00000, 0x0000000778e00000|  0%| F|  |TAMS 0x0000000778c00000| PB 0x0000000778c00000| Untracked 
| 967|0x0000000778e00000, 0x0000000778e00000, 0x0000000779000000|  0%| F|  |TAMS 0x0000000778e00000| PB 0x0000000778e00000| Untracked 
| 968|0x0000000779000000, 0x0000000779000000, 0x0000000779200000|  0%| F|  |TAMS 0x0000000779000000| PB 0x0000000779000000| Untracked 
| 969|0x0000000779200000, 0x0000000779200000, 0x0000000779400000|  0%| F|  |TAMS 0x0000000779200000| PB 0x0000000779200000| Untracked 
| 970|0x0000000779400000, 0x0000000779400000, 0x0000000779600000|  0%| F|  |TAMS 0x0000000779400000| PB 0x0000000779400000| Untracked 
| 971|0x0000000779600000, 0x0000000779600000, 0x0000000779800000|  0%| F|  |TAMS 0x0000000779600000| PB 0x0000000779600000| Untracked 
| 972|0x0000000779800000, 0x0000000779800000, 0x0000000779a00000|  0%| F|  |TAMS 0x0000000779800000| PB 0x0000000779800000| Untracked 
| 973|0x0000000779a00000, 0x0000000779a00000, 0x0000000779c00000|  0%| F|  |TAMS 0x0000000779a00000| PB 0x0000000779a00000| Untracked 
| 974|0x0000000779c00000, 0x0000000779c00000, 0x0000000779e00000|  0%| F|  |TAMS 0x0000000779c00000| PB 0x0000000779c00000| Untracked 
| 975|0x0000000779e00000, 0x0000000779e00000, 0x000000077a000000|  0%| F|  |TAMS 0x0000000779e00000| PB 0x0000000779e00000| Untracked 
| 976|0x000000077a000000, 0x000000077a000000, 0x000000077a200000|  0%| F|  |TAMS 0x000000077a000000| PB 0x000000077a000000| Untracked 
| 977|0x000000077a200000, 0x000000077a200000, 0x000000077a400000|  0%| F|  |TAMS 0x000000077a200000| PB 0x000000077a200000| Untracked 
| 978|0x000000077a400000, 0x000000077a400000, 0x000000077a600000|  0%| F|  |TAMS 0x000000077a400000| PB 0x000000077a400000| Untracked 
| 979|0x000000077a600000, 0x000000077a600000, 0x000000077a800000|  0%| F|  |TAMS 0x000000077a600000| PB 0x000000077a600000| Untracked 
| 980|0x000000077a800000, 0x000000077a800000, 0x000000077aa00000|  0%| F|  |TAMS 0x000000077a800000| PB 0x000000077a800000| Untracked 
| 981|0x000000077aa00000, 0x000000077aa00000, 0x000000077ac00000|  0%| F|  |TAMS 0x000000077aa00000| PB 0x000000077aa00000| Untracked 
| 982|0x000000077ac00000, 0x000000077ac00000, 0x000000077ae00000|  0%| F|  |TAMS 0x000000077ac00000| PB 0x000000077ac00000| Untracked 
| 983|0x000000077ae00000, 0x000000077ae00000, 0x000000077b000000|  0%| F|  |TAMS 0x000000077ae00000| PB 0x000000077ae00000| Untracked 
| 984|0x000000077b000000, 0x000000077b000000, 0x000000077b200000|  0%| F|  |TAMS 0x000000077b000000| PB 0x000000077b000000| Untracked 
| 985|0x000000077b200000, 0x000000077b200000, 0x000000077b400000|  0%| F|  |TAMS 0x000000077b200000| PB 0x000000077b200000| Untracked 
| 986|0x000000077b400000, 0x000000077b400000, 0x000000077b600000|  0%| F|  |TAMS 0x000000077b400000| PB 0x000000077b400000| Untracked 
| 987|0x000000077b600000, 0x000000077b600000, 0x000000077b800000|  0%| F|  |TAMS 0x000000077b600000| PB 0x000000077b600000| Untracked 
| 988|0x000000077b800000, 0x000000077b800000, 0x000000077ba00000|  0%| F|  |TAMS 0x000000077b800000| PB 0x000000077b800000| Untracked 
| 989|0x000000077ba00000, 0x000000077ba00000, 0x000000077bc00000|  0%| F|  |TAMS 0x000000077ba00000| PB 0x000000077ba00000| Untracked 
| 990|0x000000077bc00000, 0x000000077bc00000, 0x000000077be00000|  0%| F|  |TAMS 0x000000077bc00000| PB 0x000000077bc00000| Untracked 
| 991|0x000000077be00000, 0x000000077be00000, 0x000000077c000000|  0%| F|  |TAMS 0x000000077be00000| PB 0x000000077be00000| Untracked 
| 992|0x000000077c000000, 0x000000077c000000, 0x000000077c200000|  0%| F|  |TAMS 0x000000077c000000| PB 0x000000077c000000| Untracked 
| 993|0x000000077c200000, 0x000000077c200000, 0x000000077c400000|  0%| F|  |TAMS 0x000000077c200000| PB 0x000000077c200000| Untracked 
| 994|0x000000077c400000, 0x000000077c400000, 0x000000077c600000|  0%| F|  |TAMS 0x000000077c400000| PB 0x000000077c400000| Untracked 
| 995|0x000000077c600000, 0x000000077c600000, 0x000000077c800000|  0%| F|  |TAMS 0x000000077c600000| PB 0x000000077c600000| Untracked 
| 996|0x000000077c800000, 0x000000077c800000, 0x000000077ca00000|  0%| F|  |TAMS 0x000000077c800000| PB 0x000000077c800000| Untracked 
| 997|0x000000077ca00000, 0x000000077ca00000, 0x000000077cc00000|  0%| F|  |TAMS 0x000000077ca00000| PB 0x000000077ca00000| Untracked 
| 998|0x000000077cc00000, 0x000000077cc00000, 0x000000077ce00000|  0%| F|  |TAMS 0x000000077cc00000| PB 0x000000077cc00000| Untracked 
| 999|0x000000077ce00000, 0x000000077ce00000, 0x000000077d000000|  0%| F|  |TAMS 0x000000077ce00000| PB 0x000000077ce00000| Untracked 
|1000|0x000000077d000000, 0x000000077d000000, 0x000000077d200000|  0%| F|  |TAMS 0x000000077d000000| PB 0x000000077d000000| Untracked 
|1001|0x000000077d200000, 0x000000077d200000, 0x000000077d400000|  0%| F|  |TAMS 0x000000077d200000| PB 0x000000077d200000| Untracked 
|1002|0x000000077d400000, 0x000000077d400000, 0x000000077d600000|  0%| F|  |TAMS 0x000000077d400000| PB 0x000000077d400000| Untracked 
|1003|0x000000077d600000, 0x000000077d600000, 0x000000077d800000|  0%| F|  |TAMS 0x000000077d600000| PB 0x000000077d600000| Untracked 
|1004|0x000000077d800000, 0x000000077d800000, 0x000000077da00000|  0%| F|  |TAMS 0x000000077d800000| PB 0x000000077d800000| Untracked 
|1005|0x000000077da00000, 0x000000077da00000, 0x000000077dc00000|  0%| F|  |TAMS 0x000000077da00000| PB 0x000000077da00000| Untracked 
|1006|0x000000077dc00000, 0x000000077dc00000, 0x000000077de00000|  0%| F|  |TAMS 0x000000077dc00000| PB 0x000000077dc00000| Untracked 
|1007|0x000000077de00000, 0x000000077de00000, 0x000000077e000000|  0%| F|  |TAMS 0x000000077de00000| PB 0x000000077de00000| Untracked 
|1008|0x000000077e000000, 0x000000077e000000, 0x000000077e200000|  0%| F|  |TAMS 0x000000077e000000| PB 0x000000077e000000| Untracked 
|1009|0x000000077e200000, 0x000000077e200000, 0x000000077e400000|  0%| F|  |TAMS 0x000000077e200000| PB 0x000000077e200000| Untracked 
|1010|0x000000077e400000, 0x000000077e400000, 0x000000077e600000|  0%| F|  |TAMS 0x000000077e400000| PB 0x000000077e400000| Untracked 
|1011|0x000000077e600000, 0x000000077e600000, 0x000000077e800000|  0%| F|  |TAMS 0x000000077e600000| PB 0x000000077e600000| Untracked 
|1012|0x000000077e800000, 0x000000077e800000, 0x000000077ea00000|  0%| F|  |TAMS 0x000000077e800000| PB 0x000000077e800000| Untracked 
|1013|0x000000077ea00000, 0x000000077ea00000, 0x000000077ec00000|  0%| F|  |TAMS 0x000000077ea00000| PB 0x000000077ea00000| Untracked 
|1014|0x000000077ec00000, 0x000000077ec00000, 0x000000077ee00000|  0%| F|  |TAMS 0x000000077ec00000| PB 0x000000077ec00000| Untracked 
|1015|0x000000077ee00000, 0x000000077ee00000, 0x000000077f000000|  0%| F|  |TAMS 0x000000077ee00000| PB 0x000000077ee00000| Untracked 
|1016|0x000000077f000000, 0x000000077f000000, 0x000000077f200000|  0%| F|  |TAMS 0x000000077f000000| PB 0x000000077f000000| Untracked 
|1017|0x000000077f200000, 0x000000077f200000, 0x000000077f400000|  0%| F|  |TAMS 0x000000077f200000| PB 0x000000077f200000| Untracked 
|1018|0x000000077f400000, 0x000000077f400000, 0x000000077f600000|  0%| F|  |TAMS 0x000000077f400000| PB 0x000000077f400000| Untracked 
|1019|0x000000077f600000, 0x000000077f600000, 0x000000077f800000|  0%| F|  |TAMS 0x000000077f600000| PB 0x000000077f600000| Untracked 
|1020|0x000000077f800000, 0x000000077f800000, 0x000000077fa00000|  0%| F|  |TAMS 0x000000077f800000| PB 0x000000077f800000| Untracked 
|1021|0x000000077fa00000, 0x000000077fa00000, 0x000000077fc00000|  0%| F|  |TAMS 0x000000077fa00000| PB 0x000000077fa00000| Untracked 
|1022|0x000000077fc00000, 0x000000077fc00000, 0x000000077fe00000|  0%| F|  |TAMS 0x000000077fc00000| PB 0x000000077fc00000| Untracked 
|1023|0x000000077fe00000, 0x000000077fe00000, 0x0000000780000000|  0%| F|  |TAMS 0x000000077fe00000| PB 0x000000077fe00000| Untracked 
|1024|0x0000000780000000, 0x0000000780000000, 0x0000000780200000|  0%| F|  |TAMS 0x0000000780000000| PB 0x0000000780000000| Untracked 
|1025|0x0000000780200000, 0x0000000780200000, 0x0000000780400000|  0%| F|  |TAMS 0x0000000780200000| PB 0x0000000780200000| Untracked 
|1026|0x0000000780400000, 0x0000000780400000, 0x0000000780600000|  0%| F|  |TAMS 0x0000000780400000| PB 0x0000000780400000| Untracked 
|1027|0x0000000780600000, 0x0000000780600000, 0x0000000780800000|  0%| F|  |TAMS 0x0000000780600000| PB 0x0000000780600000| Untracked 
|1028|0x0000000780800000, 0x0000000780800000, 0x0000000780a00000|  0%| F|  |TAMS 0x0000000780800000| PB 0x0000000780800000| Untracked 
|1029|0x0000000780a00000, 0x0000000780a00000, 0x0000000780c00000|  0%| F|  |TAMS 0x0000000780a00000| PB 0x0000000780a00000| Untracked 
|1030|0x0000000780c00000, 0x0000000780c00000, 0x0000000780e00000|  0%| F|  |TAMS 0x0000000780c00000| PB 0x0000000780c00000| Untracked 
|1031|0x0000000780e00000, 0x0000000780e00000, 0x0000000781000000|  0%| F|  |TAMS 0x0000000780e00000| PB 0x0000000780e00000| Untracked 
|1032|0x0000000781000000, 0x0000000781000000, 0x0000000781200000|  0%| F|  |TAMS 0x0000000781000000| PB 0x0000000781000000| Untracked 
|1033|0x0000000781200000, 0x0000000781200000, 0x0000000781400000|  0%| F|  |TAMS 0x0000000781200000| PB 0x0000000781200000| Untracked 
|1034|0x0000000781400000, 0x0000000781400000, 0x0000000781600000|  0%| F|  |TAMS 0x0000000781400000| PB 0x0000000781400000| Untracked 
|1035|0x0000000781600000, 0x0000000781600000, 0x0000000781800000|  0%| F|  |TAMS 0x0000000781600000| PB 0x0000000781600000| Untracked 
|1036|0x0000000781800000, 0x0000000781800000, 0x0000000781a00000|  0%| F|  |TAMS 0x0000000781800000| PB 0x0000000781800000| Untracked 
|1037|0x0000000781a00000, 0x0000000781a00000, 0x0000000781c00000|  0%| F|  |TAMS 0x0000000781a00000| PB 0x0000000781a00000| Untracked 
|1038|0x0000000781c00000, 0x0000000781c00000, 0x0000000781e00000|  0%| F|  |TAMS 0x0000000781c00000| PB 0x0000000781c00000| Untracked 
|1039|0x0000000781e00000, 0x0000000781e00000, 0x0000000782000000|  0%| F|  |TAMS 0x0000000781e00000| PB 0x0000000781e00000| Untracked 
|1040|0x0000000782000000, 0x0000000782000000, 0x0000000782200000|  0%| F|  |TAMS 0x0000000782000000| PB 0x0000000782000000| Untracked 
|1041|0x0000000782200000, 0x0000000782200000, 0x0000000782400000|  0%| F|  |TAMS 0x0000000782200000| PB 0x0000000782200000| Untracked 
|1042|0x0000000782400000, 0x0000000782400000, 0x0000000782600000|  0%| F|  |TAMS 0x0000000782400000| PB 0x0000000782400000| Untracked 
|1043|0x0000000782600000, 0x0000000782600000, 0x0000000782800000|  0%| F|  |TAMS 0x0000000782600000| PB 0x0000000782600000| Untracked 
|1044|0x0000000782800000, 0x0000000782800000, 0x0000000782a00000|  0%| F|  |TAMS 0x0000000782800000| PB 0x0000000782800000| Untracked 
|1045|0x0000000782a00000, 0x0000000782a00000, 0x0000000782c00000|  0%| F|  |TAMS 0x0000000782a00000| PB 0x0000000782a00000| Untracked 
|1046|0x0000000782c00000, 0x0000000782c00000, 0x0000000782e00000|  0%| F|  |TAMS 0x0000000782c00000| PB 0x0000000782c00000| Untracked 
|1047|0x0000000782e00000, 0x0000000782e00000, 0x0000000783000000|  0%| F|  |TAMS 0x0000000782e00000| PB 0x0000000782e00000| Untracked 
|1048|0x0000000783000000, 0x0000000783000000, 0x0000000783200000|  0%| F|  |TAMS 0x0000000783000000| PB 0x0000000783000000| Untracked 
|1049|0x0000000783200000, 0x0000000783200000, 0x0000000783400000|  0%| F|  |TAMS 0x0000000783200000| PB 0x0000000783200000| Untracked 
|1050|0x0000000783400000, 0x0000000783400000, 0x0000000783600000|  0%| F|  |TAMS 0x0000000783400000| PB 0x0000000783400000| Untracked 
|1051|0x0000000783600000, 0x0000000783600000, 0x0000000783800000|  0%| F|  |TAMS 0x0000000783600000| PB 0x0000000783600000| Untracked 
|1052|0x0000000783800000, 0x0000000783800000, 0x0000000783a00000|  0%| F|  |TAMS 0x0000000783800000| PB 0x0000000783800000| Untracked 
|1053|0x0000000783a00000, 0x0000000783a00000, 0x0000000783c00000|  0%| F|  |TAMS 0x0000000783a00000| PB 0x0000000783a00000| Untracked 
|1054|0x0000000783c00000, 0x0000000783c00000, 0x0000000783e00000|  0%| F|  |TAMS 0x0000000783c00000| PB 0x0000000783c00000| Untracked 
|1055|0x0000000783e00000, 0x0000000783e00000, 0x0000000784000000|  0%| F|  |TAMS 0x0000000783e00000| PB 0x0000000783e00000| Untracked 
|1056|0x0000000784000000, 0x0000000784000000, 0x0000000784200000|  0%| F|  |TAMS 0x0000000784000000| PB 0x0000000784000000| Untracked 
|1057|0x0000000784200000, 0x0000000784200000, 0x0000000784400000|  0%| F|  |TAMS 0x0000000784200000| PB 0x0000000784200000| Untracked 
|1058|0x0000000784400000, 0x0000000784400000, 0x0000000784600000|  0%| F|  |TAMS 0x0000000784400000| PB 0x0000000784400000| Untracked 
|1059|0x0000000784600000, 0x0000000784600000, 0x0000000784800000|  0%| F|  |TAMS 0x0000000784600000| PB 0x0000000784600000| Untracked 
|1060|0x0000000784800000, 0x0000000784800000, 0x0000000784a00000|  0%| F|  |TAMS 0x0000000784800000| PB 0x0000000784800000| Untracked 
|1061|0x0000000784a00000, 0x0000000784a00000, 0x0000000784c00000|  0%| F|  |TAMS 0x0000000784a00000| PB 0x0000000784a00000| Untracked 
|1062|0x0000000784c00000, 0x0000000784c00000, 0x0000000784e00000|  0%| F|  |TAMS 0x0000000784c00000| PB 0x0000000784c00000| Untracked 
|1063|0x0000000784e00000, 0x0000000784e00000, 0x0000000785000000|  0%| F|  |TAMS 0x0000000784e00000| PB 0x0000000784e00000| Untracked 
|1064|0x0000000785000000, 0x0000000785000000, 0x0000000785200000|  0%| F|  |TAMS 0x0000000785000000| PB 0x0000000785000000| Untracked 
|1065|0x0000000785200000, 0x0000000785200000, 0x0000000785400000|  0%| F|  |TAMS 0x0000000785200000| PB 0x0000000785200000| Untracked 
|1066|0x0000000785400000, 0x0000000785400000, 0x0000000785600000|  0%| F|  |TAMS 0x0000000785400000| PB 0x0000000785400000| Untracked 
|1067|0x0000000785600000, 0x0000000785600000, 0x0000000785800000|  0%| F|  |TAMS 0x0000000785600000| PB 0x0000000785600000| Untracked 
|1068|0x0000000785800000, 0x0000000785800000, 0x0000000785a00000|  0%| F|  |TAMS 0x0000000785800000| PB 0x0000000785800000| Untracked 
|1069|0x0000000785a00000, 0x0000000785a00000, 0x0000000785c00000|  0%| F|  |TAMS 0x0000000785a00000| PB 0x0000000785a00000| Untracked 
|1070|0x0000000785c00000, 0x0000000785c00000, 0x0000000785e00000|  0%| F|  |TAMS 0x0000000785c00000| PB 0x0000000785c00000| Untracked 
|1071|0x0000000785e00000, 0x0000000785e00000, 0x0000000786000000|  0%| F|  |TAMS 0x0000000785e00000| PB 0x0000000785e00000| Untracked 
|1072|0x0000000786000000, 0x0000000786000000, 0x0000000786200000|  0%| F|  |TAMS 0x0000000786000000| PB 0x0000000786000000| Untracked 
|1073|0x0000000786200000, 0x0000000786200000, 0x0000000786400000|  0%| F|  |TAMS 0x0000000786200000| PB 0x0000000786200000| Untracked 
|1074|0x0000000786400000, 0x0000000786400000, 0x0000000786600000|  0%| F|  |TAMS 0x0000000786400000| PB 0x0000000786400000| Untracked 
|1075|0x0000000786600000, 0x0000000786600000, 0x0000000786800000|  0%| F|  |TAMS 0x0000000786600000| PB 0x0000000786600000| Untracked 
|1076|0x0000000786800000, 0x0000000786800000, 0x0000000786a00000|  0%| F|  |TAMS 0x0000000786800000| PB 0x0000000786800000| Untracked 
|1077|0x0000000786a00000, 0x0000000786a00000, 0x0000000786c00000|  0%| F|  |TAMS 0x0000000786a00000| PB 0x0000000786a00000| Untracked 
|1078|0x0000000786c00000, 0x0000000786c00000, 0x0000000786e00000|  0%| F|  |TAMS 0x0000000786c00000| PB 0x0000000786c00000| Untracked 
|1079|0x0000000786e00000, 0x0000000786e00000, 0x0000000787000000|  0%| F|  |TAMS 0x0000000786e00000| PB 0x0000000786e00000| Untracked 
|1080|0x0000000787000000, 0x0000000787000000, 0x0000000787200000|  0%| F|  |TAMS 0x0000000787000000| PB 0x0000000787000000| Untracked 
|1081|0x0000000787200000, 0x0000000787200000, 0x0000000787400000|  0%| F|  |TAMS 0x0000000787200000| PB 0x0000000787200000| Untracked 
|1082|0x0000000787400000, 0x0000000787400000, 0x0000000787600000|  0%| F|  |TAMS 0x0000000787400000| PB 0x0000000787400000| Untracked 
|1083|0x0000000787600000, 0x0000000787600000, 0x0000000787800000|  0%| F|  |TAMS 0x0000000787600000| PB 0x0000000787600000| Untracked 
|1084|0x0000000787800000, 0x0000000787800000, 0x0000000787a00000|  0%| F|  |TAMS 0x0000000787800000| PB 0x0000000787800000| Untracked 
|1085|0x0000000787a00000, 0x0000000787a00000, 0x0000000787c00000|  0%| F|  |TAMS 0x0000000787a00000| PB 0x0000000787a00000| Untracked 
|1086|0x0000000787c00000, 0x0000000787c00000, 0x0000000787e00000|  0%| F|  |TAMS 0x0000000787c00000| PB 0x0000000787c00000| Untracked 
|1087|0x0000000787e00000, 0x0000000787e00000, 0x0000000788000000|  0%| F|  |TAMS 0x0000000787e00000| PB 0x0000000787e00000| Untracked 
|1088|0x0000000788000000, 0x0000000788000000, 0x0000000788200000|  0%| F|  |TAMS 0x0000000788000000| PB 0x0000000788000000| Untracked 
|1089|0x0000000788200000, 0x0000000788200000, 0x0000000788400000|  0%| F|  |TAMS 0x0000000788200000| PB 0x0000000788200000| Untracked 
|1090|0x0000000788400000, 0x0000000788400000, 0x0000000788600000|  0%| F|  |TAMS 0x0000000788400000| PB 0x0000000788400000| Untracked 
|1091|0x0000000788600000, 0x0000000788600000, 0x0000000788800000|  0%| F|  |TAMS 0x0000000788600000| PB 0x0000000788600000| Untracked 
|1092|0x0000000788800000, 0x0000000788800000, 0x0000000788a00000|  0%| F|  |TAMS 0x0000000788800000| PB 0x0000000788800000| Untracked 
|1093|0x0000000788a00000, 0x0000000788a00000, 0x0000000788c00000|  0%| F|  |TAMS 0x0000000788a00000| PB 0x0000000788a00000| Untracked 
|1094|0x0000000788c00000, 0x0000000788c00000, 0x0000000788e00000|  0%| F|  |TAMS 0x0000000788c00000| PB 0x0000000788c00000| Untracked 
|1095|0x0000000788e00000, 0x0000000788e00000, 0x0000000789000000|  0%| F|  |TAMS 0x0000000788e00000| PB 0x0000000788e00000| Untracked 
|1096|0x0000000789000000, 0x0000000789000000, 0x0000000789200000|  0%| F|  |TAMS 0x0000000789000000| PB 0x0000000789000000| Untracked 
|1097|0x0000000789200000, 0x0000000789200000, 0x0000000789400000|  0%| F|  |TAMS 0x0000000789200000| PB 0x0000000789200000| Untracked 
|1098|0x0000000789400000, 0x0000000789400000, 0x0000000789600000|  0%| F|  |TAMS 0x0000000789400000| PB 0x0000000789400000| Untracked 
|1099|0x0000000789600000, 0x0000000789600000, 0x0000000789800000|  0%| F|  |TAMS 0x0000000789600000| PB 0x0000000789600000| Untracked 
|1100|0x0000000789800000, 0x0000000789800000, 0x0000000789a00000|  0%| F|  |TAMS 0x0000000789800000| PB 0x0000000789800000| Untracked 
|1101|0x0000000789a00000, 0x0000000789a00000, 0x0000000789c00000|  0%| F|  |TAMS 0x0000000789a00000| PB 0x0000000789a00000| Untracked 
|1102|0x0000000789c00000, 0x0000000789c00000, 0x0000000789e00000|  0%| F|  |TAMS 0x0000000789c00000| PB 0x0000000789c00000| Untracked 
|1103|0x0000000789e00000, 0x0000000789e00000, 0x000000078a000000|  0%| F|  |TAMS 0x0000000789e00000| PB 0x0000000789e00000| Untracked 
|1104|0x000000078a000000, 0x000000078a000000, 0x000000078a200000|  0%| F|  |TAMS 0x000000078a000000| PB 0x000000078a000000| Untracked 
|1105|0x000000078a200000, 0x000000078a200000, 0x000000078a400000|  0%| F|  |TAMS 0x000000078a200000| PB 0x000000078a200000| Untracked 
|1106|0x000000078a400000, 0x000000078a400000, 0x000000078a600000|  0%| F|  |TAMS 0x000000078a400000| PB 0x000000078a400000| Untracked 
|1107|0x000000078a600000, 0x000000078a600000, 0x000000078a800000|  0%| F|  |TAMS 0x000000078a600000| PB 0x000000078a600000| Untracked 
|1108|0x000000078a800000, 0x000000078a800000, 0x000000078aa00000|  0%| F|  |TAMS 0x000000078a800000| PB 0x000000078a800000| Untracked 
|1109|0x000000078aa00000, 0x000000078aa00000, 0x000000078ac00000|  0%| F|  |TAMS 0x000000078aa00000| PB 0x000000078aa00000| Untracked 
|1110|0x000000078ac00000, 0x000000078ac00000, 0x000000078ae00000|  0%| F|  |TAMS 0x000000078ac00000| PB 0x000000078ac00000| Untracked 
|1111|0x000000078ae00000, 0x000000078ae00000, 0x000000078b000000|  0%| F|  |TAMS 0x000000078ae00000| PB 0x000000078ae00000| Untracked 
|1112|0x000000078b000000, 0x000000078b000000, 0x000000078b200000|  0%| F|  |TAMS 0x000000078b000000| PB 0x000000078b000000| Untracked 
|1113|0x000000078b200000, 0x000000078b200000, 0x000000078b400000|  0%| F|  |TAMS 0x000000078b200000| PB 0x000000078b200000| Untracked 
|1114|0x000000078b400000, 0x000000078b400000, 0x000000078b600000|  0%| F|  |TAMS 0x000000078b400000| PB 0x000000078b400000| Untracked 
|1115|0x000000078b600000, 0x000000078b600000, 0x000000078b800000|  0%| F|  |TAMS 0x000000078b600000| PB 0x000000078b600000| Untracked 
|1116|0x000000078b800000, 0x000000078b800000, 0x000000078ba00000|  0%| F|  |TAMS 0x000000078b800000| PB 0x000000078b800000| Untracked 
|1117|0x000000078ba00000, 0x000000078ba00000, 0x000000078bc00000|  0%| F|  |TAMS 0x000000078ba00000| PB 0x000000078ba00000| Untracked 
|1118|0x000000078bc00000, 0x000000078bc00000, 0x000000078be00000|  0%| F|  |TAMS 0x000000078bc00000| PB 0x000000078bc00000| Untracked 
|1119|0x000000078be00000, 0x000000078be00000, 0x000000078c000000|  0%| F|  |TAMS 0x000000078be00000| PB 0x000000078be00000| Untracked 
|1120|0x000000078c000000, 0x000000078c000000, 0x000000078c200000|  0%| F|  |TAMS 0x000000078c000000| PB 0x000000078c000000| Untracked 
|1121|0x000000078c200000, 0x000000078c200000, 0x000000078c400000|  0%| F|  |TAMS 0x000000078c200000| PB 0x000000078c200000| Untracked 
|1122|0x000000078c400000, 0x000000078c400000, 0x000000078c600000|  0%| F|  |TAMS 0x000000078c400000| PB 0x000000078c400000| Untracked 
|1123|0x000000078c600000, 0x000000078c600000, 0x000000078c800000|  0%| F|  |TAMS 0x000000078c600000| PB 0x000000078c600000| Untracked 
|1124|0x000000078c800000, 0x000000078c800000, 0x000000078ca00000|  0%| F|  |TAMS 0x000000078c800000| PB 0x000000078c800000| Untracked 
|1125|0x000000078ca00000, 0x000000078ca00000, 0x000000078cc00000|  0%| F|  |TAMS 0x000000078ca00000| PB 0x000000078ca00000| Untracked 
|1126|0x000000078cc00000, 0x000000078cc00000, 0x000000078ce00000|  0%| F|  |TAMS 0x000000078cc00000| PB 0x000000078cc00000| Untracked 
|1127|0x000000078ce00000, 0x000000078ce00000, 0x000000078d000000|  0%| F|  |TAMS 0x000000078ce00000| PB 0x000000078ce00000| Untracked 
|1128|0x000000078d000000, 0x000000078d000000, 0x000000078d200000|  0%| F|  |TAMS 0x000000078d000000| PB 0x000000078d000000| Untracked 
|1129|0x000000078d200000, 0x000000078d200000, 0x000000078d400000|  0%| F|  |TAMS 0x000000078d200000| PB 0x000000078d200000| Untracked 
|1130|0x000000078d400000, 0x000000078d400000, 0x000000078d600000|  0%| F|  |TAMS 0x000000078d400000| PB 0x000000078d400000| Untracked 
|1131|0x000000078d600000, 0x000000078d600000, 0x000000078d800000|  0%| F|  |TAMS 0x000000078d600000| PB 0x000000078d600000| Untracked 
|1132|0x000000078d800000, 0x000000078d800000, 0x000000078da00000|  0%| F|  |TAMS 0x000000078d800000| PB 0x000000078d800000| Untracked 
|1133|0x000000078da00000, 0x000000078da00000, 0x000000078dc00000|  0%| F|  |TAMS 0x000000078da00000| PB 0x000000078da00000| Untracked 
|1134|0x000000078dc00000, 0x000000078dc00000, 0x000000078de00000|  0%| F|  |TAMS 0x000000078dc00000| PB 0x000000078dc00000| Untracked 
|1135|0x000000078de00000, 0x000000078de00000, 0x000000078e000000|  0%| F|  |TAMS 0x000000078de00000| PB 0x000000078de00000| Untracked 
|1136|0x000000078e000000, 0x000000078e000000, 0x000000078e200000|  0%| F|  |TAMS 0x000000078e000000| PB 0x000000078e000000| Untracked 
|1137|0x000000078e200000, 0x000000078e200000, 0x000000078e400000|  0%| F|  |TAMS 0x000000078e200000| PB 0x000000078e200000| Untracked 
|1138|0x000000078e400000, 0x000000078e400000, 0x000000078e600000|  0%| F|  |TAMS 0x000000078e400000| PB 0x000000078e400000| Untracked 
|1139|0x000000078e600000, 0x000000078e600000, 0x000000078e800000|  0%| F|  |TAMS 0x000000078e600000| PB 0x000000078e600000| Untracked 
|1140|0x000000078e800000, 0x000000078e800000, 0x000000078ea00000|  0%| F|  |TAMS 0x000000078e800000| PB 0x000000078e800000| Untracked 
|1141|0x000000078ea00000, 0x000000078ea00000, 0x000000078ec00000|  0%| F|  |TAMS 0x000000078ea00000| PB 0x000000078ea00000| Untracked 
|1142|0x000000078ec00000, 0x000000078ec00000, 0x000000078ee00000|  0%| F|  |TAMS 0x000000078ec00000| PB 0x000000078ec00000| Untracked 
|1143|0x000000078ee00000, 0x000000078ee00000, 0x000000078f000000|  0%| F|  |TAMS 0x000000078ee00000| PB 0x000000078ee00000| Untracked 
|1144|0x000000078f000000, 0x000000078f000000, 0x000000078f200000|  0%| F|  |TAMS 0x000000078f000000| PB 0x000000078f000000| Untracked 
|1145|0x000000078f200000, 0x000000078f200000, 0x000000078f400000|  0%| F|  |TAMS 0x000000078f200000| PB 0x000000078f200000| Untracked 
|1146|0x000000078f400000, 0x000000078f400000, 0x000000078f600000|  0%| F|  |TAMS 0x000000078f400000| PB 0x000000078f400000| Untracked 
|1147|0x000000078f600000, 0x000000078f600000, 0x000000078f800000|  0%| F|  |TAMS 0x000000078f600000| PB 0x000000078f600000| Untracked 
|1148|0x000000078f800000, 0x000000078f800000, 0x000000078fa00000|  0%| F|  |TAMS 0x000000078f800000| PB 0x000000078f800000| Untracked 
|1149|0x000000078fa00000, 0x000000078fa00000, 0x000000078fc00000|  0%| F|  |TAMS 0x000000078fa00000| PB 0x000000078fa00000| Untracked 
|1150|0x000000078fc00000, 0x000000078fc00000, 0x000000078fe00000|  0%| F|  |TAMS 0x000000078fc00000| PB 0x000000078fc00000| Untracked 
|1151|0x000000078fe00000, 0x000000078fe00000, 0x0000000790000000|  0%| F|  |TAMS 0x000000078fe00000| PB 0x000000078fe00000| Untracked 
|1152|0x0000000790000000, 0x0000000790000000, 0x0000000790200000|  0%| F|  |TAMS 0x0000000790000000| PB 0x0000000790000000| Untracked 
|1153|0x0000000790200000, 0x0000000790200000, 0x0000000790400000|  0%| F|  |TAMS 0x0000000790200000| PB 0x0000000790200000| Untracked 
|1154|0x0000000790400000, 0x0000000790400000, 0x0000000790600000|  0%| F|  |TAMS 0x0000000790400000| PB 0x0000000790400000| Untracked 
|1155|0x0000000790600000, 0x0000000790600000, 0x0000000790800000|  0%| F|  |TAMS 0x0000000790600000| PB 0x0000000790600000| Untracked 
|1156|0x0000000790800000, 0x0000000790800000, 0x0000000790a00000|  0%| F|  |TAMS 0x0000000790800000| PB 0x0000000790800000| Untracked 
|1157|0x0000000790a00000, 0x0000000790a00000, 0x0000000790c00000|  0%| F|  |TAMS 0x0000000790a00000| PB 0x0000000790a00000| Untracked 
|1158|0x0000000790c00000, 0x0000000790c00000, 0x0000000790e00000|  0%| F|  |TAMS 0x0000000790c00000| PB 0x0000000790c00000| Untracked 
|1159|0x0000000790e00000, 0x0000000790e00000, 0x0000000791000000|  0%| F|  |TAMS 0x0000000790e00000| PB 0x0000000790e00000| Untracked 
|1160|0x0000000791000000, 0x0000000791000000, 0x0000000791200000|  0%| F|  |TAMS 0x0000000791000000| PB 0x0000000791000000| Untracked 
|1161|0x0000000791200000, 0x0000000791200000, 0x0000000791400000|  0%| F|  |TAMS 0x0000000791200000| PB 0x0000000791200000| Untracked 
|1162|0x0000000791400000, 0x0000000791400000, 0x0000000791600000|  0%| F|  |TAMS 0x0000000791400000| PB 0x0000000791400000| Untracked 
|1163|0x0000000791600000, 0x0000000791600000, 0x0000000791800000|  0%| F|  |TAMS 0x0000000791600000| PB 0x0000000791600000| Untracked 
|1164|0x0000000791800000, 0x0000000791800000, 0x0000000791a00000|  0%| F|  |TAMS 0x0000000791800000| PB 0x0000000791800000| Untracked 
|1165|0x0000000791a00000, 0x0000000791a00000, 0x0000000791c00000|  0%| F|  |TAMS 0x0000000791a00000| PB 0x0000000791a00000| Untracked 
|1166|0x0000000791c00000, 0x0000000791c00000, 0x0000000791e00000|  0%| F|  |TAMS 0x0000000791c00000| PB 0x0000000791c00000| Untracked 
|1167|0x0000000791e00000, 0x0000000791e00000, 0x0000000792000000|  0%| F|  |TAMS 0x0000000791e00000| PB 0x0000000791e00000| Untracked 
|1168|0x0000000792000000, 0x0000000792000000, 0x0000000792200000|  0%| F|  |TAMS 0x0000000792000000| PB 0x0000000792000000| Untracked 
|1169|0x0000000792200000, 0x0000000792200000, 0x0000000792400000|  0%| F|  |TAMS 0x0000000792200000| PB 0x0000000792200000| Untracked 
|1170|0x0000000792400000, 0x0000000792400000, 0x0000000792600000|  0%| F|  |TAMS 0x0000000792400000| PB 0x0000000792400000| Untracked 
|1171|0x0000000792600000, 0x0000000792600000, 0x0000000792800000|  0%| F|  |TAMS 0x0000000792600000| PB 0x0000000792600000| Untracked 
|1172|0x0000000792800000, 0x0000000792800000, 0x0000000792a00000|  0%| F|  |TAMS 0x0000000792800000| PB 0x0000000792800000| Untracked 
|1173|0x0000000792a00000, 0x0000000792a00000, 0x0000000792c00000|  0%| F|  |TAMS 0x0000000792a00000| PB 0x0000000792a00000| Untracked 
|1174|0x0000000792c00000, 0x0000000792c00000, 0x0000000792e00000|  0%| F|  |TAMS 0x0000000792c00000| PB 0x0000000792c00000| Untracked 
|1175|0x0000000792e00000, 0x0000000792e00000, 0x0000000793000000|  0%| F|  |TAMS 0x0000000792e00000| PB 0x0000000792e00000| Untracked 
|1176|0x0000000793000000, 0x0000000793000000, 0x0000000793200000|  0%| F|  |TAMS 0x0000000793000000| PB 0x0000000793000000| Untracked 
|1177|0x0000000793200000, 0x0000000793200000, 0x0000000793400000|  0%| F|  |TAMS 0x0000000793200000| PB 0x0000000793200000| Untracked 
|1178|0x0000000793400000, 0x0000000793400000, 0x0000000793600000|  0%| F|  |TAMS 0x0000000793400000| PB 0x0000000793400000| Untracked 
|1179|0x0000000793600000, 0x0000000793600000, 0x0000000793800000|  0%| F|  |TAMS 0x0000000793600000| PB 0x0000000793600000| Untracked 
|1180|0x0000000793800000, 0x0000000793800000, 0x0000000793a00000|  0%| F|  |TAMS 0x0000000793800000| PB 0x0000000793800000| Untracked 
|1181|0x0000000793a00000, 0x0000000793a00000, 0x0000000793c00000|  0%| F|  |TAMS 0x0000000793a00000| PB 0x0000000793a00000| Untracked 
|1182|0x0000000793c00000, 0x0000000793c00000, 0x0000000793e00000|  0%| F|  |TAMS 0x0000000793c00000| PB 0x0000000793c00000| Untracked 
|1183|0x0000000793e00000, 0x0000000793e00000, 0x0000000794000000|  0%| F|  |TAMS 0x0000000793e00000| PB 0x0000000793e00000| Untracked 
|1184|0x0000000794000000, 0x0000000794000000, 0x0000000794200000|  0%| F|  |TAMS 0x0000000794000000| PB 0x0000000794000000| Untracked 
|1185|0x0000000794200000, 0x0000000794200000, 0x0000000794400000|  0%| F|  |TAMS 0x0000000794200000| PB 0x0000000794200000| Untracked 
|1186|0x0000000794400000, 0x00000007944c11b0, 0x0000000794600000| 37%| S|CS|TAMS 0x0000000794400000| PB 0x0000000794400000| Complete 
|1187|0x0000000794600000, 0x0000000794800000, 0x0000000794800000|100%| S|CS|TAMS 0x0000000794600000| PB 0x0000000794600000| Complete 
|1188|0x0000000794800000, 0x0000000794a00000, 0x0000000794a00000|100%| S|CS|TAMS 0x0000000794800000| PB 0x0000000794800000| Complete 
|1189|0x0000000794a00000, 0x0000000794c00000, 0x0000000794c00000|100%| S|CS|TAMS 0x0000000794a00000| PB 0x0000000794a00000| Complete 
|1190|0x0000000794c00000, 0x0000000794e00000, 0x0000000794e00000|100%| S|CS|TAMS 0x0000000794c00000| PB 0x0000000794c00000| Complete 
|1191|0x0000000794e00000, 0x0000000795000000, 0x0000000795000000|100%| S|CS|TAMS 0x0000000794e00000| PB 0x0000000794e00000| Complete 
|1192|0x0000000795000000, 0x0000000795000000, 0x0000000795200000|  0%| F|  |TAMS 0x0000000795000000| PB 0x0000000795000000| Untracked 
|1193|0x0000000795200000, 0x0000000795200000, 0x0000000795400000|  0%| F|  |TAMS 0x0000000795200000| PB 0x0000000795200000| Untracked 
|1194|0x0000000795400000, 0x0000000795400000, 0x0000000795600000|  0%| F|  |TAMS 0x0000000795400000| PB 0x0000000795400000| Untracked 
|1195|0x0000000795600000, 0x0000000795600000, 0x0000000795800000|  0%| F|  |TAMS 0x0000000795600000| PB 0x0000000795600000| Untracked 
|1196|0x0000000795800000, 0x0000000795800000, 0x0000000795a00000|  0%| F|  |TAMS 0x0000000795800000| PB 0x0000000795800000| Untracked 
|1197|0x0000000795a00000, 0x0000000795a00000, 0x0000000795c00000|  0%| F|  |TAMS 0x0000000795a00000| PB 0x0000000795a00000| Untracked 
|1198|0x0000000795c00000, 0x0000000795c00000, 0x0000000795e00000|  0%| F|  |TAMS 0x0000000795c00000| PB 0x0000000795c00000| Untracked 
|1199|0x0000000795e00000, 0x0000000795e00000, 0x0000000796000000|  0%| F|  |TAMS 0x0000000795e00000| PB 0x0000000795e00000| Untracked 
|1200|0x0000000796000000, 0x0000000796000000, 0x0000000796200000|  0%| F|  |TAMS 0x0000000796000000| PB 0x0000000796000000| Untracked 
|1201|0x0000000796200000, 0x0000000796200000, 0x0000000796400000|  0%| F|  |TAMS 0x0000000796200000| PB 0x0000000796200000| Untracked 
|1202|0x0000000796400000, 0x0000000796400000, 0x0000000796600000|  0%| F|  |TAMS 0x0000000796400000| PB 0x0000000796400000| Untracked 
|1203|0x0000000796600000, 0x0000000796600000, 0x0000000796800000|  0%| F|  |TAMS 0x0000000796600000| PB 0x0000000796600000| Untracked 
|1204|0x0000000796800000, 0x0000000796800000, 0x0000000796a00000|  0%| F|  |TAMS 0x0000000796800000| PB 0x0000000796800000| Untracked 
|1205|0x0000000796a00000, 0x0000000796a00000, 0x0000000796c00000|  0%| F|  |TAMS 0x0000000796a00000| PB 0x0000000796a00000| Untracked 
|1206|0x0000000796c00000, 0x0000000796c00000, 0x0000000796e00000|  0%| F|  |TAMS 0x0000000796c00000| PB 0x0000000796c00000| Untracked 
|1207|0x0000000796e00000, 0x0000000796e00000, 0x0000000797000000|  0%| F|  |TAMS 0x0000000796e00000| PB 0x0000000796e00000| Untracked 
|1208|0x0000000797000000, 0x0000000797000000, 0x0000000797200000|  0%| F|  |TAMS 0x0000000797000000| PB 0x0000000797000000| Untracked 
|1209|0x0000000797200000, 0x0000000797200000, 0x0000000797400000|  0%| F|  |TAMS 0x0000000797200000| PB 0x0000000797200000| Untracked 
|1210|0x0000000797400000, 0x0000000797400000, 0x0000000797600000|  0%| F|  |TAMS 0x0000000797400000| PB 0x0000000797400000| Untracked 
|1211|0x0000000797600000, 0x0000000797600000, 0x0000000797800000|  0%| F|  |TAMS 0x0000000797600000| PB 0x0000000797600000| Untracked 
|1212|0x0000000797800000, 0x0000000797800000, 0x0000000797a00000|  0%| F|  |TAMS 0x0000000797800000| PB 0x0000000797800000| Untracked 
|1213|0x0000000797a00000, 0x0000000797a00000, 0x0000000797c00000|  0%| F|  |TAMS 0x0000000797a00000| PB 0x0000000797a00000| Untracked 
|1214|0x0000000797c00000, 0x0000000797c00000, 0x0000000797e00000|  0%| F|  |TAMS 0x0000000797c00000| PB 0x0000000797c00000| Untracked 
|1215|0x0000000797e00000, 0x0000000797e00000, 0x0000000798000000|  0%| F|  |TAMS 0x0000000797e00000| PB 0x0000000797e00000| Untracked 
|1216|0x0000000798000000, 0x0000000798000000, 0x0000000798200000|  0%| F|  |TAMS 0x0000000798000000| PB 0x0000000798000000| Untracked 
|1217|0x0000000798200000, 0x0000000798200000, 0x0000000798400000|  0%| F|  |TAMS 0x0000000798200000| PB 0x0000000798200000| Untracked 
|1218|0x0000000798400000, 0x0000000798400000, 0x0000000798600000|  0%| F|  |TAMS 0x0000000798400000| PB 0x0000000798400000| Untracked 
|1219|0x0000000798600000, 0x0000000798600000, 0x0000000798800000|  0%| F|  |TAMS 0x0000000798600000| PB 0x0000000798600000| Untracked 
|1220|0x0000000798800000, 0x0000000798800000, 0x0000000798a00000|  0%| F|  |TAMS 0x0000000798800000| PB 0x0000000798800000| Untracked 
|1221|0x0000000798a00000, 0x0000000798a00000, 0x0000000798c00000|  0%| F|  |TAMS 0x0000000798a00000| PB 0x0000000798a00000| Untracked 
|1222|0x0000000798c00000, 0x0000000798c00000, 0x0000000798e00000|  0%| F|  |TAMS 0x0000000798c00000| PB 0x0000000798c00000| Untracked 
|1223|0x0000000798e00000, 0x0000000798e00000, 0x0000000799000000|  0%| F|  |TAMS 0x0000000798e00000| PB 0x0000000798e00000| Untracked 
|1224|0x0000000799000000, 0x0000000799000000, 0x0000000799200000|  0%| F|  |TAMS 0x0000000799000000| PB 0x0000000799000000| Untracked 
|1225|0x0000000799200000, 0x0000000799200000, 0x0000000799400000|  0%| F|  |TAMS 0x0000000799200000| PB 0x0000000799200000| Untracked 
|1226|0x0000000799400000, 0x0000000799400000, 0x0000000799600000|  0%| F|  |TAMS 0x0000000799400000| PB 0x0000000799400000| Untracked 
|1227|0x0000000799600000, 0x0000000799600000, 0x0000000799800000|  0%| F|  |TAMS 0x0000000799600000| PB 0x0000000799600000| Untracked 
|1228|0x0000000799800000, 0x0000000799800000, 0x0000000799a00000|  0%| F|  |TAMS 0x0000000799800000| PB 0x0000000799800000| Untracked 
|1229|0x0000000799a00000, 0x0000000799a00000, 0x0000000799c00000|  0%| F|  |TAMS 0x0000000799a00000| PB 0x0000000799a00000| Untracked 
|1230|0x0000000799c00000, 0x0000000799c00000, 0x0000000799e00000|  0%| F|  |TAMS 0x0000000799c00000| PB 0x0000000799c00000| Untracked 
|1231|0x0000000799e00000, 0x0000000799e00000, 0x000000079a000000|  0%| F|  |TAMS 0x0000000799e00000| PB 0x0000000799e00000| Untracked 
|1232|0x000000079a000000, 0x000000079a000000, 0x000000079a200000|  0%| F|  |TAMS 0x000000079a000000| PB 0x000000079a000000| Untracked 
|1233|0x000000079a200000, 0x000000079a200000, 0x000000079a400000|  0%| F|  |TAMS 0x000000079a200000| PB 0x000000079a200000| Untracked 
|1234|0x000000079a400000, 0x000000079a400000, 0x000000079a600000|  0%| F|  |TAMS 0x000000079a400000| PB 0x000000079a400000| Untracked 
|1235|0x000000079a600000, 0x000000079a600000, 0x000000079a800000|  0%| F|  |TAMS 0x000000079a600000| PB 0x000000079a600000| Untracked 
|1236|0x000000079a800000, 0x000000079a800000, 0x000000079aa00000|  0%| F|  |TAMS 0x000000079a800000| PB 0x000000079a800000| Untracked 
|1237|0x000000079aa00000, 0x000000079aa00000, 0x000000079ac00000|  0%| F|  |TAMS 0x000000079aa00000| PB 0x000000079aa00000| Untracked 
|1238|0x000000079ac00000, 0x000000079ac00000, 0x000000079ae00000|  0%| F|  |TAMS 0x000000079ac00000| PB 0x000000079ac00000| Untracked 
|1239|0x000000079ae00000, 0x000000079ae00000, 0x000000079b000000|  0%| F|  |TAMS 0x000000079ae00000| PB 0x000000079ae00000| Untracked 
|2002|0x00000007fa400000, 0x00000007fa400000, 0x00000007fa600000|  0%| F|  |TAMS 0x00000007fa400000| PB 0x00000007fa400000| Untracked 
|2007|0x00000007fae00000, 0x00000007fae00000, 0x00000007fb000000|  0%| F|  |TAMS 0x00000007fae00000| PB 0x00000007fae00000| Untracked 
|2013|0x00000007fba00000, 0x00000007fbc00000, 0x00000007fbc00000|100%| O|  |TAMS 0x00000007fbc00000| PB 0x00000007fba00000| Untracked 
|2014|0x00000007fbc00000, 0x00000007fbe00000, 0x00000007fbe00000|100%| O|  |TAMS 0x00000007fbe00000| PB 0x00000007fbc00000| Untracked 
|2015|0x00000007fbe00000, 0x00000007fc000000, 0x00000007fc000000|100%| O|  |TAMS 0x00000007fc000000| PB 0x00000007fbe00000| Untracked 
|2032|0x00000007fe000000, 0x00000007fe200000, 0x00000007fe200000|100%| O|  |TAMS 0x00000007fe200000| PB 0x00000007fe000000| Untracked 
|2033|0x00000007fe200000, 0x00000007fe400000, 0x00000007fe400000|100%| O|  |TAMS 0x00000007fe400000| PB 0x00000007fe200000| Untracked 
|2034|0x00000007fe400000, 0x00000007fe600000, 0x00000007fe600000|100%| O|  |TAMS 0x00000007fe600000| PB 0x00000007fe400000| Untracked 
|2035|0x00000007fe600000, 0x00000007fe800000, 0x00000007fe800000|100%| O|  |TAMS 0x00000007fe800000| PB 0x00000007fe600000| Untracked 
|2038|0x00000007fec00000, 0x00000007fee00000, 0x00000007fee00000|100%| O|  |TAMS 0x00000007fee00000| PB 0x00000007fec00000| Untracked 
|2039|0x00000007fee00000, 0x00000007ff000000, 0x00000007ff000000|100%| O|  |TAMS 0x00000007ff000000| PB 0x00000007fee00000| Untracked 
|2040|0x00000007ff000000, 0x00000007ff200000, 0x00000007ff200000|100%| O|  |TAMS 0x00000007ff200000| PB 0x00000007ff000000| Untracked 
|2042|0x00000007ff400000, 0x00000007ff400000, 0x00000007ff600000|  0%| F|  |TAMS 0x00000007ff400000| PB 0x00000007ff400000| Untracked 
|2043|0x00000007ff600000, 0x00000007ff600000, 0x00000007ff800000|  0%| F|  |TAMS 0x00000007ff600000| PB 0x00000007ff600000| Untracked 
|2044|0x00000007ff800000, 0x00000007ffa00000, 0x00000007ffa00000|100%| O|  |TAMS 0x00000007ffa00000| PB 0x00000007ff800000| Untracked 
|2045|0x00000007ffa00000, 0x00000007ffc00000, 0x00000007ffc00000|100%| O|  |TAMS 0x00000007ffc00000| PB 0x00000007ffa00000| Untracked 
|2046|0x00000007ffc00000, 0x00000007ffe00000, 0x00000007ffe00000|100%| O|  |TAMS 0x00000007ffe00000| PB 0x00000007ffc00000| Untracked 
|2047|0x00000007ffe00000, 0x0000000800000000, 0x0000000800000000|100%| O|  |TAMS 0x0000000800000000| PB 0x00000007ffe00000| Untracked 

Card table byte_map: [0x000001df3bd80000,0x000001df3c580000] _byte_map_base: 0x000001df38580000

Marking Bits: (CMBitMap*) 0x000001df29166c50
 Bits: [0x000001df3c580000, 0x000001df40580000)

Polling page: 0x000001df26f60000

Metaspace:

Usage:
  Non-class:    379.00 MB used.
      Class:     52.46 MB used.
       Both:    431.46 MB used.

Virtual space:
  Non-class space:      384.00 MB reserved,     380.81 MB (>99%) committed,  6 nodes.
      Class space:        1.00 GB reserved,      54.25 MB (  5%) committed,  1 nodes.
             Both:        1.38 GB reserved,     435.06 MB ( 31%) committed. 

Chunk freelists:
   Non-Class:  3.14 MB
       Class:  9.70 MB
        Both:  12.84 MB

MaxMetaspaceSize: unlimited
CompressedClassSpaceSize: 1.00 GB
Initial GC threshold: 21.00 MB
Current GC threshold: 714.94 MB
CDS: off
 - commit_granule_bytes: 65536.
 - commit_granule_words: 8192.
 - virtual_space_node_default_size: 8388608.
 - enlarge_chunks_in_place: 1.
 - use_allocation_guard: 0.


Internal statistics:

num_allocs_failed_limit: 12.
num_arena_births: 7510.
num_arena_deaths: 28.
num_vsnodes_births: 7.
num_vsnodes_deaths: 0.
num_space_committed: 6970.
num_space_uncommitted: 13.
num_chunks_returned_to_freelist: 168.
num_chunks_taken_from_freelist: 24904.
num_chunk_merges: 42.
num_chunk_splits: 18230.
num_chunks_enlarged: 13659.
num_inconsistent_stats: 0.

CodeHeap 'non-profiled nmethods': size=120000Kb used=32282Kb max_used=33102Kb free=87717Kb
 bounds [0x000001df33d20000, 0x000001df35dc0000, 0x000001df3b250000]
CodeHeap 'profiled nmethods': size=120000Kb used=70833Kb max_used=81610Kb free=49167Kb
 bounds [0x000001df2c250000, 0x000001df31210000, 0x000001df33780000]
CodeHeap 'non-nmethods': size=5760Kb used=2736Kb max_used=2905Kb free=3023Kb
 bounds [0x000001df33780000, 0x000001df33a90000, 0x000001df33d20000]
CodeCache: size=245760Kb, used=105851Kb, max_used=117617Kb, free=139907Kb
 total_blobs=25969, nmethods=24450, adapters=1418, full_count=0
Compilation: enabled, stopped_count=0, restarted_count=0

Compilation events (20 events):
Event: 2389.362 Thread 0x000001df69b7b650 nmethod 82732 0x000001df356a1390 code [0x000001df356a15e0, 0x000001df356a2240]
Event: 2389.362 Thread 0x000001df43207090 nmethod 82896 0x000001df2da83390 code [0x000001df2da835a0, 0x000001df2da83bc0]
Event: 2389.362 Thread 0x000001df43207090 82898       2       com.android.tools.r8.internal.rv::a (388 bytes)
Event: 2389.362 Thread 0x000001df69b7b650 82903       4       com.android.tools.r8.internal.rv::a (1059 bytes)
Event: 2389.363 Thread 0x000001df43207090 nmethod 82898 0x000001df2ece0190 code [0x000001df2ece0420, 0x000001df2ece1518]
Event: 2389.363 Thread 0x000001df43207090 82899       2       com.android.tools.r8.graph.m9::a (55 bytes)
Event: 2389.364 Thread 0x000001df69b77fd0 nmethod 82893 0x000001df34c8ae90 code [0x000001df34c8b160, 0x000001df34c8d0c8]
Event: 2389.364 Thread 0x000001df43207090 nmethod 82899 0x000001df2eaa9110 code [0x000001df2eaa92e0, 0x000001df2eaa9518]
Event: 2389.364 Thread 0x000001df69b77fd0 82731       4       com.android.tools.r8.graph.i9::<init> (85 bytes)
Event: 2389.364 Thread 0x000001df43207090 82900       2       com.android.tools.r8.graph.j9::c (45 bytes)
Event: 2389.365 Thread 0x000001df43207090 nmethod 82900 0x000001df2eb57310 code [0x000001df2eb574c0, 0x000001df2eb57768]
Event: 2389.365 Thread 0x000001df43207090 82901       3       java.lang.RuntimeException::<init> (5 bytes)
Event: 2389.365 Thread 0x000001df43207090 nmethod 82901 0x000001df2f91c810 code [0x000001df2f91c9e0, 0x000001df2f91ce10]
Event: 2389.365 Thread 0x000001df43207090 82904       1       com.android.tools.r8.internal.wf::a (5 bytes)
Event: 2389.365 Thread 0x000001df43207090 nmethod 82904 0x000001df346ef910 code [0x000001df346efaa0, 0x000001df346efb70]
Event: 2389.374 Thread 0x000001df69b77fd0 nmethod 82731 0x000001df35407b90 code [0x000001df35407d60, 0x000001df354085e0]
Event: 2389.375 Thread 0x000001df69b77fd0 82743       4       com.android.tools.r8.graph.f3$a::<init> (67 bytes)
Event: 2389.381 Thread 0x000001df69b77fd0 nmethod 82743 0x000001df352d2d90 code [0x000001df352d2f60, 0x000001df352d36a8]
Event: 2389.381 Thread 0x000001df69b77fd0 82742   !   4       com.android.tools.r8.graph.b8::b (53 bytes)
Event: 2389.395 Thread 0x000001df431e9d50 nmethod 82892% 0x000001df346c0610 code [0x000001df346c08c0, 0x000001df346c2a90]

GC Heap History (20 events):
Event: 2364.254 GC heap after
{Heap after GC invocations=195 (full 0):
 garbage-first heap   total 1714176K, used 526775K [0x0000000700000000, 0x0000000800000000)
  region size 2048K, 1 young (2048K), 1 survivors (2048K)
 Metaspace       used 435406K, committed 439104K, reserved 1441792K
  class space    used 52821K, committed 54656K, reserved 1048576K
}
Event: 2379.536 GC heap before
{Heap before GC invocations=195 (full 0):
 garbage-first heap   total 1714176K, used 608695K [0x0000000700000000, 0x0000000800000000)
  region size 2048K, 42 young (86016K), 1 survivors (2048K)
 Metaspace       used 435533K, committed 439232K, reserved 1441792K
  class space    used 52837K, committed 54656K, reserved 1048576K
}
Event: 2379.541 GC heap after
{Heap after GC invocations=196 (full 0):
 garbage-first heap   total 1714176K, used 527515K [0x0000000700000000, 0x0000000800000000)
  region size 2048K, 1 young (2048K), 1 survivors (2048K)
 Metaspace       used 435533K, committed 439232K, reserved 1441792K
  class space    used 52837K, committed 54656K, reserved 1048576K
}
Event: 2385.485 GC heap before
{Heap before GC invocations=197 (full 0):
 garbage-first heap   total 1372160K, used 474267K [0x0000000700000000, 0x0000000800000000)
  region size 2048K, 33 young (67584K), 1 survivors (2048K)
 Metaspace       used 440691K, committed 444352K, reserved 1441792K
  class space    used 53591K, committed 55424K, reserved 1048576K
}
Event: 2385.493 GC heap after
{Heap after GC invocations=198 (full 0):
 garbage-first heap   total 1372160K, used 414729K [0x0000000700000000, 0x0000000800000000)
  region size 2048K, 3 young (6144K), 3 survivors (6144K)
 Metaspace       used 440691K, committed 444352K, reserved 1441792K
  class space    used 53591K, committed 55424K, reserved 1048576K
}
Event: 2385.912 GC heap before
{Heap before GC invocations=198 (full 0):
 garbage-first heap   total 1372160K, used 484361K [0x0000000700000000, 0x0000000800000000)
  region size 2048K, 38 young (77824K), 3 survivors (6144K)
 Metaspace       used 441706K, committed 445440K, reserved 1441792K
  class space    used 53701K, committed 55552K, reserved 1048576K
}
Event: 2387.026 GC heap after
{Heap after GC invocations=199 (full 0):
 garbage-first heap   total 1372160K, used 420228K [0x0000000700000000, 0x0000000800000000)
  region size 2048K, 5 young (10240K), 5 survivors (10240K)
 Metaspace       used 441706K, committed 445440K, reserved 1441792K
  class space    used 53701K, committed 55552K, reserved 1048576K
}
Event: 2387.134 GC heap before
{Heap before GC invocations=199 (full 0):
 garbage-first heap   total 1372160K, used 477572K [0x0000000700000000, 0x0000000800000000)
  region size 2048K, 33 young (67584K), 5 survivors (10240K)
 Metaspace       used 441724K, committed 445440K, reserved 1441792K
  class space    used 53702K, committed 55552K, reserved 1048576K
}
Event: 2387.376 GC heap after
{Heap after GC invocations=200 (full 0):
 garbage-first heap   total 1372160K, used 425169K [0x0000000700000000, 0x0000000800000000)
  region size 2048K, 5 young (10240K), 5 survivors (10240K)
 Metaspace       used 441724K, committed 445440K, reserved 1441792K
  class space    used 53702K, committed 55552K, reserved 1048576K
}
Event: 2387.732 GC heap before
{Heap before GC invocations=200 (full 0):
 garbage-first heap   total 1372160K, used 480465K [0x0000000700000000, 0x0000000800000000)
  region size 2048K, 33 young (67584K), 5 survivors (10240K)
 Metaspace       used 441730K, committed 445440K, reserved 1441792K
  class space    used 53702K, committed 55552K, reserved 1048576K
}
Event: 2387.973 GC heap after
{Heap after GC invocations=201 (full 0):
 garbage-first heap   total 1372160K, used 429265K [0x0000000700000000, 0x0000000800000000)
  region size 2048K, 5 young (10240K), 5 survivors (10240K)
 Metaspace       used 441730K, committed 445440K, reserved 1441792K
  class space    used 53702K, committed 55552K, reserved 1048576K
}
Event: 2388.125 GC heap before
{Heap before GC invocations=201 (full 0):
 garbage-first heap   total 1372160K, used 486609K [0x0000000700000000, 0x0000000800000000)
  region size 2048K, 33 young (67584K), 5 survivors (10240K)
 Metaspace       used 441731K, committed 445440K, reserved 1441792K
  class space    used 53702K, committed 55552K, reserved 1048576K
}
Event: 2388.164 GC heap after
{Heap after GC invocations=202 (full 0):
 garbage-first heap   total 2502656K, used 436569K [0x0000000700000000, 0x0000000800000000)
  region size 2048K, 5 young (10240K), 5 survivors (10240K)
 Metaspace       used 441731K, committed 445440K, reserved 1441792K
  class space    used 53702K, committed 55552K, reserved 1048576K
}
Event: 2388.412 GC heap before
{Heap before GC invocations=202 (full 0):
 garbage-first heap   total 2502656K, used 549209K [0x0000000700000000, 0x0000000800000000)
  region size 2048K, 61 young (124928K), 5 survivors (10240K)
 Metaspace       used 441799K, committed 445504K, reserved 1441792K
  class space    used 53717K, committed 55552K, reserved 1048576K
}
Event: 2388.441 GC heap after
{Heap after GC invocations=203 (full 0):
 garbage-first heap   total 2502656K, used 454163K [0x0000000700000000, 0x0000000800000000)
  region size 2048K, 8 young (16384K), 8 survivors (16384K)
 Metaspace       used 441799K, committed 445504K, reserved 1441792K
  class space    used 53717K, committed 55552K, reserved 1048576K
}
Event: 2388.599 GC heap before
{Heap before GC invocations=203 (full 0):
 garbage-first heap   total 2502656K, used 562707K [0x0000000700000000, 0x0000000800000000)
  region size 2048K, 61 young (124928K), 8 survivors (16384K)
 Metaspace       used 441800K, committed 445504K, reserved 1441792K
  class space    used 53717K, committed 55552K, reserved 1048576K
}
Event: 2388.632 GC heap after
{Heap after GC invocations=204 (full 0):
 garbage-first heap   total 2502656K, used 473088K [0x0000000700000000, 0x0000000800000000)
  region size 2048K, 8 young (16384K), 8 survivors (16384K)
 Metaspace       used 441800K, committed 445504K, reserved 1441792K
  class space    used 53717K, committed 55552K, reserved 1048576K
}
Event: 2388.793 GC heap before
{Heap before GC invocations=204 (full 0):
 garbage-first heap   total 2502656K, used 587776K [0x0000000700000000, 0x0000000800000000)
  region size 2048K, 61 young (124928K), 8 survivors (16384K)
 Metaspace       used 441811K, committed 445504K, reserved 1441792K
  class space    used 53717K, committed 55552K, reserved 1048576K
}
Event: 2389.302 GC heap after
{Heap after GC invocations=205 (full 0):
 garbage-first heap   total 2502656K, used 503808K [0x0000000700000000, 0x0000000800000000)
  region size 2048K, 8 young (16384K), 8 survivors (16384K)
 Metaspace       used 441811K, committed 445504K, reserved 1441792K
  class space    used 53717K, committed 55552K, reserved 1048576K
}
Event: 2389.396 GC heap before
{Heap before GC invocations=205 (full 0):
 garbage-first heap   total 2502656K, used 534528K [0x0000000700000000, 0x0000000800000000)
  region size 2048K, 24 young (49152K), 8 survivors (16384K)
 Metaspace       used 441818K, committed 445504K, reserved 1441792K
  class space    used 53718K, committed 55552K, reserved 1048576K
}

Dll operation events (4 events):
Event: 0.117 Loaded shared library C:\Program Files\Android\Android Studio1\jbr\bin\java.dll
Event: 0.174 Loaded shared library C:\Program Files\Android\Android Studio1\jbr\bin\zip.dll
Event: 1.639 Loaded shared library C:\Program Files\Android\Android Studio1\jbr\bin\verify.dll
Event: 1279.066 Unloaded dll "C:\Users\Asus\AppData\Local\Temp\sqlite-3.41.2.2-0ca5d7a9-b062-4b72-a15b-66f055747365-sqlitejdbc.dll" [0x00007ff8b8a10000]

Deoptimization events (20 events):
Event: 2389.324 Thread 0x000001df50b495c0 DEOPT PACKING pc=0x000001df35da2684 sp=0x000000be792feb90
Event: 2389.324 Thread 0x000001df689d7050 DEOPT PACKING pc=0x000001df35da2684 sp=0x000000be7d3fee40
Event: 2389.324 Thread 0x000001df50b495c0 DEOPT UNPACKING pc=0x000001df337d4422 sp=0x000000be792feb80 mode 2
Event: 2389.324 Thread 0x000001df689d7050 DEOPT UNPACKING pc=0x000001df337d4422 sp=0x000000be7d3fee30 mode 2
Event: 2389.325 Thread 0x000001df50b495c0 Uncommon trap: trap_request=0xffffff45 fr.pc=0x000001df34d09b04 relative=0x0000000000001fa4
Event: 2389.325 Thread 0x000001df50b495c0 Uncommon trap: reason=unstable_if action=reinterpret pc=0x000001df34d09b04 method=com.android.tools.r8.graph.j9.c()V @ 390 c2
Event: 2389.325 Thread 0x000001df50b495c0 DEOPT PACKING pc=0x000001df34d09b04 sp=0x000000be792feb30
Event: 2389.325 Thread 0x000001df50b495c0 DEOPT UNPACKING pc=0x000001df337d4422 sp=0x000000be792feaf8 mode 2
Event: 2389.325 Thread 0x000001df6e0e52b0 Uncommon trap: trap_request=0xffffff45 fr.pc=0x000001df3571d384 relative=0x00000000000016e4
Event: 2389.325 Thread 0x000001df5d8262b0 Uncommon trap: trap_request=0xffffff45 fr.pc=0x000001df3571d384 relative=0x00000000000016e4
Event: 2389.325 Thread 0x000001df5e2f8040 Uncommon trap: trap_request=0xffffff45 fr.pc=0x000001df3571d384 relative=0x00000000000016e4
Event: 2389.325 Thread 0x000001df5d8262b0 Uncommon trap: reason=unstable_if action=reinterpret pc=0x000001df3571d384 method=com.android.tools.r8.internal.rv.a(Lcom/android/tools/r8/internal/n6;IZ[C)I @ 69 c2
Event: 2389.325 Thread 0x000001df6e0e52b0 Uncommon trap: reason=unstable_if action=reinterpret pc=0x000001df3571d384 method=com.android.tools.r8.internal.rv.a(Lcom/android/tools/r8/internal/n6;IZ[C)I @ 69 c2
Event: 2389.325 Thread 0x000001df5e2f8040 Uncommon trap: reason=unstable_if action=reinterpret pc=0x000001df3571d384 method=com.android.tools.r8.internal.rv.a(Lcom/android/tools/r8/internal/n6;IZ[C)I @ 69 c2
Event: 2389.325 Thread 0x000001df5d8262b0 DEOPT PACKING pc=0x000001df3571d384 sp=0x000000be7d5feb90
Event: 2389.325 Thread 0x000001df6e0e52b0 DEOPT PACKING pc=0x000001df3571d384 sp=0x000000be7c7fed80
Event: 2389.325 Thread 0x000001df5e2f8040 DEOPT PACKING pc=0x000001df3571d384 sp=0x000000be7d4fe910
Event: 2389.325 Thread 0x000001df6e0e52b0 DEOPT UNPACKING pc=0x000001df337d4422 sp=0x000000be7c7fed98 mode 2
Event: 2389.325 Thread 0x000001df5d8262b0 DEOPT UNPACKING pc=0x000001df337d4422 sp=0x000000be7d5feba8 mode 2
Event: 2389.325 Thread 0x000001df5e2f8040 DEOPT UNPACKING pc=0x000001df337d4422 sp=0x000000be7d4fe928 mode 2

Classes loaded (20 events):
Event: 2031.379 Loading class java/net/UrlDeserializedState
Event: 2031.380 Loading class java/net/UrlDeserializedState done
Event: 2187.519 Loading class java/lang/StackStreamFactory
Event: 2187.528 Loading class java/lang/StackStreamFactory done
Event: 2187.538 Loading class java/lang/StackWalker$ExtendedOption
Event: 2187.538 Loading class java/lang/StackWalker$ExtendedOption done
Event: 2187.538 Loading class java/lang/StackStreamFactory$StackFrameTraverser
Event: 2187.538 Loading class java/lang/StackStreamFactory$StackFrameTraverser done
Event: 2187.538 Loading class java/lang/StackStreamFactory$WalkerState
Event: 2187.538 Loading class java/lang/StackStreamFactory$WalkerState done
Event: 2187.538 Loading class java/lang/StackStreamFactory$StackFrameTraverser$StackFrameBuffer
Event: 2187.540 Loading class java/lang/StackStreamFactory$FrameBuffer
Event: 2187.540 Loading class java/lang/StackStreamFactory$FrameBuffer done
Event: 2187.540 Loading class java/lang/StackStreamFactory$StackFrameTraverser$StackFrameBuffer done
Event: 2338.889 Loading class java/nio/file/FileTreeIterator
Event: 2338.890 Loading class java/nio/file/FileTreeIterator done
Event: 2381.861 Loading class java/util/concurrent/ForkJoinTask$AdaptedInterruptibleCallable
Event: 2382.006 Loading class java/util/concurrent/ForkJoinTask$InterruptibleTask
Event: 2382.006 Loading class java/util/concurrent/ForkJoinTask$InterruptibleTask done
Event: 2382.006 Loading class java/util/concurrent/ForkJoinTask$AdaptedInterruptibleCallable done

Classes unloaded (20 events):
Event: 1943.569 Thread 0x000001df43180160 Unloading class 0x0000000802e0f7e8 'androidx/navigation/common/lint/EmptyNavDeepLinkDetector$Companion'
Event: 1943.569 Thread 0x000001df43180160 Unloading class 0x0000000802e0f298 'androidx/navigation/common/lint/EmptyNavDeepLinkDetector'
Event: 1943.569 Thread 0x000001df43180160 Unloading class 0x0000000802e0f000 'androidx/navigation/common/lint/NavigationCommonIssueRegistry'
Event: 1943.569 Thread 0x000001df43180160 Unloading class 0x0000000802df0800 'androidx/lifecycle/lint/NonNullableMutableLiveDataDetector$Companion'
Event: 1943.569 Thread 0x000001df43180160 Unloading class 0x0000000802df0298 'androidx/lifecycle/lint/NonNullableMutableLiveDataDetector'
Event: 1943.569 Thread 0x000001df43180160 Unloading class 0x0000000802df0000 'androidx/lifecycle/lint/LiveDataCoreIssueRegistry'
Event: 1943.569 Thread 0x000001df43180160 Unloading class 0x0000000802dc9490 'androidx/navigation/lint/BaseTypeSafeDestinationMissingAnnotationDetectorKt'
Event: 1943.569 Thread 0x000001df43180160 Unloading class 0x0000000802dc9258 'androidx/navigation/runtime/lint/TypeSafeDestinationMissingAnnotationDetector$Companion'
Event: 1943.569 Thread 0x000001df43180160 Unloading class 0x0000000802dc8cf0 'androidx/navigation/runtime/lint/TypeSafeDestinationMissingAnnotationDetector'
Event: 1943.569 Thread 0x000001df43180160 Unloading class 0x0000000802dc8788 'androidx/navigation/lint/BaseTypeSafeDestinationMissingAnnotationDetector'
Event: 1943.569 Thread 0x000001df43180160 Unloading class 0x0000000802dc8550 'androidx/navigation/runtime/lint/WrongNavigateRouteDetector$Companion'
Event: 1943.569 Thread 0x000001df43180160 Unloading class 0x0000000802dc8000 'androidx/navigation/runtime/lint/WrongNavigateRouteDetector'
Event: 1943.569 Thread 0x000001df43180160 Unloading class 0x0000000802dc5cf8 'androidx/navigation/lint/BaseWrongStartDestinationTypeDetectorKt'
Event: 1943.569 Thread 0x000001df43180160 Unloading class 0x0000000802dc5ac0 'androidx/navigation/runtime/lint/WrongStartDestinationTypeDetector$Companion'
Event: 1943.569 Thread 0x000001df43180160 Unloading class 0x0000000802dc5560 'androidx/navigation/runtime/lint/WrongStartDestinationTypeDetector'
Event: 1943.569 Thread 0x000001df43180160 Unloading class 0x0000000802dc5000 'androidx/navigation/lint/BaseWrongStartDestinationTypeDetector'
Event: 1943.569 Thread 0x000001df43180160 Unloading class 0x0000000802dc4400 'androidx/navigation/runtime/lint/DeepLinkInActivityDestinationDetector$Companion'
Event: 1943.569 Thread 0x000001df43180160 Unloading class 0x0000000802dc4a98 'androidx/navigation/runtime/lint/DeepLinkInActivityDestinationDetector'
Event: 1943.569 Thread 0x000001df43180160 Unloading class 0x0000000802dc4800 'androidx/navigation/runtime/lint/NavigationRuntimeIssueRegistry'
Event: 2288.019 Thread 0x000001df43180160 Unloading class 0x0000000801ef8400 'java/lang/invoke/LambdaForm$MH+0x0000000801ef8400'

Classes redefined (0 events):
No events

Internal exceptions (20 events):
Event: 2385.757 Thread 0x000001df689d7050 Exception <a 'sun/nio/fs/WindowsException'{0x000000074f787e90}> (0x000000074f787e90) 
thrown [s\src\hotspot\share\prims\jni.cpp, line 537]
Event: 2385.763 Thread 0x000001df5d8262b0 Exception <a 'sun/nio/fs/WindowsException'{0x000000074f7d8280}> (0x000000074f7d8280) 
thrown [s\src\hotspot\share\prims\jni.cpp, line 537]
Event: 2385.799 Thread 0x000001df5d8262b0 Exception <a 'sun/nio/fs/WindowsException'{0x000000074f161100}> (0x000000074f161100) 
thrown [s\src\hotspot\share\prims\jni.cpp, line 537]
Event: 2385.812 Thread 0x000001df5e2fa7a0 Exception <a 'sun/nio/fs/WindowsException'{0x000000074ec1f318}> (0x000000074ec1f318) 
thrown [s\src\hotspot\share\prims\jni.cpp, line 537]
Event: 2387.058 Thread 0x000001df689d7050 Exception <a 'sun/nio/fs/WindowsException'{0x00000007511bc238}> (0x00000007511bc238) 
thrown [s\src\hotspot\share\prims\jni.cpp, line 537]
Event: 2388.203 Thread 0x000001df5efcdc20 Exception <a 'sun/nio/fs/WindowsException'{0x0000000796197700}> (0x0000000796197700) 
thrown [s\src\hotspot\share\prims\jni.cpp, line 537]
Event: 2388.205 Thread 0x000001df5efcdc20 Exception <a 'sun/nio/fs/WindowsException'{0x00000007961a17e8}> (0x00000007961a17e8) 
thrown [s\src\hotspot\share\prims\jni.cpp, line 537]
Event: 2388.205 Thread 0x000001df5efcdc20 Exception <a 'sun/nio/fs/WindowsException'{0x00000007961a6f50}> (0x00000007961a6f50) 
thrown [s\src\hotspot\share\prims\jni.cpp, line 537]
Event: 2388.207 Thread 0x000001df5efcdc20 Exception <a 'sun/nio/fs/WindowsException'{0x00000007961b5920}> (0x00000007961b5920) 
thrown [s\src\hotspot\share\prims\jni.cpp, line 537]
Event: 2388.210 Thread 0x000001df5e2f8040 Exception <a 'sun/nio/fs/WindowsException'{0x0000000796186ec0}> (0x0000000796186ec0) 
thrown [s\src\hotspot\share\prims\jni.cpp, line 537]
Event: 2388.212 Thread 0x000001df5e2fa110 Exception <a 'sun/nio/fs/WindowsException'{0x00000007960f6360}> (0x00000007960f6360) 
thrown [s\src\hotspot\share\prims\jni.cpp, line 537]
Event: 2388.213 Thread 0x000001df5e2fa110 Exception <a 'sun/nio/fs/WindowsException'{0x00000007960fa950}> (0x00000007960fa950) 
thrown [s\src\hotspot\share\prims\jni.cpp, line 537]
Event: 2388.216 Thread 0x000001df5efcdc20 Exception <a 'sun/nio/fs/WindowsException'{0x0000000795e48e08}> (0x0000000795e48e08) 
thrown [s\src\hotspot\share\prims\jni.cpp, line 537]
Event: 2388.741 Thread 0x000001df6e0e7a10 Exception <a 'sun/nio/fs/WindowsException'{0x0000000792512200}> (0x0000000792512200) 
thrown [s\src\hotspot\share\prims\jni.cpp, line 537]
Event: 2388.743 Thread 0x000001df6e0e7a10 Exception <a 'sun/nio/fs/WindowsException'{0x0000000792525168}> (0x0000000792525168) 
thrown [s\src\hotspot\share\prims\jni.cpp, line 537]
Event: 2389.304 Thread 0x000001df6e0e7a10 Exception <a 'sun/nio/fs/WindowsException'{0x00000007ff7340d0}> (0x00000007ff7340d0) 
thrown [s\src\hotspot\share\prims\jni.cpp, line 537]
Event: 2389.325 Thread 0x000001df6e0e52b0 Implicit null exception at 0x000001df3571bd5b to 0x000001df3571d370
Event: 2389.325 Thread 0x000001df5d8262b0 Implicit null exception at 0x000001df3571bd5b to 0x000001df3571d370
Event: 2389.325 Thread 0x000001df5e2f8040 Implicit null exception at 0x000001df3571bd5b to 0x000001df3571d370
Event: 2389.341 Thread 0x000001df5d8262b0 Exception <a 'sun/nio/fs/WindowsException'{0x0000000795bb0af8}> (0x0000000795bb0af8) 
thrown [s\src\hotspot\share\prims\jni.cpp, line 537]

ZGC Phase Switch (0 events):
No events

VM Operations (20 events):
Event: 2381.778 Executing non-safepoint VM operation: HandshakeAllThreads (Deoptimize) done
Event: 2382.792 Executing safepoint VM operation: Cleanup
Event: 2382.922 Executing safepoint VM operation: Cleanup done
Event: 2385.485 Executing safepoint VM operation: G1CollectForAllocation (G1 Evacuation Pause)
Event: 2385.493 Executing safepoint VM operation: G1CollectForAllocation (G1 Evacuation Pause) done
Event: 2385.883 Executing safepoint VM operation: G1CollectForAllocation (G1 Evacuation Pause)
Event: 2387.026 Executing safepoint VM operation: G1CollectForAllocation (G1 Evacuation Pause) done
Event: 2387.134 Executing safepoint VM operation: G1CollectForAllocation (G1 Evacuation Pause)
Event: 2387.376 Executing safepoint VM operation: G1CollectForAllocation (G1 Evacuation Pause) done
Event: 2387.696 Executing safepoint VM operation: G1CollectForAllocation (G1 Evacuation Pause)
Event: 2387.974 Executing safepoint VM operation: G1CollectForAllocation (G1 Evacuation Pause) done
Event: 2388.125 Executing safepoint VM operation: G1CollectForAllocation (G1 Evacuation Pause)
Event: 2388.164 Executing safepoint VM operation: G1CollectForAllocation (G1 Evacuation Pause) done
Event: 2388.412 Executing safepoint VM operation: G1CollectForAllocation (G1 Evacuation Pause)
Event: 2388.441 Executing safepoint VM operation: G1CollectForAllocation (G1 Evacuation Pause) done
Event: 2388.599 Executing safepoint VM operation: G1CollectForAllocation (G1 Evacuation Pause)
Event: 2388.633 Executing safepoint VM operation: G1CollectForAllocation (G1 Evacuation Pause) done
Event: 2388.793 Executing safepoint VM operation: G1CollectForAllocation (G1 Evacuation Pause)
Event: 2389.302 Executing safepoint VM operation: G1CollectForAllocation (G1 Evacuation Pause) done
Event: 2389.382 Executing safepoint VM operation: G1TryInitiateConcMark (G1 Humongous Allocation)

Memory protections (0 events):
No events

Nmethod flushes (20 events):
Event: 2379.918 Thread 0x000001df43180160 flushing  nmethod 0x000001df3081fe10
Event: 2379.918 Thread 0x000001df43180160 flushing  nmethod 0x000001df30820210
Event: 2379.918 Thread 0x000001df43180160 flushing  nmethod 0x000001df30820d90
Event: 2379.918 Thread 0x000001df43180160 flushing  nmethod 0x000001df30821290
Event: 2379.918 Thread 0x000001df43180160 flushing  nmethod 0x000001df30821a10
Event: 2379.918 Thread 0x000001df43180160 flushing  nmethod 0x000001df30822610
Event: 2379.918 Thread 0x000001df43180160 flushing  nmethod 0x000001df30823510
Event: 2379.918 Thread 0x000001df43180160 flushing  nmethod 0x000001df30823a10
Event: 2379.918 Thread 0x000001df43180160 flushing  nmethod 0x000001df30826d10
Event: 2379.918 Thread 0x000001df43180160 flushing  nmethod 0x000001df308e0990
Event: 2379.918 Thread 0x000001df43180160 flushing  nmethod 0x000001df308e1d90
Event: 2379.918 Thread 0x000001df43180160 flushing  nmethod 0x000001df30907510
Event: 2379.918 Thread 0x000001df43180160 flushing  nmethod 0x000001df3090a890
Event: 2379.918 Thread 0x000001df43180160 flushing  nmethod 0x000001df3090b910
Event: 2379.918 Thread 0x000001df43180160 flushing  nmethod 0x000001df3090bf10
Event: 2379.918 Thread 0x000001df43180160 flushing  nmethod 0x000001df309baf10
Event: 2379.918 Thread 0x000001df43180160 flushing  nmethod 0x000001df30a0d790
Event: 2379.918 Thread 0x000001df43180160 flushing  nmethod 0x000001df30a0db10
Event: 2379.918 Thread 0x000001df43180160 flushing  nmethod 0x000001df30a26710
Event: 2379.918 Thread 0x000001df43180160 flushing  nmethod 0x000001df30a28f90

Events (20 events):
Event: 2374.689 Thread 0x000001df5d853000 Thread exited: 0x000001df5d853000
Event: 2378.813 Thread 0x000001df43207090 Thread added: 0x000001df69b77fd0
Event: 2379.346 Thread 0x000001df69b77fd0 Thread exited: 0x000001df69b77fd0
Event: 2380.238 Thread 0x000001df43207090 Thread added: 0x000001df69b7b650
Event: 2381.015 Thread 0x000001df69b7b650 Thread exited: 0x000001df69b7b650
Event: 2381.337 Thread 0x000001df43207090 Thread added: 0x000001df69b7b650
Event: 2381.541 Thread 0x000001df43207090 Thread added: 0x000001df69b77fd0
Event: 2381.670 Thread 0x000001df69b77fd0 Thread exited: 0x000001df69b77fd0
Event: 2382.006 Thread 0x000001df5efcdc20 Thread added: 0x000001df6e0e52b0
Event: 2382.176 Thread 0x000001df5efcdc20 Thread added: 0x000001df6e0e7a10
Event: 2382.231 Thread 0x000001df5efcdc20 Thread added: 0x000001df689d7050
Event: 2382.510 Thread 0x000001df5efcdc20 Thread added: 0x000001df5e2f8040
Event: 2382.785 Thread 0x000001df69b7b650 Thread exited: 0x000001df69b7b650
Event: 2382.922 Thread 0x000001df5e2f8040 Thread added: 0x000001df50b495c0
Event: 2382.922 Thread 0x000001df50b495c0 Thread added: 0x000001df5d8262b0
Event: 2383.051 Thread 0x000001df5efcdc20 Thread added: 0x000001df5e2fa110
Event: 2383.183 Thread 0x000001df5efcdc20 Thread added: 0x000001df5e2fa7a0
Event: 2383.262 Thread 0x000001df5d852970 Thread exited: 0x000001df5d852970
Event: 2385.645 Thread 0x000001df43207090 Thread added: 0x000001df69b7b650
Event: 2385.672 Thread 0x000001df43207090 Thread added: 0x000001df69b77fd0


Dynamic libraries:
0x00007ff63fad0000 - 0x00007ff63fada000 	C:\Program Files\Android\Android Studio1\jbr\bin\java.exe
0x00007ff92c0c0000 - 0x00007ff92c326000 	C:\windows\SYSTEM32\ntdll.dll
0x00007ff92b500000 - 0x00007ff92b5c9000 	C:\windows\System32\KERNEL32.DLL
0x00007ff929600000 - 0x00007ff9299fa000 	C:\windows\System32\KERNELBASE.dll
0x00007ff926020000 - 0x00007ff9260c0000 	C:\windows\SYSTEM32\apphelp.dll
0x00007ff929ab0000 - 0x00007ff929bfc000 	C:\windows\System32\ucrtbase.dll
0x00007ff91cf60000 - 0x00007ff91cf7b000 	C:\Program Files\Android\Android Studio1\jbr\bin\VCRUNTIME140.dll
0x00007ff922090000 - 0x00007ff9220a8000 	C:\Program Files\Android\Android Studio1\jbr\bin\jli.dll
0x00007ff92beb0000 - 0x00007ff92c077000 	C:\windows\System32\USER32.dll
0x00007ff911450000 - 0x00007ff9116e2000 	C:\windows\WinSxS\amd64_microsoft.windows.common-controls_6595b64144ccf1df_6.0.26100.8521_none_3e08b75ce33403b3\COMCTL32.dll
0x00007ff929c00000 - 0x00007ff929c27000 	C:\windows\System32\win32u.dll
0x00007ff92a970000 - 0x00007ff92a99b000 	C:\windows\System32\GDI32.dll
0x00007ff929f40000 - 0x00007ff929fe9000 	C:\windows\System32\msvcrt.dll
0x00007ff9294d0000 - 0x00007ff9295fb000 	C:\windows\System32\gdi32full.dll
0x00007ff929d80000 - 0x00007ff929e23000 	C:\windows\System32\msvcp_win.dll
0x00007ff92b4c0000 - 0x00007ff92b4f2000 	C:\windows\System32\IMM32.DLL
0x00007ff9259e0000 - 0x00007ff9259ec000 	C:\Program Files\Android\Android Studio1\jbr\bin\vcruntime140_1.dll
0x00007ff8fea90000 - 0x00007ff8feb1d000 	C:\Program Files\Android\Android Studio1\jbr\bin\msvcp140.dll
0x00007ff8b6a20000 - 0x00007ff8b76b6000 	C:\Program Files\Android\Android Studio1\jbr\bin\server\jvm.dll
0x00007ff92a1a0000 - 0x00007ff92a256000 	C:\windows\System32\ADVAPI32.dll
0x00007ff92b230000 - 0x00007ff92b2da000 	C:\windows\System32\sechost.dll
0x00007ff929ff0000 - 0x00007ff92a108000 	C:\windows\System32\RPCRT4.dll
0x00007ff92b700000 - 0x00007ff92b780000 	C:\windows\System32\WS2_32.dll
0x00007ff9291b0000 - 0x00007ff92920e000 	C:\windows\SYSTEM32\POWRPROF.dll
0x00007ff91fa90000 - 0x00007ff91fa9b000 	C:\windows\SYSTEM32\VERSION.dll
0x00007ff915230000 - 0x00007ff915266000 	C:\windows\SYSTEM32\WINMM.dll
0x00007ff929190000 - 0x00007ff9291a4000 	C:\windows\SYSTEM32\UMPDC.dll
0x00007ff9280a0000 - 0x00007ff9280bb000 	C:\windows\SYSTEM32\kernel.appcore.dll
0x00007ff9220b0000 - 0x00007ff9220ba000 	C:\Program Files\Android\Android Studio1\jbr\bin\jimage.dll
0x00007ff926ba0000 - 0x00007ff926de2000 	C:\windows\SYSTEM32\DBGHELP.DLL
0x00007ff92b9c0000 - 0x00007ff92bd43000 	C:\windows\System32\combase.dll
0x00007ff92a7c0000 - 0x00007ff92a899000 	C:\windows\System32\OLEAUT32.dll
0x00007ff922560000 - 0x00007ff92259b000 	C:\windows\SYSTEM32\dbgcore.DLL
0x00007ff929a00000 - 0x00007ff929aa8000 	C:\windows\System32\bcryptPrimitives.dll
0x00007ff91cfe0000 - 0x00007ff91cfee000 	C:\Program Files\Android\Android Studio1\jbr\bin\instrument.dll
0x00007ff91cf40000 - 0x00007ff91cf60000 	C:\Program Files\Android\Android Studio1\jbr\bin\java.dll
0x00007ff91cef0000 - 0x00007ff91cf08000 	C:\Program Files\Android\Android Studio1\jbr\bin\zip.dll
0x00007ff92aaa0000 - 0x00007ff92b224000 	C:\windows\System32\SHELL32.dll
0x00007ff926ef0000 - 0x00007ff927770000 	C:\windows\SYSTEM32\windows.storage.dll
0x00007ff92b5f0000 - 0x00007ff92b6e6000 	C:\windows\System32\SHCORE.dll
0x00007ff92b940000 - 0x00007ff92b9a7000 	C:\windows\System32\shlwapi.dll
0x00007ff929270000 - 0x00007ff929299000 	C:\windows\SYSTEM32\profapi.dll
0x00007ff91cf30000 - 0x00007ff91cf40000 	C:\Program Files\Android\Android Studio1\jbr\bin\net.dll
0x00007ff91d260000 - 0x00007ff91d389000 	C:\windows\SYSTEM32\WINHTTP.dll
0x00007ff928600000 - 0x00007ff92866c000 	C:\windows\system32\mswsock.dll
0x00007ff9121a0000 - 0x00007ff9121b6000 	C:\Program Files\Android\Android Studio1\jbr\bin\nio.dll
0x00007ff922080000 - 0x00007ff922090000 	C:\Program Files\Android\Android Studio1\jbr\bin\verify.dll
0x00007ff91cfb0000 - 0x00007ff91cfd7000 	C:\Users\Asus\.gradle\native\660c5614fbf4a5f2a75b1949f50a0caf5cd603558e7d8a26e50b933a0cfb79d1\windows-amd64\native-platform.dll
0x00007ff8ff110000 - 0x00007ff8ff187000 	C:\Users\Asus\.gradle\native\0.2.8\x86_64-windows-gnu\gradle-fileevents.dll
0x00007ff922160000 - 0x00007ff922169000 	C:\Program Files\Android\Android Studio1\jbr\bin\management.dll
0x00007ff922150000 - 0x00007ff92215b000 	C:\Program Files\Android\Android Studio1\jbr\bin\management_ext.dll
0x00007ff92b9b0000 - 0x00007ff92b9b8000 	C:\windows\System32\PSAPI.DLL
0x00007ff927a80000 - 0x00007ff927ab3000 	C:\windows\SYSTEM32\IPHLPAPI.DLL
0x00007ff92b6f0000 - 0x00007ff92b6fa000 	C:\windows\System32\NSI.dll
0x00007ff922170000 - 0x00007ff922179000 	C:\Program Files\Android\Android Studio1\jbr\bin\extnet.dll
0x00007ff928920000 - 0x00007ff92893b000 	C:\windows\SYSTEM32\CRYPTSP.dll
0x00007ff928000000 - 0x00007ff928039000 	C:\windows\system32\rsaenh.dll
0x00007ff9286b0000 - 0x00007ff9286e3000 	C:\windows\SYSTEM32\USERENV.dll
0x00007ff929240000 - 0x00007ff92926a000 	C:\windows\SYSTEM32\bcrypt.dll
0x00007ff928910000 - 0x00007ff92891c000 	C:\windows\SYSTEM32\CRYPTBASE.dll
0x00007ff8ede10000 - 0x00007ff8ede18000 	C:\windows\system32\wshunix.dll
0x00007ff927ac0000 - 0x00007ff927c0a000 	C:\windows\SYSTEM32\DNSAPI.dll
0x00007ff928420000 - 0x00007ff92842d000 	C:\windows\SYSTEM32\DSPARSE.dll
0x0000000054590000 - 0x00000000545b6000 	C:\Program Files\Bonjour\mdnsNSP.dll
0x00007ff91d460000 - 0x00007ff91d46b000 	C:\Windows\System32\rasadhlp.dll
0x00007ff91ad90000 - 0x00007ff91ae16000 	C:\windows\System32\fwpuclnt.dll
0x00007ff9281d0000 - 0x00007ff928206000 	C:\windows\SYSTEM32\ntmarta.dll
0x00007ff8fe6c0000 - 0x00007ff8fe859000 	C:\Program Files\Android\Android Studio1\jbr\bin\awt.dll
0x00007ff926620000 - 0x00007ff92664f000 	C:\windows\SYSTEM32\dwmapi.dll
0x00007ff903610000 - 0x00007ff903654000 	C:\Program Files\Android\Android Studio1\jbr\bin\nvdaControllerClient64.dll
0x00007ff8f77d0000 - 0x00007ff8f7846000 	C:\windows\SYSTEM32\OLEACC.dll
0x00007ff926190000 - 0x00007ff92623a000 	C:\windows\system32\uxtheme.dll
0x00007ff92bd50000 - 0x00007ff92bead000 	C:\windows\System32\MSCTF.dll
0x00007ff92b7a0000 - 0x00007ff92b938000 	C:\windows\System32\ole32.dll
0x00007ff8cf2a0000 - 0x00007ff8cf2b8000 	C:\windows\system32\napinsp.dll
0x00007ff8cf4a0000 - 0x00007ff8cf4b3000 	C:\windows\System32\winrnr.dll
0x00007ff8cf3b0000 - 0x00007ff8cf3d2000 	C:\windows\system32\nlansp_c.dll
0x00007ff91d440000 - 0x00007ff91d456000 	C:\windows\system32\wshbth.dll
0x00007ff9221a0000 - 0x00007ff9221a7000 	C:\Program Files\Android\Android Studio1\jbr\bin\rmi.dll

JVMTI agents:
C:\Users\Asus\.gradle\wrapper\dists\gradle-9.6.1-bin\4ticwg1pgcbps2hj28r8so764\gradle-9.6.1\lib\agents\gradle-instrumentation-agent-9.6.1.jar path:C:\Program Files\Android\Android Studio1\jbr\bin\instrument.dll, loaded, initialized, instrumentlib options:none

dbghelp: loaded successfully - version: 4.0.5 - missing functions: none
symbol engine: initialized successfully - sym options: 0x614 - pdb path: .;C:\Program Files\Android\Android Studio1\jbr\bin;C:\windows\SYSTEM32;C:\windows\WinSxS\amd64_microsoft.windows.common-controls_6595b64144ccf1df_6.0.26100.8521_none_3e08b75ce33403b3;C:\Program Files\Android\Android Studio1\jbr\bin\server;C:\Users\Asus\.gradle\native\660c5614fbf4a5f2a75b1949f50a0caf5cd603558e7d8a26e50b933a0cfb79d1\windows-amd64;C:\Users\Asus\.gradle\native\0.2.8\x86_64-windows-gnu;C:\Program Files\Bonjour;C:\Users\Asus\AppData\Local\Temp

VM Arguments:
jvm_args: --add-opens=java.base/java.lang=ALL-UNNAMED --add-opens=java.base/java.lang.invoke=ALL-UNNAMED --add-opens=java.base/java.util=ALL-UNNAMED --add-opens=java.prefs/java.util.prefs=ALL-UNNAMED --add-exports=jdk.compiler/com.sun.tools.javac.api=ALL-UNNAMED --add-exports=jdk.compiler/com.sun.tools.javac.util=ALL-UNNAMED --add-opens=java.base/java.nio.charset=ALL-UNNAMED --add-opens=java.base/java.net=ALL-UNNAMED --add-opens=java.base/java.util.concurrent=ALL-UNNAMED --add-opens=java.base/java.util.concurrent.atomic=ALL-UNNAMED --add-opens=java.xml/javax.xml.namespace=ALL-UNNAMED --add-opens=java.base/java.time=ALL-UNNAMED -Xmx4g -Dfile.encoding=UTF-8 -Duser.country=US -Duser.language=en -Duser.variant -javaagent:C:\Users\Asus\.gradle\wrapper\dists\gradle-9.6.1-bin\4ticwg1pgcbps2hj28r8so764\gradle-9.6.1\lib\agents\gradle-instrumentation-agent-9.6.1.jar 
java_command: org.gradle.launcher.daemon.bootstrap.GradleDaemon 9.6.1
java_class_path (initial): C:\Users\Asus\.gradle\wrapper\dists\gradle-9.6.1-bin\4ticwg1pgcbps2hj28r8so764\gradle-9.6.1\lib\gradle-daemon-main-9.6.1.jar
Launcher Type: SUN_STANDARD

[Global flags]
     intx CICompilerCount                          = 4                                         {product} {ergonomic}
     uint ConcGCThreads                            = 2                                         {product} {ergonomic}
     uint G1ConcRefinementThreads                  = 8                                         {product} {ergonomic}
   size_t G1HeapRegionSize                         = 2097152                                   {product} {ergonomic}
    uintx GCDrainStackTargetSize                   = 64                                        {product} {ergonomic}
   size_t InitialHeapSize                          = 134217728                                 {product} {ergonomic}
   size_t MarkStackSize                            = 4194304                                   {product} {ergonomic}
   size_t MaxHeapSize                              = 4294967296                                {product} {command line}
   size_t MaxNewSize                               = 2575302656                                {product} {ergonomic}
   size_t MinHeapDeltaBytes                        = 2097152                                   {product} {ergonomic}
   size_t MinHeapSize                              = 8388608                                   {product} {ergonomic}
    uintx NonNMethodCodeHeapSize                   = 5839372                                {pd product} {ergonomic}
    uintx NonProfiledCodeHeapSize                  = 122909434                              {pd product} {ergonomic}
    uintx ProfiledCodeHeapSize                     = 122909434                              {pd product} {ergonomic}
    uintx ReservedCodeCacheSize                    = 251658240                              {pd product} {ergonomic}
     bool SegmentedCodeCache                       = true                                      {product} {ergonomic}
   size_t SoftMaxHeapSize                          = 4294967296                             {manageable} {ergonomic}
     bool UseCompressedOops                        = true                           {product lp64_product} {ergonomic}
     bool UseG1GC                                  = true                                      {product} {ergonomic}
     bool UseLargePagesIndividualAllocation        = false                                  {pd product} {ergonomic}

Logging:
Log output configuration:
 #0: stdout all=warning uptime,level,tags foldmultilines=false
 #1: stderr all=off uptime,level,tags foldmultilines=false

Release file:
JAVA_VERSION="21.0.10" 
MODULES="java.base java.compiler java.datatransfer java.xml java.prefs java.desktop java.instrument java.logging java.management java.security.sasl java.naming java.rmi java.management.rmi java.net.http java.scripting java.security.jgss java.transaction.xa java.sql java.sql.rowset java.xml.crypto java.se java.smartcardio jdk.accessibility jdk.internal.jvmstat jdk.attach jdk.charsets jdk.internal.opt jdk.zipfs jdk.compiler jdk.crypto.ec jdk.crypto.cryptoki jdk.dynalink jdk.hotspot.agent jdk.httpserver jdk.internal.ed jdk.internal.le jdk.internal.vm.ci jdk.jartool jdk.javadoc jdk.jcmd jdk.jdeps jdk.jdwp.agent jdk.jdi jdk.jfr jdk.jlink jdk.jsobject jdk.localedata jdk.management jdk.management.agent jdk.management.jfr jdk.naming.dns jdk.naming.rmi jdk.net jdk.sctp jdk.security.auth jdk.security.jgss jdk.unsupported jdk.unsupported.desktop jdk.xml.dom" 
IMPLEMENTOR="JetBrains s.r.o." 
JAVA_RUNTIME_VERSION="21.0.10+-14961533-b1163.108" 
LIBC="default" 
OS_ARCH="x86_64" 
OS_NAME="Windows" 
SOURCE=".:git:1351622c2ff2" 

Environment Variables:
JAVA_HOME=C:\Program Files\Java\jdk-17
PATH=C:\Program Files\Common Files\Oracle\Java\javapath;C:\windows\system32;C:\windows;C:\windows\System32\Wbem;C:\windows\System32\WindowsPowerShell\v1.0\;C:\windows\System32\OpenSSH\;C:\Program Files\nodejs\;C:\Program Files\Java\jdk-17\bin;C:\Users\Asus\Downloads\gradle-8.2-bin\gradle-8.2\bin;C:\Program Files\Git\cmd;C:\Program Files\Go\bin;C:\Program Files\dotnet\;C:\Users\Asus\AppData\Local\agy\bin;C:\Users\Asus\.local\bin;C:\Users\Asus\scoop\shims;C:\Users\Asus\AppData\Local\Programs\Python\Python313\Scripts\;C:\Users\Asus\AppData\Local\Programs\Python\Python313\;C:\Users\Asus\AppData\Local\Programs\Python\Launcher\;C:\Users\Asus\AppData\Local\Microsoft\WindowsApps;C:\Users\Asus\AppData\Roaming\npm;C:\Users\Asus\AppData\Local\Programs\Microsoft VS Code\bin;C:\flutter\flutter\bin;C:\Users\Asus\AppData\Local\Pub\Cache\bin;C:\Users\Asus;C:\Users\Asus\.lmstudio\bin;C:\Users\Asus\go\bin;C:\Users\Asus\AppData\Local\Programs\Antigravity\bin;C:\Users\Asus\.deno\bin;C:\Users\Asus\AppData\Local\Programs\Ollama;C:\Users\Asus\AppData\Local\Programs\Antigravity IDE\bin;C:\Users\Asus\AppData\Local\Programs\cursor\resources\app\bin
USERNAME=Asus
OS=Windows_NT
PROCESSOR_IDENTIFIER=Intel64 Family 6 Model 142 Stepping 10, GenuineIntel
TMP=C:\Users\Asus\AppData\Local\Temp
TEMP=C:\Users\Asus\AppData\Local\Temp




Periodic native trim disabled

JNI global refs:
JNI global refs: 54, weak refs: 32

JNI global refs memory usage: 835, weak refs: 1465

Process memory usage:
Resident Set Size: 2076268K (25% of 8268660K total physical memory with 864432K free physical memory)

OOME stack traces (most recent first):
Classloader memory used:
Loader java.net.URLClassLoader                                                         : 166M
Loader org.gradle.internal.classloader.VisitableURLClassLoader                         : 130M
Loader org.gradle.internal.classloader.VisitableURLClassLoader$InstrumentingVisitableURLClassLoader: 65289K
Loader bootstrap                                                                       : 42343K
Loader org.gradle.initialization.MixInLegacyTypesClassLoader                           : 17891K
Loader jdk.internal.loader.ClassLoaders$AppClassLoader                                 : 7142K
Loader jdk.internal.reflect.DelegatingClassLoader                                      : 2222K
Loader jdk.internal.loader.ClassLoaders$PlatformClassLoader                            : 1007K
Loader jdk.internal.jrtfs.JrtFileSystemProvider$JrtFsLoader                            : 660K
Loader org.gradle.internal.classloader.VisitableURLClassLoader                         : 488K
Loader com.intellij.util.lang.UrlClassLoader                                           : 329K
Loader org.gradle.groovy.scripts.internal.DefaultScriptCompilationHandler$ScriptClassLoader: 157K
Loader sun.reflect.misc.MethodUtil                                                     : 2984B

Classes loaded by more than one classloader:
Class Program                                                                         : loaded 7 times (x 72B)
Class Build_gradle                                                                    : loaded 5 times (x 126B)
Class kotlin.enums.EnumEntriesList                                                    : loaded 4 times (x 223B)
Class kotlin.collections.CollectionsKt__IteratorsJVMKt                                : loaded 4 times (x 71B)
Class kotlin.comparisons.ComparisonsKt___ComparisonsJvmKt                             : loaded 4 times (x 71B)
Class kotlin._Assertions                                                              : loaded 4 times (x 71B)
Class kotlin.Pair                                                                     : loaded 4 times (x 72B)
Class kotlin.io.CloseableKt                                                           : loaded 4 times (x 71B)
Class kotlin.collections.CollectionsKt__MutableCollectionsKt                          : loaded 4 times (x 71B)
Class kotlin.io.FilesKt__FilePathComponentsKt                                         : loaded 4 times (x 71B)
Class kotlin.reflect.KCallable                                                        : loaded 4 times (x 70B)
Class kotlin.text.StringsKt__RegexExtensionsJVMKt                                     : loaded 4 times (x 71B)
Class kotlin.collections.ArraysKt___ArraysJvmKt                                       : loaded 4 times (x 71B)
Class kotlin.collections.CollectionsKt__CollectionsKt                                 : loaded 4 times (x 71B)
Class kotlin.collections.MapsKt__MapsJVMKt                                            : loaded 4 times (x 71B)
Class kotlin.jvm.internal.FunctionBase                                                : loaded 4 times (x 70B)
Class org.jetbrains.org.objectweb.asm.FieldVisitor                                    : loaded 4 times (x 77B)
Class kotlin.collections.IndexingIterable                                             : loaded 4 times (x 79B)
Class kotlin.collections.ArraysKt__ArraysKt                                           : loaded 4 times (x 71B)
Class kotlin.collections.SetsKt__SetsJVMKt                                            : loaded 4 times (x 71B)
Class kotlin.Function                                                                 : loaded 4 times (x 70B)
Class kotlin.internal.ProgressionUtilKt                                               : loaded 4 times (x 71B)
Class kotlin.collections.IndexingIterator                                             : loaded 4 times (x 79B)
Class org.jetbrains.org.objectweb.asm.MethodVisitor                                   : loaded 4 times (x 105B)
Class [Lkotlin.reflect.KAnnotatedElement;                                             : loaded 4 times (x 69B)
Class kotlin.text.StringsKt__StringsJVMKt                                             : loaded 4 times (x 71B)
Class kotlin.collections.SetsKt                                                       : loaded 4 times (x 71B)
Class kotlin.text.StringsKt__IndentKt                                                 : loaded 4 times (x 71B)
Class [Lorg.jetbrains.org.objectweb.asm.Attribute;                                    : loaded 4 times (x 69B)
Class kotlin.collections.EmptyList                                                    : loaded 4 times (x 174B)
Class kotlin.reflect.KFunction                                                        : loaded 4 times (x 70B)
Class kotlin.collections.CollectionsKt                                                : loaded 4 times (x 71B)
Class kotlin.collections.MapsKt__MapsKt                                               : loaded 4 times (x 71B)
Class kotlin.UninitializedPropertyAccessException                                     : loaded 4 times (x 82B)
Class org.jetbrains.org.objectweb.asm.AnnotationVisitor                               : loaded 4 times (x 78B)
Class kotlin.text.StringsKt__StringNumberConversionsJVMKt                             : loaded 4 times (x 71B)
Class kotlin.sequences.Sequence                                                       : loaded 4 times (x 70B)
Class kotlin.io.FilesKt__UtilsKt                                                      : loaded 4 times (x 71B)
Class kotlin.collections.CollectionsKt__CollectionsJVMKt                              : loaded 4 times (x 71B)
Class kotlin.collections.IndexedValue                                                 : loaded 4 times (x 72B)
Class kotlin.collections.CollectionsKt__IteratorsKt                                   : loaded 4 times (x 71B)
Class kotlin.sequences.SequencesKt                                                    : loaded 4 times (x 71B)
Class kotlin.text.StringsKt                                                           : loaded 4 times (x 71B)
Class [Lorg.jetbrains.org.objectweb.asm.Label;                                        : loaded 4 times (x 69B)
Class kotlin.LazyKt__LazyJVMKt                                                        : loaded 4 times (x 71B)
Class kotlin.io.FilesKt__FileReadWriteKt                                              : loaded 4 times (x 71B)
Class [Lkotlin.reflect.KCallable;                                                     : loaded 4 times (x 69B)
Class kotlin.text.StringsKt__StringNumberConversionsKt                                : loaded 4 times (x 71B)
Class kotlin.jvm.internal.CallableReference                                           : loaded 4 times (x 106B)
Class org.jetbrains.org.objectweb.asm.Type                                            : loaded 4 times (x 72B)
Class kotlin.enums.EnumEntries                                                        : loaded 4 times (x 70B)
Class org.jetbrains.org.objectweb.asm.TypePath                                        : loaded 4 times (x 72B)
Class kotlin.text.StringsKt__AppendableKt                                             : loaded 4 times (x 71B)
Class kotlin.jvm.internal.FunctionReference                                           : loaded 4 times (x 122B)
Class kotlin.jvm.internal.DefaultConstructorMarker                                    : loaded 4 times (x 71B)
Class kotlin.collections.EmptyIterator                                                : loaded 4 times (x 89B)
Class kotlin.SynchronizedLazyImpl                                                     : loaded 4 times (x 76B)
Class kotlin.text.StringsKt__RegexExtensionsKt                                        : loaded 4 times (x 71B)
Class kotlin.sequences.SequencesKt__SequencesJVMKt                                    : loaded 4 times (x 71B)
Class kotlin.collections.AbstractList                                                 : loaded 4 times (x 197B)
Class org.jetbrains.org.objectweb.asm.ClassReader                                     : loaded 4 times (x 93B)
Class kotlin.collections.AbstractCollection                                           : loaded 4 times (x 117B)
Class kotlin.text.StringsKt__StringsKt                                                : loaded 4 times (x 71B)
Class kotlin.NotImplementedError                                                      : loaded 4 times (x 82B)
Class kotlin.collections.ArrayAsCollection                                            : loaded 4 times (x 105B)
Class kotlin.LazyKt__LazyKt                                                           : loaded 4 times (x 71B)
Class kotlin.text.StringsKt__StringBuilderJVMKt                                       : loaded 4 times (x 71B)
Class kotlin.UNINITIALIZED_VALUE                                                      : loaded 4 times (x 71B)
Class kotlin.collections.AbstractList$Companion                                       : loaded 4 times (x 71B)
Class kotlin.sequences.SequencesKt___SequencesKt                                      : loaded 4 times (x 71B)
Class kotlin.ranges.RangesKt__RangesKt                                                : loaded 4 times (x 71B)
Class kotlin.collections.SetsKt___SetsKt                                              : loaded 4 times (x 71B)
Class kotlin.sequences.SequencesKt__SequencesKt                                       : loaded 4 times (x 71B)
Class kotlin.comparisons.ComparisonsKt__ComparisonsKt                                 : loaded 4 times (x 71B)
Class org.jetbrains.org.objectweb.asm.ClassVisitor                                    : loaded 4 times (x 88B)
Class kotlin.sequences.FilteringSequence                                              : loaded 4 times (x 75B)
Class kotlin.comparisons.ComparisonsKt                                                : loaded 4 times (x 71B)
Class kotlin.comparisons.ComparisonsKt___ComparisonsKt                                : loaded 4 times (x 71B)
Class kotlin.collections.CollectionsKt___CollectionsJvmKt                             : loaded 4 times (x 71B)
Class kotlin.jvm.internal.FunctionReferenceImpl                                       : loaded 4 times (x 122B)
Class kotlin.TuplesKt                                                                 : loaded 4 times (x 71B)
Class kotlin.Unit                                                                     : loaded 4 times (x 71B)
Class kotlin.sequences.SequencesKt___SequencesJvmKt                                   : loaded 4 times (x 71B)
Class kotlin.ranges.RangesKt                                                          : loaded 4 times (x 71B)
Class kotlin.jvm.KotlinReflectionNotSupportedError                                    : loaded 4 times (x 82B)
Class kotlin.collections.ArraysUtilJVM                                                : loaded 4 times (x 71B)
Class kotlin.jvm.functions.Function0                                                  : loaded 4 times (x 70B)
Class org.jetbrains.org.objectweb.asm.TypeReference                                   : loaded 4 times (x 80B)
Class kotlin.jvm.internal.markers.KMappedMarker                                       : loaded 4 times (x 70B)
Class kotlin.jvm.functions.Function1                                                  : loaded 4 times (x 70B)
Class kotlin.jvm.functions.Function2                                                  : loaded 4 times (x 70B)
Class kotlin.jvm.functions.Function3                                                  : loaded 4 times (x 70B)
Class kotlin.collections.MapsKt___MapsJvmKt                                           : loaded 4 times (x 71B)
Class kotlin.collections.EmptySet                                                     : loaded 4 times (x 122B)
Class kotlin.collections.CollectionsKt___CollectionsKt                                : loaded 4 times (x 71B)
Class kotlin.reflect.KDeclarationContainer                                            : loaded 4 times (x 70B)
Class kotlin.text.StringsKt___StringsJvmKt                                            : loaded 4 times (x 71B)
Class kotlin.io.FilesKt                                                               : loaded 4 times (x 71B)
Class kotlin.collections.MapsKt___MapsKt                                              : loaded 4 times (x 71B)
Class kotlin.collections.ArraysKt___ArraysKt                                          : loaded 4 times (x 71B)
Class kotlin.collections.MapsKt__MapWithDefaultKt                                     : loaded 4 times (x 71B)
Class kotlin.collections.CollectionsKt__MutableCollectionsJVMKt                       : loaded 4 times (x 71B)
Class kotlin.text.StringsKt___StringsKt                                               : loaded 4 times (x 71B)
Class kotlin.enums.EnumEntriesKt                                                      : loaded 4 times (x 71B)
Class kotlin.sequences.ConstrainedOnceSequence                                        : loaded 4 times (x 75B)
Class org.jetbrains.org.objectweb.asm.Label                                           : loaded 4 times (x 73B)
Class org.jetbrains.org.objectweb.asm.Attribute                                       : loaded 4 times (x 77B)
Class org.jetbrains.org.objectweb.asm.Context                                         : loaded 4 times (x 72B)
Class kotlin.reflect.KAnnotatedElement                                                : loaded 4 times (x 70B)
Class kotlin.jvm.internal.Intrinsics                                                  : loaded 4 times (x 71B)
Class kotlin.collections.MapsKt                                                       : loaded 4 times (x 71B)
Class kotlin.collections.CollectionsKt__IterablesKt                                   : loaded 4 times (x 71B)
Class kotlin.KotlinNullPointerException                                               : loaded 4 times (x 83B)
Class kotlin.ranges.RangesKt___RangesKt                                               : loaded 4 times (x 71B)
Class kotlin.collections.ArraysKt                                                     : loaded 4 times (x 71B)
Class org.jetbrains.org.objectweb.asm.RecordComponentVisitor                          : loaded 4 times (x 77B)
Class kotlin.LazyKt                                                                   : loaded 4 times (x 71B)
Class kotlin.collections.SetsKt__SetsKt                                               : loaded 4 times (x 71B)
Class kotlin.collections.ArraysKt__ArraysJVMKt                                        : loaded 4 times (x 71B)
Class org.jetbrains.org.objectweb.asm.MethodWriter                                    : loaded 4 times (x 106B)
Class kotlin.jvm.internal.CallableReference$NoReceiver                                : loaded 4 times (x 71B)
Class kotlin.text.StringsKt__StringBuilderKt                                          : loaded 4 times (x 71B)
Class kotlin.NoWhenBranchMatchedException                                             : loaded 4 times (x 82B)
Class kotlin.Lazy                                                                     : loaded 4 times (x 70B)
Class kotlin.sequences.SequencesKt__SequenceBuilderKt                                 : loaded 4 times (x 71B)
Class kotlin.collections.CollectionsKt__ReversedViewsKt                               : loaded 4 times (x 71B)
Class kotlin.sequences.FilteringSequence$iterator$1                                   : loaded 4 times (x 79B)
Class kotlin.io.FilesKt__FileTreeWalkKt                                               : loaded 4 times (x 71B)
Class kotlin.jvm.internal.CollectionToArray                                           : loaded 4 times (x 71B)
Class kotlin.reflect.KMutableProperty$Setter                                          : loaded 3 times (x 70B)
Class kotlinx.coroutines.CoroutineScopeKt                                             : loaded 3 times (x 71B)
Class org.objectweb.asm.ModuleWriter                                                  : loaded 3 times (x 82B)
Class com.google.common.collect.Multimaps                                             : loaded 3 times (x 71B)
Class com.google.common.collect.ImmutableMapEntrySet$RegularEntrySet                  : loaded 3 times (x 152B)
Class kotlin.jvm.functions.Function19                                                 : loaded 3 times (x 70B)
Class kotlinx.coroutines.BuildersKt                                                   : loaded 3 times (x 71B)
Class kotlinx.coroutines.internal.ThreadContextKt                                     : loaded 3 times (x 71B)
Class kotlinx.coroutines.internal.ScopeCoroutine                                      : loaded 3 times (x 148B)
Class [Lcom.google.common.base.AbstractIterator$State;                                : loaded 3 times (x 69B)
Class com.google.common.base.CharMatcher$IsEither                                     : loaded 3 times (x 111B)
Class jdk.internal.jimage.BasicImageReader                                            : loaded 3 times (x 95B)
Class com.google.common.collect.Maps$BiMapConverter                                   : loaded 3 times (x 90B)
Class com.google.common.collect.ImmutableSet$Builder                                  : loaded 3 times (x 85B)
Class kotlin.jvm.functions.Function18                                                 : loaded 3 times (x 70B)
Class org.jetbrains.kotlin.metadata.ProtoBuf$EnumEntryOrBuilder                       : loaded 3 times (x 70B)
Class org.jetbrains.kotlin.metadata.jvm.JvmProtoBuf$JvmPropertySignature$1            : loaded 3 times (x 144B)
Class org.jetbrains.kotlin.metadata.ProtoBuf$ContractOrBuilder                        : loaded 3 times (x 70B)
Class androidx.navigation.lint.BaseTypeSafeDestinationMissingAnnotationDetectorKt     : loaded 3 times (x 71B)
Class org.jetbrains.org.objectweb.asm.RecordComponentWriter                           : loaded 3 times (x 78B)
Class com.google.common.base.CharMatcher$NamedFastMatcher                             : loaded 3 times (x 112B)
Class com.google.common.base.CharMatcher$1                                            : loaded 3 times (x 113B)
Class com.google.common.collect.SetMultimap                                           : loaded 3 times (x 70B)
Class kotlinx.coroutines.flow.SharedFlow                                              : loaded 3 times (x 70B)
Class kotlin.jvm.functions.Function17                                                 : loaded 3 times (x 70B)
Class org.jetbrains.kotlin.cli.common.messages.MessageCollector$Companion$NONE$1      : loaded 3 times (x 76B)
Class org.objectweb.asm.MethodVisitor                                                 : loaded 3 times (x 105B)
Class org.objectweb.asm.Frame                                                         : loaded 3 times (x 73B)
Class com.google.common.base.Joiner$2                                                 : loaded 3 times (x 79B)
Class com.google.common.collect.Maps$IteratorBasedAbstractMap                         : loaded 3 times (x 125B)
Class com.google.common.collect.Table                                                 : loaded 3 times (x 70B)
Class [Lorg.jetbrains.kotlin.metadata.ProtoBuf$Type$Argument$Projection;              : loaded 3 times (x 69B)
Class com.google.common.collect.MapMakerInternalMap$InternalEntryHelper               : loaded 3 times (x 70B)
Class kotlin.InitializedLazyImpl                                                      : loaded 3 times (x 76B)
Class org.jetbrains.kotlin.metadata.ProtoBuf$ExpressionOrBuilder                      : loaded 3 times (x 70B)
Class com.google.common.collect.RangeGwtSerializationDependencies                     : loaded 3 times (x 71B)
Class com.google.common.io.ByteSource$AsCharSource                                    : loaded 3 times (x 86B)
Class com.google.common.base.CharMatcher                                              : loaded 3 times (x 111B)
Class [Lorg.jetbrains.kotlin.metadata.ProtoBuf$Modality;                              : loaded 3 times (x 69B)
Class [Lorg.jetbrains.kotlin.metadata.ProtoBuf$Expression$ConstantValue;              : loaded 3 times (x 69B)
Class org.jetbrains.kotlin.metadata.ProtoBuf$Effect                                   : loaded 3 times (x 115B)
Class kotlin.coroutines.EmptyCoroutineContext                                         : loaded 3 times (x 77B)
Class kotlinx.coroutines.CoroutineName$Key                                            : loaded 3 times (x 71B)
Class kotlinx.coroutines.BuildersKt__Builders_commonKt                                : loaded 3 times (x 71B)
Class kotlinx.coroutines.flow.FlowKt__MergeKt                                         : loaded 3 times (x 71B)
Class kotlin.jvm.functions.Function16                                                 : loaded 3 times (x 70B)
Class org.objectweb.asm.Label                                                         : loaded 3 times (x 73B)
Class org.objectweb.asm.ClassTooLargeException                                        : loaded 3 times (x 83B)
Class org.objectweb.asm.CurrentFrame                                                  : loaded 3 times (x 73B)
Class com.google.common.base.Joiner$1                                                 : loaded 3 times (x 80B)
Class com.google.common.collect.PeekingIterator                                       : loaded 3 times (x 70B)
Class org.jetbrains.kotlin.metadata.ProtoBuf$Expression$1                             : loaded 3 times (x 144B)
Class org.jetbrains.org.objectweb.asm.Opcodes                                         : loaded 3 times (x 70B)
Class com.google.common.base.Preconditions                                            : loaded 3 times (x 71B)
Class kotlinx.coroutines.channels.BufferedChannel                                     : loaded 3 times (x 126B)
Class kotlin.text.CharsKt__CharKt                                                     : loaded 3 times (x 71B)
Class com.google.common.collect.AbstractMapBasedMultimap$WrappedCollection            : loaded 3 times (x 124B)
Class com.google.common.collect.Hashing                                               : loaded 3 times (x 71B)
Class com.google.common.collect.ImmutableList$1                                       : loaded 3 times (x 97B)
Class kotlin.jvm.functions.Function15                                                 : loaded 3 times (x 70B)
Class com.google.common.hash.PrimitiveSink                                            : loaded 3 times (x 70B)
Class com.google.common.base.Equivalence$Equals                                       : loaded 3 times (x 82B)
Class org.jetbrains.kotlin.metadata.deserialization.MetadataVersion$Companion         : loaded 3 times (x 71B)
Class kotlin.jvm.internal.PropertyReference1Impl                                      : loaded 3 times (x 127B)
Class kotlin.jvm.internal.MutablePropertyReference1                                   : loaded 3 times (x 137B)
Class kotlinx.coroutines.flow.internal.AbstractSharedFlow                             : loaded 3 times (x 74B)
Class kotlinx.coroutines.flow.CancellableFlow                                         : loaded 3 times (x 70B)
Class kotlin.collections.ArrayDeque$Companion                                         : loaded 3 times (x 71B)
Class org.jetbrains.kotlin.descriptors.SourceElement$1                                : loaded 3 times (x 74B)
Class kotlin.coroutines.jvm.internal.Boxing                                           : loaded 3 times (x 71B)
Class kotlin.SafePublicationLazyImpl$Companion                                        : loaded 3 times (x 71B)
Class org.jetbrains.kotlin.cli.common.arguments.CommonToolArguments                   : loaded 3 times (x 73B)
Class com.google.common.base.PatternCompiler                                          : loaded 3 times (x 70B)
Class com.google.common.base.CharMatcher$Is                                           : loaded 3 times (x 111B)
Class com.google.common.collect.ImmutableEnumSet                                      : loaded 3 times (x 146B)
Class com.google.common.base.CharMatcher$Negated                                      : loaded 3 times (x 113B)
Class kotlinx.coroutines.Incomplete                                                   : loaded 3 times (x 70B)
Class androidx.navigation.lint.BaseTypeSafeDestinationMissingAnnotationDetector       : loaded 3 times (x 173B)
Class kotlin.jvm.functions.Function14                                                 : loaded 3 times (x 70B)
Class com.google.common.collect.RegularImmutableBiMap                                 : loaded 3 times (x 149B)
Class org.jetbrains.kotlin.metadata.ProtoBuf$VersionRequirement                       : loaded 3 times (x 116B)
Class org.jetbrains.kotlin.metadata.jvm.JvmProtoBuf$1                                 : loaded 3 times (x 71B)
Class jdk.internal.jimage.decompressor.CompressedResourceHeader                       : loaded 3 times (x 71B)
Class [Lkotlin.jvm.functions.Function1;                                               : loaded 3 times (x 69B)
Class kotlin.text.Charsets                                                            : loaded 3 times (x 71B)
Class kotlin.ranges.OpenEndRange                                                      : loaded 3 times (x 70B)
Class com.google.common.io.ByteArrayDataOutput                                        : loaded 3 times (x 70B)
Class org.jetbrains.kotlin.cli.common.CompilerSystemProperties$Companion              : loaded 3 times (x 71B)
Class kotlinx.coroutines.internal.LockFreeTaskQueueCore$Companion                     : loaded 3 times (x 71B)
Class kotlin.jvm.functions.Function13                                                 : loaded 3 times (x 70B)
Class kotlin.sequences.SequenceBuilderIterator                                        : loaded 3 times (x 85B)
Class com.google.common.collect.AbstractMapBasedMultimap$RandomAccessWrappedList      : loaded 3 times (x 205B)
Class org.jetbrains.kotlin.metadata.ProtoBuf$Modality$1                               : loaded 3 times (x 74B)
Class jdk.internal.jrtfs.JrtFileSystem                                                : loaded 3 times (x 102B)
Class kotlin.sequences.DropWhileSequence$iterator$1                                   : loaded 3 times (x 79B)
Class com.google.common.base.CharMatcher$InRange                                      : loaded 3 times (x 111B)
Class kotlin.coroutines.intrinsics.CoroutineSingletons                                : loaded 3 times (x 79B)
Class kotlinx.coroutines.flow.internal.ChannelFlowTransformLatest$flowCollect$3       : loaded 3 times (x 95B)
Class kotlinx.coroutines.Active                                                       : loaded 3 times (x 71B)
Class kotlin.jvm.functions.Function12                                                 : loaded 3 times (x 70B)
Class com.google.common.collect.RegularImmutableMap$BucketOverflowException           : loaded 3 times (x 82B)
Class org.objectweb.asm.MethodWriter                                                  : loaded 3 times (x 106B)
Class org.jetbrains.kotlin.metadata.ProtoBuf$Type$Argument                            : loaded 3 times (x 110B)
Class org.jetbrains.kotlin.load.kotlin.FileBasedKotlinClass$InnerClassesInfo          : loaded 3 times (x 74B)
Class com.google.common.io.ByteStreams$LimitedInputStream                             : loaded 3 times (x 92B)
Class org.jetbrains.kotlin.metadata.ProtoBuf$Effect$InvocationKind$1                  : loaded 3 times (x 74B)
Class org.jetbrains.org.objectweb.asm.Frame                                           : loaded 3 times (x 73B)
Class com.google.common.io.ByteStreams$1                                              : loaded 3 times (x 85B)
Class kotlin.concurrent.LocksKt                                                       : loaded 3 times (x 71B)
Class kotlin.collections.EmptyMap                                                     : loaded 3 times (x 108B)
Class kotlin.ranges.IntRange$Companion                                                : loaded 3 times (x 71B)
Class kotlinx.coroutines.internal.LockFreeLinkedListNode                              : loaded 3 times (x 74B)
Class kotlin.coroutines.CoroutineContext$DefaultImpls                                 : loaded 3 times (x 71B)
Class kotlin.coroutines.intrinsics.IntrinsicsKt                                       : loaded 3 times (x 71B)
Class kotlinx.coroutines.flow.ReadonlySharedFlow                                      : loaded 3 times (x 84B)
Class kotlin.collections.builders.MapBuilder                                          : loaded 3 times (x 112B)
Class org.jetbrains.kotlin.protobuf.GeneratedMessageLite$1                            : loaded 3 times (x 71B)
Class kotlin.jvm.functions.Function11                                                 : loaded 3 times (x 70B)
Class kotlin.jvm.internal.markers.KMutableCollection                                  : loaded 3 times (x 70B)
Class com.google.common.collect.RegularImmutableMap                                   : loaded 3 times (x 121B)
Class com.google.common.collect.ImmutableMap$MapViewOfValuesAsSingletonSets           : loaded 3 times (x 126B)
Class [Lorg.jetbrains.kotlin.metadata.ProtoBuf$Effect$EffectType;                     : loaded 3 times (x 69B)
Class [Lkotlin.LazyThreadSafetyMode;                                                  : loaded 3 times (x 69B)
Class org.jetbrains.kotlin.metadata.ProtoBuf$FunctionOrBuilder                        : loaded 3 times (x 70B)
Class org.jetbrains.kotlin.protobuf.GeneratedMessageLite$ExtendableMessageOrBuilder   : loaded 3 times (x 70B)
Class com.google.common.collect.ImmutableSet$RegularSetBuilderImpl                    : loaded 3 times (x 77B)
Class kotlinx.coroutines.CancellableContinuationKt                                    : loaded 3 times (x 71B)
Class [Lkotlin.reflect.KClassifier;                                                   : loaded 3 times (x 69B)
Class kotlin.jvm.functions.Function9                                                  : loaded 3 times (x 70B)
Class kotlin.jvm.functions.Function10                                                 : loaded 3 times (x 70B)
Class org.jetbrains.kotlin.protobuf.WireFormat                                        : loaded 3 times (x 71B)
Class org.objectweb.asm.SymbolTable                                                   : loaded 3 times (x 72B)
Class org.jetbrains.kotlin.descriptors.Visibility                                     : loaded 3 times (x 79B)
Class org.jetbrains.kotlin.descriptors.Visibilities$Local                             : loaded 3 times (x 79B)
Class kotlin.annotation.MustBeDocumented                                              : loaded 3 times (x 70B)
Class kotlin.ranges.IntProgression$Companion                                          : loaded 3 times (x 71B)
Class org.jetbrains.kotlin.protobuf.RopeByteString$RopeInputStream                    : loaded 3 times (x 92B)
Class org.jetbrains.kotlin.metadata.jvm.deserialization.BitEncoding                   : loaded 3 times (x 71B)
Class org.jetbrains.kotlin.metadata.jvm.deserialization.JvmNameResolverBase$WhenMappings: loaded 3 times (x 71B)
Class com.google.common.collect.ImmutableMapKeySet                                    : loaded 3 times (x 152B)
Class org.jetbrains.kotlin.protobuf.CodedInputStream                                  : loaded 3 times (x 72B)
Class [Lcom.google.common.collect.MapMakerInternalMap$Segment;                        : loaded 3 times (x 69B)
Class com.google.common.base.CharMatcher$Whitespace                                   : loaded 3 times (x 112B)
Class kotlinx.coroutines.flow.internal.FusibleFlow$DefaultImpls                       : loaded 3 times (x 71B)
Class kotlinx.coroutines.CancellableContinuation                                      : loaded 3 times (x 70B)
Class kotlin.jvm.functions.Function8                                                  : loaded 3 times (x 70B)
Class org.jetbrains.kotlin.metadata.ProtoBuf$VersionRequirementTable$1                : loaded 3 times (x 144B)
Class org.jetbrains.kotlin.metadata.ProtoBuf$Contract                                 : loaded 3 times (x 107B)
Class kotlin.collections.builders.MapBuilder$Companion                                : loaded 3 times (x 71B)
Class [Lkotlin.annotation.AnnotationRetention;                                        : loaded 3 times (x 69B)
Class org.jetbrains.kotlin.cli.common.arguments.CommonCompilerArgumentsConfigurator   : loaded 3 times (x 74B)
Class [Lorg.jetbrains.org.objectweb.asm.Symbol;                                       : loaded 3 times (x 69B)
Class kotlinx.coroutines.AbstractTimeSourceKt                                         : loaded 3 times (x 71B)
Class kotlinx.coroutines.AbstractCoroutine                                            : loaded 3 times (x 143B)
Class kotlinx.coroutines.internal.Segment                                             : loaded 3 times (x 75B)
Class kotlin.jvm.functions.Function7                                                  : loaded 3 times (x 70B)
Class com.google.common.io.Files                                                      : loaded 3 times (x 71B)
Class [Lkotlin.time.DurationUnit;                                                     : loaded 3 times (x 69B)
Class kotlin.collections.builders.MapBuilder$KeysItr                                  : loaded 3 times (x 81B)
Class org.jetbrains.kotlin.metadata.jvm.JvmProtoBuf$JvmPropertySignature$Builder      : loaded 3 times (x 141B)
Class kotlin.sequences.SequencesKt___SequencesKt$asIterable$$inlined$Iterable$1       : loaded 3 times (x 79B)
Class org.jetbrains.kotlin.cli.common.arguments.CommonCompilerArguments               : loaded 3 times (x 75B)
Class com.google.common.collect.SortedMapDifference                                   : loaded 3 times (x 70B)
Class kotlinx.coroutines.flow.SharedFlowImpl                                          : loaded 3 times (x 104B)
Class kotlinx.coroutines.CoroutineName                                                : loaded 3 times (x 89B)
Class org.jetbrains.org.objectweb.asm.MethodTooLargeException                         : loaded 3 times (x 83B)
Class kotlinx.coroutines.GlobalScope                                                  : loaded 3 times (x 74B)
Class kotlinx.coroutines.Unconfined                                                   : loaded 3 times (x 100B)
Class kotlin.jvm.functions.Function6                                                  : loaded 3 times (x 70B)
Class org.jetbrains.kotlin.metadata.ProtoBuf$EnumEntry$1                              : loaded 3 times (x 144B)
Class org.jetbrains.kotlin.metadata.ProtoBuf$Type$Argument$Projection                 : loaded 3 times (x 82B)
Class com.google.common.collect.UnmodifiableListIterator                              : loaded 3 times (x 95B)
Class [Lorg.objectweb.asm.Symbol;                                                     : loaded 3 times (x 69B)
Class org.objectweb.asm.ClassVisitor                                                  : loaded 3 times (x 88B)
Class [Lcom.google.common.collect.MapMakerInternalMap$Strength;                       : loaded 3 times (x 69B)
Class org.jetbrains.kotlin.protobuf.ByteString$Output                                 : loaded 3 times (x 86B)
Class jdk.internal.jimage.ImageStrings                                                : loaded 3 times (x 70B)
Class org.jetbrains.org.objectweb.asm.SymbolTable$Entry                               : loaded 3 times (x 74B)
Class kotlin.collections.builders.ListBuilder$Itr                                     : loaded 3 times (x 94B)
Class kotlin.jvm.internal.ByteCompanionObject                                         : loaded 3 times (x 71B)
Class org.jetbrains.kotlin.load.kotlin.FileBasedKotlinClass$OuterAndInnerName         : loaded 3 times (x 72B)
Class com.google.common.collect.CollectPreconditions                                  : loaded 3 times (x 71B)
Class kotlinx.coroutines.CoroutineScope                                               : loaded 3 times (x 70B)
Class kotlinx.coroutines.ChildHandle                                                  : loaded 3 times (x 70B)
Class kotlinx.coroutines.internal.ConcurrentLinkedListKt                              : loaded 3 times (x 71B)
Class kotlin.sequences.TransformingSequence                                           : loaded 3 times (x 75B)
Class kotlin.jvm.functions.Function5                                                  : loaded 3 times (x 70B)
Class kotlin.annotation.Retention                                                     : loaded 3 times (x 70B)
Class org.jetbrains.kotlin.metadata.deserialization.BinaryVersion                     : loaded 3 times (x 74B)
Class jdk.internal.jimage.decompressor.StringSharingDecompressorFactory               : loaded 3 times (x 74B)
Class kotlin.collections.AbstractMap$Companion                                        : loaded 3 times (x 71B)
Class com.google.common.io.CharSource$EmptyCharSource                                 : loaded 3 times (x 86B)
Class org.jetbrains.kotlin.metadata.ProtoBuf$1                                        : loaded 3 times (x 71B)
Class com.google.common.base.Platform$JdkPatternCompiler                              : loaded 3 times (x 75B)
Class [Lorg.jetbrains.kotlin.metadata.ProtoBuf$Visibility;                            : loaded 3 times (x 69B)
Class kotlinx.coroutines.CoroutineId                                                  : loaded 3 times (x 93B)
Class kotlinx.coroutines.JobCancellationException                                     : loaded 3 times (x 85B)
Class kotlin.jvm.functions.Function4                                                  : loaded 3 times (x 70B)
Class kotlin.annotation.Target                                                        : loaded 3 times (x 70B)
Class com.google.common.collect.ImmutableEntry                                        : loaded 3 times (x 82B)
Class [Lcom.google.common.collect.AbstractMapEntry;                                   : loaded 3 times (x 69B)
Class com.google.common.collect.ArrayListMultimap                                     : loaded 3 times (x 172B)
Class org.jetbrains.kotlin.protobuf.RopeByteString                                    : loaded 3 times (x 110B)
Class org.jetbrains.kotlin.metadata.jvm.deserialization.JvmNameResolverBase           : loaded 3 times (x 80B)
Class org.jetbrains.kotlin.cli.common.arguments.K2JVMCompilerArguments                : loaded 3 times (x 76B)
Class com.google.common.base.CharMatcher$NegatedFastMatcher                           : loaded 3 times (x 113B)
Class org.jetbrains.kotlin.mpp.DeclarationSymbolMarker                                : loaded 3 times (x 70B)
Class kotlinx.coroutines.CoroutineStart                                               : loaded 3 times (x 79B)
Class org.jetbrains.kotlin.protobuf.MessageLite$Builder                               : loaded 3 times (x 70B)
Class kotlin.collections.GroupingKt                                                   : loaded 3 times (x 71B)
Class org.jetbrains.kotlin.protobuf.Internal$EnumLite                                 : loaded 3 times (x 70B)
Class com.google.common.collect.MapMakerInternalMap$WeakValueReference                : loaded 3 times (x 70B)
Class org.jetbrains.kotlin.serialization.deserialization.ProtoEnumFlags               : loaded 3 times (x 71B)
Class kotlin.KotlinNothingValueException                                              : loaded 3 times (x 82B)
Class kotlin.time.Duration                                                            : loaded 3 times (x 74B)
Class org.jetbrains.kotlin.metadata.ProtoBuf$Effect$EffectType                        : loaded 3 times (x 82B)
Class com.google.common.collect.ImmutableMap                                          : loaded 3 times (x 120B)
Class com.google.common.base.Predicate                                                : loaded 3 times (x 70B)
Class kotlinx.coroutines.flow.FlowKt__ShareKt                                         : loaded 3 times (x 71B)
Class kotlin.jvm.internal.markers.KMutableIterator                                    : loaded 3 times (x 70B)
Class [Lorg.jetbrains.kotlin.load.kotlin.header.KotlinClassHeader$Kind;               : loaded 3 times (x 69B)
Class [Lorg.jetbrains.kotlin.metadata.jvm.JvmProtoBuf$StringTableTypes$Record$Operation;: loaded 3 times (x 69B)
Class jdk.internal.jimage.decompressor.ZipDecompressor                                : loaded 3 times (x 75B)
Class com.google.common.collect.Sets                                                  : loaded 3 times (x 71B)
Class com.google.common.base.CharMatcher$FastMatcher                                  : loaded 3 times (x 111B)
Class com.google.common.collect.MapMakerInternalMap$Strength                          : loaded 3 times (x 80B)
Class [Lkotlin.reflect.KProperty;                                                     : loaded 3 times (x 69B)
Class kotlin.coroutines.AbstractCoroutineContextKey                                   : loaded 3 times (x 72B)
Class kotlinx.coroutines.NodeList                                                     : loaded 3 times (x 78B)
Class kotlinx.coroutines.CompletedExceptionally                                       : loaded 3 times (x 72B)
Class kotlin.collections.AbstractMutableList                                          : loaded 3 times (x 206B)
Class org.jetbrains.kotlin.metadata.ProtoBuf$Annotation                               : loaded 3 times (x 109B)
Class org.jetbrains.kotlin.protobuf.CodedOutputStream                                 : loaded 3 times (x 72B)
Class org.objectweb.asm.MethodTooLargeException                                       : loaded 3 times (x 83B)
Class kotlin.io.LinesSequence                                                         : loaded 3 times (x 75B)
Class org.objectweb.asm.Handler                                                       : loaded 3 times (x 72B)
Class com.google.common.collect.HashBiMap                                             : loaded 3 times (x 143B)
Class com.google.common.collect.MapMakerInternalMap                                   : loaded 3 times (x 161B)
Class [Lkotlin.reflect.KClass;                                                        : loaded 3 times (x 69B)
Class kotlinx.coroutines.scheduling.CoroutineScheduler                                : loaded 3 times (x 81B)
Class kotlinx.coroutines.scheduling.SchedulerTimeSource                               : loaded 3 times (x 72B)
Class kotlin.properties.ReadWriteProperty                                             : loaded 3 times (x 70B)
Class [Lorg.jetbrains.kotlin.metadata.ProtoBuf$VersionRequirement$VersionKind;        : loaded 3 times (x 69B)
Class com.google.common.base.Strings                                                  : loaded 3 times (x 71B)
Class kotlin.sequences.FlatteningSequence$iterator$1                                  : loaded 3 times (x 79B)
Class org.jetbrains.org.objectweb.asm.CurrentFrame                                    : loaded 3 times (x 73B)
Class com.google.common.collect.SortedSetMultimap                                     : loaded 3 times (x 70B)
Class kotlinx.coroutines.flow.FlowCollector                                           : loaded 3 times (x 70B)
Class kotlin.sequences.GeneratorSequence                                              : loaded 3 times (x 75B)
Class [Lkotlin.DeprecationLevel;                                                      : loaded 3 times (x 69B)
Class com.google.common.io.CharSource$AsByteSource                                    : loaded 3 times (x 85B)
Class com.google.common.io.ByteSource$SlicedByteSource                                : loaded 3 times (x 85B)
Class kotlin.collections.AbstractSet$Companion                                        : loaded 3 times (x 71B)
Class org.objectweb.asm.Attribute                                                     : loaded 3 times (x 77B)
Class com.google.common.io.ByteSource$ConcatenatedByteSource                          : loaded 3 times (x 85B)
Class [Lorg.objectweb.asm.Label;                                                      : loaded 3 times (x 69B)
Class com.google.common.base.Supplier                                                 : loaded 3 times (x 70B)
Class com.google.common.base.CharMatcher$Or                                           : loaded 3 times (x 112B)
Class com.google.common.collect.Maps$KeySet                                           : loaded 3 times (x 137B)
Class com.google.common.io.Closer$Suppressor                                          : loaded 3 times (x 70B)
Class com.google.common.collect.ImmutableSet$EmptySetBuilderImpl                      : loaded 3 times (x 76B)
Class org.jetbrains.kotlin.metadata.ProtoBuf$VersionRequirement$Level$1               : loaded 3 times (x 74B)
Class kotlinx.coroutines.CoroutineStart$WhenMappings                                  : loaded 3 times (x 71B)
Class com.google.common.io.LineProcessor                                              : loaded 3 times (x 70B)
Class kotlin.jvm.internal.markers.KMutableIterable                                    : loaded 3 times (x 70B)
Class kotlin.time.DurationKt                                                          : loaded 3 times (x 71B)
Class org.jetbrains.kotlin.protobuf.MessageLite                                       : loaded 3 times (x 70B)
Class org.jetbrains.kotlin.protobuf.SmallSortedMap$EmptySet                           : loaded 3 times (x 71B)
Class org.objectweb.asm.RecordComponentWriter                                         : loaded 3 times (x 78B)
Class kotlin.jvm.internal.FloatCompanionObject                                        : loaded 3 times (x 71B)
Class kotlin.jdk7.AutoCloseableKt                                                     : loaded 3 times (x 71B)
Class org.jetbrains.kotlin.load.kotlin.header.KotlinClassHeader$Kind$Companion        : loaded 3 times (x 71B)
Class org.jetbrains.kotlin.protobuf.FieldSet$1                                        : loaded 3 times (x 71B)
Class org.objectweb.asm.ClassReader                                                   : loaded 3 times (x 94B)
Class kotlin.text.DelimitedRangesSequence                                             : loaded 3 times (x 75B)
Class kotlinx.coroutines.DebugStringsKt                                               : loaded 3 times (x 71B)
Class org.jetbrains.kotlin.protobuf.SmallSortedMap                                    : loaded 3 times (x 130B)
Class org.objectweb.asm.AnnotationWriter                                              : loaded 3 times (x 79B)
Class kotlin.collections.ReversedListReadOnly                                         : loaded 3 times (x 198B)
Class kotlin.jvm.internal.LongCompanionObject                                         : loaded 3 times (x 71B)
Class com.google.common.io.ByteSource$EmptyByteSource                                 : loaded 3 times (x 85B)
Class com.google.common.collect.ImmutableSet                                          : loaded 3 times (x 145B)
Class com.google.common.base.CharMatcher$BitSetMatcher                                : loaded 3 times (x 112B)
Class com.google.common.io.Closer                                                     : loaded 3 times (x 78B)
Class kotlinx.coroutines.CompletableJob                                               : loaded 3 times (x 70B)
Class kotlin.reflect.KType                                                            : loaded 3 times (x 70B)
Class org.jetbrains.kotlin.metadata.ProtoBuf$ConstructorOrBuilder                     : loaded 3 times (x 70B)
Class com.google.common.collect.RegularImmutableMap$Values                            : loaded 3 times (x 207B)
Class org.jetbrains.kotlin.metadata.jvm.deserialization.JvmNameResolver               : loaded 3 times (x 80B)
Class org.jetbrains.kotlin.metadata.jvm.JvmProtoBuf                                   : loaded 3 times (x 71B)
Class org.jetbrains.kotlin.metadata.ProtoBuf$Visibility                               : loaded 3 times (x 82B)
Class org.jetbrains.kotlin.metadata.jvm.deserialization.JvmMemberSignature$Field      : loaded 3 times (x 75B)
Class org.jetbrains.kotlin.metadata.ProtoBuf$Effect$1                                 : loaded 3 times (x 144B)
Class kotlinx.coroutines.TimeoutCancellationException                                 : loaded 3 times (x 85B)
Class jdk.internal.jimage.decompressor.ZipDecompressorFactory                         : loaded 3 times (x 74B)
Class kotlin.KotlinVersion$Companion                                                  : loaded 3 times (x 71B)
Class com.google.common.base.AbstractIterator                                         : loaded 3 times (x 80B)
Class kotlin.coroutines.jvm.internal.SpillingKt                                       : loaded 3 times (x 71B)
Class kotlinx.coroutines.Empty                                                        : loaded 3 times (x 75B)
Class kotlin.sequences.SequencesKt___SequencesKt$flatMap$1                            : loaded 3 times (x 125B)
Class kotlin.text.CharsKt__CharJVMKt                                                  : loaded 3 times (x 71B)
Class com.google.common.collect.ImmutableList                                         : loaded 3 times (x 206B)
Class kotlin.coroutines.jvm.internal.BaseContinuationImpl                             : loaded 3 times (x 87B)
Class kotlin.Result$Companion                                                         : loaded 3 times (x 71B)
Class org.jetbrains.kotlin.metadata.ProtoBuf$Class$Kind$1                             : loaded 3 times (x 74B)
Class org.jetbrains.kotlin.metadata.ProtoBuf$Annotation$Argument$ValueOrBuilder       : loaded 3 times (x 70B)
Class org.objectweb.asm.Symbol                                                        : loaded 3 times (x 73B)
Class org.jetbrains.kotlin.metadata.ProtoBuf$TypeAlias$1                              : loaded 3 times (x 144B)
Class org.jetbrains.kotlin.protobuf.SmallSortedMap$Entry                              : loaded 3 times (x 88B)
Class kotlinx.coroutines.CopyableThreadContextElement                                 : loaded 3 times (x 70B)
Class org.jetbrains.kotlin.util.capitalizeDecapitalize.CapitalizeDecapitalizeKt       : loaded 3 times (x 71B)
Class org.jetbrains.kotlin.metadata.ProtoBuf$Package$1                                : loaded 3 times (x 144B)
Class kotlin.reflect.KMutableProperty0                                                : loaded 3 times (x 70B)
Class kotlin.reflect.KClassifier                                                      : loaded 3 times (x 70B)
Class com.google.common.math.IntMath$1                                                : loaded 3 times (x 71B)
Class com.google.common.base.CharMatcher$None                                         : loaded 3 times (x 112B)
Class kotlin.coroutines.jvm.internal.SuspendFunction                                  : loaded 3 times (x 70B)
Class kotlinx.coroutines.Job$DefaultImpls                                             : loaded 3 times (x 71B)
Class kotlin.coroutines.CoroutineContext$Element$DefaultImpls                         : loaded 3 times (x 71B)
Class kotlin.coroutines.Continuation                                                  : loaded 3 times (x 70B)
Class kotlin.jvm.internal.ClassBasedDeclarationContainer                              : loaded 3 times (x 70B)
Class com.google.common.io.Files$FileByteSink                                         : loaded 3 times (x 77B)
Class org.jetbrains.kotlin.metadata.ProtoBuf$ClassOrBuilder                           : loaded 3 times (x 70B)
Class org.jetbrains.kotlin.metadata.ProtoBuf$ValueParameter                           : loaded 3 times (x 133B)
Class org.objectweb.asm.ByteVector                                                    : loaded 3 times (x 79B)
Class kotlin.collections.ReversedListReadOnly$listIterator$1                          : loaded 3 times (x 90B)
Class org.jetbrains.kotlin.name.FqName$Companion                                      : loaded 3 times (x 71B)
Class kotlin.jvm.internal.Ref$ObjectRef                                               : loaded 3 times (x 72B)
Class kotlin.jvm.internal.ReflectionFactory                                           : loaded 3 times (x 91B)
Class com.google.common.graph.SuccessorsFunction                                      : loaded 3 times (x 70B)
Class org.jetbrains.kotlin.metadata.deserialization.BinaryVersion$Companion           : loaded 3 times (x 71B)
Class org.objectweb.asm.Type                                                          : loaded 3 times (x 72B)
Class com.google.common.collect.Sets$SetView                                          : loaded 3 times (x 138B)
Class com.google.common.collect.ImmutableSet$SetBuilderImpl                           : loaded 3 times (x 76B)
Class kotlin.text.Regex                                                               : loaded 3 times (x 72B)
Class org.jetbrains.org.objectweb.asm.SymbolTable                                     : loaded 3 times (x 72B)
Class jdk.internal.jrtfs.JrtDirectoryStream                                           : loaded 3 times (x 89B)
Class kotlin.sequences.SequencesKt__SequenceBuilderKt$sequence$$inlined$Sequence$1    : loaded 3 times (x 75B)
Class org.jetbrains.kotlin.metadata.ProtoBuf$TypeParameter$1                          : loaded 3 times (x 144B)
Class [Lcom.google.common.collect.Iterators$EmptyModifiableIterator;                  : loaded 3 times (x 69B)
Class kotlin.Triple                                                                   : loaded 3 times (x 72B)
Class org.jetbrains.kotlin.metadata.ProtoBuf$Expression$ConstantValue$1               : loaded 3 times (x 74B)
Class kotlin.collections.MutableMapWithDefaultImpl                                    : loaded 3 times (x 144B)
Class jdk.internal.jimage.ImageReader$Directory                                       : loaded 3 times (x 84B)
Class kotlin.jvm.internal.StringCompanionObject                                       : loaded 3 times (x 71B)
Class org.jetbrains.kotlin.metadata.deserialization.Flags$EnumLiteFlagField           : loaded 3 times (x 76B)
Class org.jetbrains.kotlin.metadata.jvm.JvmProtoBuf$StringTableTypesOrBuilder         : loaded 3 times (x 70B)
Class kotlin.sequences.FlatteningSequence                                             : loaded 3 times (x 75B)
Class kotlin.jvm.internal.Ref$BooleanRef                                              : loaded 3 times (x 71B)
Class com.google.common.collect.Maps$8                                                : loaded 3 times (x 82B)
Class com.google.common.collect.ImmutableList$SubList                                 : loaded 3 times (x 209B)
Class kotlinx.coroutines.flow.FlowKt__MergeKt$mapLatest$1                             : loaded 3 times (x 95B)
Class kotlin.coroutines.jvm.internal.RestrictedSuspendLambda                          : loaded 3 times (x 91B)
Class org.jetbrains.kotlin.protobuf.LazyField                                         : loaded 3 times (x 83B)
Class org.jetbrains.kotlin.metadata.ProtoBuf$VersionRequirementTable                  : loaded 3 times (x 107B)
Class [Lorg.objectweb.asm.AnnotationWriter;                                           : loaded 3 times (x 69B)
Class org.jetbrains.kotlin.metadata.ProtoBuf$Type$Argument$1                          : loaded 3 times (x 144B)
Class com.google.common.collect.AbstractMapBasedMultimap$WrappedList                  : loaded 3 times (x 205B)
Class org.jetbrains.kotlin.load.kotlin.header.ReadKotlinClassHeaderAnnotationVisitor  : loaded 3 times (x 80B)
Class org.jetbrains.kotlin.metadata.ProtoBuf$Effect$InvocationKind                    : loaded 3 times (x 82B)
Class kotlin.jvm.internal.CharCompanionObject                                         : loaded 3 times (x 71B)
Class androidx.navigation.lint.BaseWrongStartDestinationTypeDetector                  : loaded 3 times (x 172B)
Class jdk.internal.jimage.decompressor.ResourceDecompressorRepository                 : loaded 3 times (x 71B)
Class [Lcom.google.common.collect.ImmutableMapEntry;                                  : loaded 3 times (x 69B)
Class org.jetbrains.kotlin.metadata.ProtoBuf$Annotation$ArgumentOrBuilder             : loaded 3 times (x 70B)
Class kotlin.sequences.DropTakeSequence                                               : loaded 3 times (x 70B)
Class kotlin.io.TextStreamsKt                                                         : loaded 3 times (x 71B)
Class kotlinx.coroutines.internal.Symbol                                              : loaded 3 times (x 72B)
Class kotlinx.coroutines.internal.DispatchedContinuation                              : loaded 3 times (x 89B)
Class kotlin.jvm.internal.SpreadBuilder                                               : loaded 3 times (x 76B)
Class org.jetbrains.kotlin.metadata.ProtoBuf$Function                                 : loaded 3 times (x 161B)
Class com.google.common.base.Platform                                                 : loaded 3 times (x 71B)
Class org.jetbrains.org.objectweb.asm.Symbol                                          : loaded 3 times (x 73B)
Class kotlin.jvm.internal.ArrayIterator                                               : loaded 3 times (x 79B)
Class kotlin.LazyThreadSafetyMode                                                     : loaded 3 times (x 79B)
Class kotlinx.coroutines.CoroutineContextKt                                           : loaded 3 times (x 71B)
Class kotlinx.coroutines.flow.FlowKt__CollectKt                                       : loaded 3 times (x 71B)
Class kotlin.sequences.SequencesKt___SequencesKt$flatMap$2                            : loaded 3 times (x 125B)
Class org.jetbrains.kotlin.metadata.ProtoBuf$TypeTable$1                              : loaded 3 times (x 144B)
Class org.jetbrains.kotlin.metadata.deserialization.Flags                             : loaded 3 times (x 71B)
Class jdk.internal.jimage.ImageReader$SharedImageReader$LocationVisitor               : loaded 3 times (x 70B)
Class kotlin.LazyKt__LazyJVMKt$WhenMappings                                           : loaded 3 times (x 71B)
Class kotlin.UnsafeLazyImpl                                                           : loaded 3 times (x 76B)
Class org.jetbrains.kotlin.name.Name                                                  : loaded 3 times (x 75B)
Class kotlin.jvm.internal.MutablePropertyReference                                    : loaded 3 times (x 119B)
Class [Lcom.google.common.collect.ImmutableEntry;                                     : loaded 3 times (x 69B)
Class com.google.common.collect.MapMaker                                              : loaded 3 times (x 72B)
Class org.jetbrains.kotlin.load.kotlin.header.KotlinClassHeader                       : loaded 3 times (x 72B)
Class org.jetbrains.org.objectweb.asm.ModuleVisitor                                   : loaded 3 times (x 81B)
Class com.google.common.collect.Maps                                                  : loaded 3 times (x 71B)
Class [Lkotlinx.coroutines.channels.BufferOverflow;                                   : loaded 3 times (x 69B)
Class kotlin.jvm.internal.PropertyReference1                                          : loaded 3 times (x 127B)
Class kotlin.ULong                                                                    : loaded 3 times (x 74B)
Class org.jetbrains.kotlin.metadata.ProtoBuf$VersionRequirementTableOrBuilder         : loaded 3 times (x 70B)
Class org.jetbrains.kotlin.metadata.jvm.JvmProtoBuf$JvmFieldSignatureOrBuilder        : loaded 3 times (x 70B)
Class org.jetbrains.kotlin.protobuf.FieldSet$FieldDescriptorLite                      : loaded 3 times (x 70B)
Class kotlin.sequences.DistinctSequence                                               : loaded 3 times (x 75B)
Class com.google.common.io.CharSource                                                 : loaded 3 times (x 85B)
Class kotlin.io.FileSystemException                                                   : loaded 3 times (x 82B)
Class kotlin.sequences.EmptySequence                                                  : loaded 3 times (x 78B)
Class kotlinx.coroutines.NonDisposableHandle                                          : loaded 3 times (x 78B)
Class org.jetbrains.kotlin.metadata.ProtoBuf$Constructor                              : loaded 3 times (x 130B)
Class [Lorg.jetbrains.kotlin.metadata.ProtoBuf$TypeParameter$Variance;                : loaded 3 times (x 69B)
Class kotlin.collections.builders.SetBuilder                                          : loaded 3 times (x 143B)
Class org.jetbrains.kotlin.load.kotlin.KotlinJvmBinaryClass$AnnotationArgumentVisitor : loaded 3 times (x 70B)
Class org.jetbrains.kotlin.load.kotlin.header.KotlinClassHeader$Kind                  : loaded 3 times (x 79B)
Class org.jetbrains.kotlin.metadata.jvm.deserialization.JvmMemberSignature            : loaded 3 times (x 74B)
Class org.jetbrains.kotlin.metadata.ProtoBuf$TypeAlias                                : loaded 3 times (x 140B)
Class jdk.internal.jrtfs.JrtPath                                                      : loaded 3 times (x 118B)
Class jdk.internal.jimage.ImageBufferCache                                            : loaded 3 times (x 71B)
Class com.google.common.collect.ListMultimap                                          : loaded 3 times (x 70B)
Class org.jetbrains.kotlin.protobuf.WireFormat$FieldType                              : loaded 3 times (x 83B)
Class org.jetbrains.kotlin.metadata.ProtoBuf$AnnotationOrBuilder                      : loaded 3 times (x 70B)
Class org.jetbrains.kotlin.load.kotlin.FileBasedKotlinClass                           : loaded 3 times (x 90B)
Class org.jetbrains.kotlin.metadata.ProtoBuf$EnumEntry                                : loaded 3 times (x 121B)
Class org.jetbrains.kotlin.name.ClassId$Companion                                     : loaded 3 times (x 71B)
Class [Lorg.jetbrains.kotlin.cli.common.CompilerSystemProperties;                     : loaded 3 times (x 69B)
Class kotlinx.coroutines.internal.InlineList                                          : loaded 3 times (x 72B)
Class kotlin.coroutines.ContinuationInterceptor                                       : loaded 3 times (x 70B)
Class kotlinx.coroutines.CoroutineDispatcher                                          : loaded 3 times (x 100B)
Class kotlinx.coroutines.flow.internal.NopCollector                                   : loaded 3 times (x 74B)
Class kotlinx.coroutines.flow.internal.ChannelFlow$collectToFun$1                     : loaded 3 times (x 95B)
Class kotlinx.coroutines.channels.BufferedChannelKt                                   : loaded 3 times (x 71B)
Class kotlinx.coroutines.CancellableContinuationImpl                                  : loaded 3 times (x 129B)
Class kotlinx.coroutines.DebugKt                                                      : loaded 3 times (x 71B)
Class kotlin.jvm.internal.markers.KMutableListIterator                                : loaded 3 times (x 70B)
Class org.jetbrains.kotlin.protobuf.AbstractMessageLite                               : loaded 3 times (x 98B)
Class com.google.common.collect.ImmutableEnumMap                                      : loaded 3 times (x 126B)
Class org.jetbrains.kotlin.protobuf.MessageLiteOrBuilder                              : loaded 3 times (x 70B)
Class org.jetbrains.kotlin.metadata.ProtoBuf$TypeTable                                : loaded 3 times (x 109B)
Class com.google.common.collect.RegularImmutableList                                  : loaded 3 times (x 213B)
Class org.jetbrains.kotlin.load.kotlin.header.ReadKotlinClassHeaderAnnotationVisitor$KotlinMetadataArgumentVisitor: loaded 3 times (x 86B)
Class org.jetbrains.kotlin.metadata.jvm.JvmProtoBuf$JvmMethodSignature                : loaded 3 times (x 108B)
Class org.jetbrains.kotlin.metadata.jvm.JvmProtoBuf$JvmFieldSignature$1               : loaded 3 times (x 144B)
Class org.jetbrains.kotlin.metadata.jvm.deserialization.UtfEncodingKt                 : loaded 3 times (x 71B)
Class kotlin.reflect.KMutableProperty1                                                : loaded 3 times (x 70B)
Class com.google.common.collect.IndexedImmutableSet$1                                 : loaded 3 times (x 213B)
Class kotlinx.coroutines.scheduling.Task                                              : loaded 3 times (x 75B)
Class com.google.common.base.Function                                                 : loaded 3 times (x 70B)
Class org.jetbrains.kotlin.name.FqName                                                : loaded 3 times (x 72B)
Class kotlinx.coroutines.CompletionStateKt                                            : loaded 3 times (x 71B)
Class org.jetbrains.kotlin.metadata.ProtoBuf$Property                                 : loaded 3 times (x 176B)
Class org.jetbrains.kotlin.metadata.ProtoBuf$TypeParameterOrBuilder                   : loaded 3 times (x 70B)
Class com.google.common.collect.ImmutableMapEntry$NonTerminalImmutableMapEntry        : loaded 3 times (x 85B)
Class kotlin.sequences.DropWhileSequence                                              : loaded 3 times (x 75B)
Class kotlin.coroutines.intrinsics.IntrinsicsKt__IntrinsicsJvmKt                      : loaded 3 times (x 71B)
Class com.google.common.base.Equivalence                                              : loaded 3 times (x 82B)
Class kotlin.ranges.IntRange                                                          : loaded 3 times (x 93B)
Class kotlin.coroutines.AbstractCoroutineContextElement                               : loaded 3 times (x 89B)
Class kotlin.properties.ReadOnlyProperty                                              : loaded 3 times (x 70B)
Class com.google.common.collect.ImmutableMapEntry                                     : loaded 3 times (x 85B)
Class [Lcom.google.common.collect.HashBiMap$BiEntry;                                  : loaded 3 times (x 69B)
Class com.google.common.collect.MapMakerInternalMap$InternalEntry                     : loaded 3 times (x 70B)
Class kotlin.jvm.internal.markers.KMutableMap                                         : loaded 3 times (x 70B)
Class org.jetbrains.kotlin.load.kotlin.header.ReadKotlinClassHeaderAnnotationVisitor$KotlinMetadataArgumentVisitor$2: loaded 3 times (x 85B)
Class org.jetbrains.kotlin.metadata.jvm.JvmProtoBuf$StringTableTypes$Record$1         : loaded 3 times (x 144B)
Class org.jetbrains.kotlin.metadata.ProtoBuf$VersionRequirement$1                     : loaded 3 times (x 144B)
Class kotlin.coroutines.jvm.internal.CoroutineStackFrame                              : loaded 3 times (x 70B)
Class com.google.common.math.IntMath                                                  : loaded 3 times (x 71B)
Class kotlin.collections.AbstractList$IteratorImpl                                    : loaded 3 times (x 82B)
Class org.jetbrains.kotlin.metadata.ProtoBuf$Class$1                                  : loaded 3 times (x 144B)
Class org.jetbrains.kotlin.protobuf.ExtensionRegistryLite$ObjectIntPair               : loaded 3 times (x 72B)
Class org.jetbrains.kotlin.descriptors.Visibilities$Public                            : loaded 3 times (x 79B)
Class kotlin.collections.AbstractMap                                                  : loaded 3 times (x 122B)
Class org.jetbrains.kotlin.load.kotlin.header.ReadKotlinClassHeaderAnnotationVisitor$KotlinMetadataArgumentVisitor$1: loaded 3 times (x 85B)
Class com.google.common.collect.AbstractMapBasedMultimap$KeySet                       : loaded 3 times (x 137B)
Class com.google.common.base.CommonPattern                                            : loaded 3 times (x 74B)
Class com.google.common.base.CharMatcher$IsNot                                        : loaded 3 times (x 111B)
Class kotlinx.coroutines.flow.internal.FusibleFlow                                    : loaded 3 times (x 70B)
Class kotlinx.coroutines.ChildContinuation                                            : loaded 3 times (x 86B)
Class jdk.internal.jrtfs.JrtFileAttributes                                            : loaded 3 times (x 83B)
Class [Lkotlin.sequences.Sequence;                                                    : loaded 3 times (x 69B)
Class kotlinx.coroutines.ChildHandleNode                                              : loaded 3 times (x 90B)
Class kotlinx.coroutines.scheduling.SchedulerCoroutineDispatcher                      : loaded 3 times (x 113B)
Class [Lorg.jetbrains.kotlin.protobuf.Internal$EnumLite;                              : loaded 3 times (x 69B)
Class kotlin.jvm.internal.MutablePropertyReference1Impl                               : loaded 3 times (x 137B)
Class com.google.common.collect.Iterators$EmptyModifiableIterator                     : loaded 3 times (x 86B)
Class org.jetbrains.kotlin.metadata.ProtoBuf$Expression$ConstantValue                 : loaded 3 times (x 82B)
Class jdk.internal.jimage.ImageReader$Resource                                        : loaded 3 times (x 84B)
Class jdk.internal.jimage.decompressor.Decompressor                                   : loaded 3 times (x 72B)
Class org.objectweb.asm.AnnotationVisitor                                             : loaded 3 times (x 78B)
Class org.jetbrains.kotlin.protobuf.CodedOutputStream$ByteBufferOutputStream          : loaded 3 times (x 86B)
Class kotlin.jvm.internal.AdaptedFunctionReference                                    : loaded 3 times (x 77B)
Class com.google.common.collect.Maps$EntryTransformer                                 : loaded 3 times (x 70B)
Class kotlinx.coroutines.internal.ResizableAtomicArray                                : loaded 3 times (x 72B)
Class kotlin.reflect.KProperty$Accessor                                               : loaded 3 times (x 70B)
Class kotlin.coroutines.jvm.internal.CompletedContinuation                            : loaded 3 times (x 75B)
Class kotlinx.coroutines.channels.BufferedChannel$BufferedChannelIterator             : loaded 3 times (x 80B)
Class [Lkotlin.Pair;                                                                  : loaded 3 times (x 69B)
Class kotlinx.coroutines.ChildJob                                                     : loaded 3 times (x 70B)
Class kotlin.jvm.internal.ArrayIteratorKt                                             : loaded 3 times (x 71B)
Class com.google.common.base.Splitter                                                 : loaded 3 times (x 72B)
Class com.google.common.collect.Sets$1                                                : loaded 3 times (x 139B)
Class kotlinx.coroutines.internal.SystemPropsKt__SystemPropsKt                        : loaded 3 times (x 71B)
Class org.jetbrains.kotlin.cli.common.CompilerSystemProperties$value$1                : loaded 3 times (x 125B)
Class kotlinx.coroutines.scheduling.TasksKt                                           : loaded 3 times (x 71B)
Class kotlinx.coroutines.CopyableThrowable                                            : loaded 3 times (x 70B)
Class kotlin.jvm.internal.markers.KMutableList                                        : loaded 3 times (x 70B)
Class com.google.common.io.CharSource$ConcatenatedCharSource                          : loaded 3 times (x 86B)
Class org.jetbrains.kotlin.protobuf.AbstractParser                                    : loaded 3 times (x 144B)
Class org.jetbrains.kotlin.metadata.ProtoBuf$Annotation$1                             : loaded 3 times (x 144B)
Class org.jetbrains.kotlin.metadata.ProtoBuf$VersionRequirement$VersionKind$1         : loaded 3 times (x 74B)
Class kotlin.ranges.IntProgression                                                    : loaded 3 times (x 81B)
Class org.jetbrains.org.objectweb.asm.ModuleWriter                                    : loaded 3 times (x 82B)
Class kotlin.coroutines.CoroutineContext$Key                                          : loaded 3 times (x 70B)
Class kotlinx.coroutines.flow.internal.ChannelFlowOperator                            : loaded 3 times (x 86B)
Class kotlin.coroutines.jvm.internal.RestrictedContinuationImpl                       : loaded 3 times (x 87B)
Class org.objectweb.asm.RecordComponentVisitor                                        : loaded 3 times (x 77B)
Class org.jetbrains.kotlin.descriptors.Visibilities$Private                           : loaded 3 times (x 79B)
Class org.jetbrains.kotlin.metadata.jvm.JvmProtoBuf$StringTableTypes$Record           : loaded 3 times (x 119B)
Class com.google.common.collect.ImmutableAsList                                       : loaded 3 times (x 209B)
Class kotlinx.coroutines.internal.Removed                                             : loaded 3 times (x 72B)
Class kotlinx.coroutines.flow.FlowKt__ChannelsKt$emitAllImpl$1                        : loaded 3 times (x 88B)
Class kotlinx.coroutines.channels.ChannelsKt                                          : loaded 3 times (x 71B)
Class com.google.common.collect.AbstractMapBasedMultimap                              : loaded 3 times (x 139B)
Class com.google.common.collect.Iterators$9                                           : loaded 3 times (x 81B)
Class com.google.common.base.FunctionalEquivalence                                    : loaded 3 times (x 83B)
Class kotlin.jvm.internal.markers.KMutableSet                                         : loaded 3 times (x 70B)
Class kotlin.collections.builders.MapBuilder$EntryRef                                 : loaded 3 times (x 81B)
Class kotlin.properties.NotNullVar                                                    : loaded 3 times (x 79B)
Class jdk.internal.jimage.BasicImageReader$1                                          : loaded 3 times (x 77B)
Class org.jetbrains.org.objectweb.asm.AnnotationWriter                                : loaded 3 times (x 79B)
Class com.google.common.collect.Lists                                                 : loaded 3 times (x 71B)
Class com.google.common.base.Converter                                                : loaded 3 times (x 90B)
Class org.jetbrains.kotlin.metadata.ProtoBuf$Annotation$Argument$Value$Type           : loaded 3 times (x 82B)
Class org.jetbrains.kotlin.metadata.ProtoBuf$TypeParameter$Variance$1                 : loaded 3 times (x 74B)
Class com.google.common.collect.ImmutableSet$CachingAsList                            : loaded 3 times (x 148B)
Class kotlin.collections.AbstractSet                                                  : loaded 3 times (x 135B)
Class kotlinx.coroutines.channels.ChannelSegment                                      : loaded 3 times (x 76B)
Class org.jetbrains.kotlin.metadata.ProtoBuf$Function$1                               : loaded 3 times (x 144B)
Class org.jetbrains.kotlin.metadata.ProtoBuf$Annotation$Argument$1                    : loaded 3 times (x 144B)
Class kotlin.KotlinVersionCurrentValue                                                : loaded 3 times (x 71B)
Class org.jetbrains.kotlin.metadata.ProtoBuf$Modality                                 : loaded 3 times (x 82B)
Class org.jetbrains.kotlin.metadata.jvm.JvmProtoBuf$JvmFieldSignature                 : loaded 3 times (x 108B)
Class kotlin.collections.builders.MapBuilder$Itr                                      : loaded 3 times (x 72B)
Class kotlin.collections.AbstractMutableMap                                           : loaded 3 times (x 128B)
Class com.google.common.collect.MapMakerInternalMap$Strength$1                        : loaded 3 times (x 80B)
Class org.jetbrains.kotlin.load.kotlin.KotlinJvmBinaryClass$AnnotationVisitor         : loaded 3 times (x 70B)
Class org.jetbrains.kotlin.metadata.jvm.deserialization.JvmProtoBufUtil               : loaded 3 times (x 71B)
Class org.jetbrains.kotlin.protobuf.FieldSet                                          : loaded 3 times (x 72B)
Class org.jetbrains.kotlin.metadata.deserialization.Flags$BooleanFlagField            : loaded 3 times (x 76B)
Class jdk.internal.jimage.ImageReader$Node                                            : loaded 3 times (x 84B)
Class com.google.common.collect.ImmutableCollection                                   : loaded 3 times (x 125B)
Class com.google.common.base.CharMatcher$AnyOf                                        : loaded 3 times (x 112B)
Class com.google.common.io.ByteSource                                                 : loaded 3 times (x 84B)
Class org.jetbrains.kotlin.protobuf.ExtensionRegistryLite                             : loaded 3 times (x 74B)
Class kotlin.sequences.SequenceScope                                                  : loaded 3 times (x 73B)
Class com.google.common.collect.RegularImmutableMap$KeySet                            : loaded 3 times (x 152B)
Class kotlinx.coroutines.channels.ReceiveChannel                                      : loaded 3 times (x 70B)
Class kotlinx.coroutines.flow.FlowKt__ContextKt                                       : loaded 3 times (x 71B)
Class kotlin.coroutines.ContinuationInterceptor$DefaultImpls                          : loaded 3 times (x 71B)
Class org.jetbrains.kotlin.metadata.ProtoBuf$Expression                               : loaded 3 times (x 120B)
Class com.google.common.base.CharMatcher$ForPredicate                                 : loaded 3 times (x 112B)
Class org.jetbrains.kotlin.name.FqNameUnsafe                                          : loaded 3 times (x 72B)
Class kotlinx.coroutines.Job$Key                                                      : loaded 3 times (x 71B)
Class kotlin.coroutines.intrinsics.IntrinsicsKt__IntrinsicsKt                         : loaded 3 times (x 71B)
Class kotlinx.coroutines.flow.internal.SendingCollector                               : loaded 3 times (x 75B)
Class kotlin.time.Duration$Companion                                                  : loaded 3 times (x 71B)
Class kotlin.reflect.KMutableProperty2                                                : loaded 3 times (x 70B)
Class kotlinx.coroutines.NotCompleted                                                 : loaded 3 times (x 70B)
Class com.google.common.collect.Sets$2                                                : loaded 3 times (x 139B)
Class org.jetbrains.kotlin.protobuf.WireFormat$FieldType$4                            : loaded 3 times (x 83B)
Class org.jetbrains.kotlin.metadata.ProtoBuf$Type$1                                   : loaded 3 times (x 144B)
Class org.jetbrains.kotlin.metadata.ProtoBuf$Contract$1                               : loaded 3 times (x 144B)
Class [Lorg.jetbrains.kotlin.metadata.ProtoBuf$Annotation$Argument$Value$Type;        : loaded 3 times (x 69B)
Class com.google.common.collect.HashBiMap$Inverse                                     : loaded 3 times (x 142B)
Class org.jetbrains.kotlin.load.kotlin.FileBasedKotlinClass$3$1                       : loaded 3 times (x 78B)
Class org.jetbrains.kotlin.metadata.jvm.JvmProtoBuf$JvmMethodSignature$1              : loaded 3 times (x 144B)
Class org.jetbrains.kotlin.metadata.ProtoBuf$VersionRequirementOrBuilder              : loaded 3 times (x 70B)
Class org.jetbrains.kotlin.metadata.ProtoBuf$VersionRequirement$Level                 : loaded 3 times (x 82B)
Class org.jetbrains.kotlin.descriptors.Visibilities$Internal                          : loaded 3 times (x 79B)
Class [Lorg.jetbrains.org.objectweb.asm.Type;                                         : loaded 3 times (x 69B)
Class [Lkotlin.jvm.internal.markers.KMappedMarker;                                    : loaded 3 times (x 69B)
Class jdk.internal.jimage.decompressor.ResourceDecompressorFactory                    : loaded 3 times (x 74B)
Class com.google.common.base.Splitter$SplittingIterator                               : loaded 3 times (x 84B)
Class com.google.common.collect.ImmutableSet$JdkBackedSetBuilderImpl                  : loaded 3 times (x 76B)
Class org.jetbrains.kotlin.protobuf.WireFormat$FieldType$3                            : loaded 3 times (x 83B)
Class com.google.common.collect.Iterators$5                                           : loaded 3 times (x 82B)
Class kotlinx.coroutines.internal.LockFreeTaskQueue                                   : loaded 3 times (x 72B)
Class kotlin.jvm.internal.DoubleCompanionObject                                       : loaded 3 times (x 71B)
Class jdk.internal.jimage.ImageReader$SharedImageReader                               : loaded 3 times (x 95B)
Class kotlin.SafePublicationLazyImpl                                                  : loaded 3 times (x 76B)
Class kotlin.time.DurationJvmKt                                                       : loaded 3 times (x 71B)
Class org.jetbrains.kotlin.protobuf.WireFormat$FieldType$2                            : loaded 3 times (x 83B)
Class [Lorg.jetbrains.kotlin.protobuf.WireFormat$FieldType;                           : loaded 3 times (x 69B)
Class org.jetbrains.kotlin.metadata.ProtoBuf$ValueParameter$1                         : loaded 3 times (x 144B)
Class org.jetbrains.kotlin.metadata.ProtoBuf$TypeParameter                            : loaded 3 times (x 133B)
Class org.jetbrains.kotlin.metadata.jvm.deserialization.ClassMapperLite               : loaded 3 times (x 71B)
Class org.jetbrains.kotlin.metadata.ProtoBuf$MemberKind                               : loaded 3 times (x 82B)
Class org.jetbrains.kotlin.metadata.jvm.deserialization.JvmNameResolverBase$Companion : loaded 3 times (x 71B)
Class org.jetbrains.kotlin.load.java.JvmAnnotationNames                               : loaded 3 times (x 71B)
Class com.google.common.collect.ImmutableBiMap                                        : loaded 3 times (x 143B)
Class [Lorg.objectweb.asm.SymbolTable$Entry;                                          : loaded 3 times (x 69B)
Class com.google.common.collect.AbstractListMultimap                                  : loaded 3 times (x 172B)
Class com.google.common.collect.Iterators$4                                           : loaded 3 times (x 82B)
Class com.google.common.collect.MapMakerInternalMap$Strength$2                        : loaded 3 times (x 80B)
Class jdk.internal.jimage.ImageReader                                                 : loaded 3 times (x 75B)
Class kotlinx.coroutines.flow.MutableSharedFlow                                       : loaded 3 times (x 70B)
Class kotlinx.coroutines.internal.ConcurrentLinkedListNode                            : loaded 3 times (x 73B)
Class kotlin.reflect.KProperty$Getter                                                 : loaded 3 times (x 70B)
Class org.jetbrains.kotlin.protobuf.ByteString                                        : loaded 3 times (x 108B)
Class [Lorg.objectweb.asm.AnnotationVisitor;                                          : loaded 3 times (x 69B)
Class org.jetbrains.kotlin.protobuf.WireFormat$FieldType$1                            : loaded 3 times (x 83B)
Class org.jetbrains.kotlin.metadata.ProtoBuf$Annotation$Argument                      : loaded 3 times (x 108B)
Class kotlin.jvm.functions.Function20                                                 : loaded 3 times (x 70B)
Class org.jetbrains.kotlin.protobuf.GeneratedMessageLite$Builder                      : loaded 3 times (x 128B)
Class org.jetbrains.kotlin.metadata.jvm.JvmProtoBuf$JvmMethodSignatureOrBuilder       : loaded 3 times (x 70B)
Class org.jetbrains.kotlin.metadata.ProtoBuf$Class$Kind                               : loaded 3 times (x 82B)
Class kotlinx.coroutines.scheduling.DefaultScheduler                                  : loaded 3 times (x 113B)
Class com.google.common.collect.ImmutableMap$IteratorBasedImmutableMap                : loaded 3 times (x 126B)
Class com.google.common.collect.SingletonImmutableSet                                 : loaded 3 times (x 146B)
Class kotlinx.coroutines.JobNode                                                      : loaded 3 times (x 86B)
Class kotlinx.coroutines.ParentJob                                                    : loaded 3 times (x 70B)
Class kotlin.Metadata                                                                 : loaded 3 times (x 70B)
Class org.jetbrains.kotlin.cli.common.CompilerSystemProperties                        : loaded 3 times (x 80B)
Class kotlin.collections.CollectionsKt___CollectionsKt$asSequence$$inlined$Sequence$1 : loaded 3 times (x 75B)
Class com.google.common.base.AbstractIterator$State                                   : loaded 3 times (x 79B)
Class com.google.common.collect.Sets$3                                                : loaded 3 times (x 139B)
Class kotlin.collections.AbstractMutableSet                                           : loaded 3 times (x 142B)
Class jdk.internal.jrtfs.SystemImage                                                  : loaded 3 times (x 74B)
Class kotlin.properties.Delegates                                                     : loaded 3 times (x 71B)
Class org.jetbrains.kotlin.load.kotlin.FileBasedKotlinClass$4                         : loaded 3 times (x 88B)
Class jdk.internal.jimage.ImageStringsReader                                          : loaded 3 times (x 80B)
Class org.jetbrains.org.objectweb.asm.ClassWriter                                     : loaded 3 times (x 106B)
Class org.jetbrains.kotlin.metadata.ProtoBuf$Class                                    : loaded 3 times (x 177B)
Class org.jetbrains.kotlin.metadata.ProtoBuf$Type                                     : loaded 3 times (x 148B)
Class org.jetbrains.kotlin.metadata.ProtoBuf$Property$1                               : loaded 3 times (x 144B)
Class org.objectweb.asm.Edge                                                          : loaded 3 times (x 72B)
Class com.google.common.collect.Iterators$1                                           : loaded 3 times (x 81B)
Class org.jetbrains.kotlin.load.kotlin.FileBasedKotlinClass$3                         : loaded 3 times (x 78B)
Class com.google.common.io.ByteArrayDataInput                                         : loaded 3 times (x 70B)
Class kotlin.jvm.internal.markers.KMutableMap$Entry                                   : loaded 3 times (x 70B)
Class kotlin.jvm.internal.Lambda                                                      : loaded 3 times (x 75B)
Class kotlinx.coroutines.Dispatchers                                                  : loaded 3 times (x 71B)
Class [Lkotlinx.coroutines.CoroutineStart;                                            : loaded 3 times (x 69B)
Class kotlinx.coroutines.CoroutineDispatcher$Key                                      : loaded 3 times (x 72B)
Class kotlinx.coroutines.flow.internal.ChannelLimitedFlowMerge                        : loaded 3 times (x 85B)
Class [Lkotlin.reflect.KDeclarationContainer;                                         : loaded 3 times (x 69B)
Class kotlin.time.DurationUnitKt__DurationUnitKt                                      : loaded 3 times (x 71B)
Class org.jetbrains.kotlin.protobuf.GeneratedMessageLite$GeneratedExtension           : loaded 3 times (x 79B)
Class org.objectweb.asm.SymbolTable$Entry                                             : loaded 3 times (x 74B)
Class org.jetbrains.kotlin.metadata.ProtoBuf$Type$ArgumentOrBuilder                   : loaded 3 times (x 70B)
Class org.jetbrains.kotlin.load.kotlin.FileBasedKotlinClass$2                         : loaded 3 times (x 88B)
Class org.jetbrains.kotlin.cli.common.arguments.Freezable                             : loaded 3 times (x 72B)
Class com.google.common.io.CharSource$CharSequenceCharSource                          : loaded 3 times (x 86B)
Class com.google.common.base.JdkPattern                                               : loaded 3 times (x 75B)
Class kotlin.io.NoSuchFileException                                                   : loaded 3 times (x 82B)
Class com.google.common.io.Files$FileByteSource                                       : loaded 3 times (x 85B)
Class com.google.common.collect.ImmutableList$ReverseImmutableList                    : loaded 3 times (x 209B)
Class kotlin.collections.ArrayDeque                                                   : loaded 3 times (x 207B)
Class org.jetbrains.kotlin.load.kotlin.FileBasedKotlinClass$1                         : loaded 3 times (x 88B)
Class org.jetbrains.kotlin.metadata.deserialization.TypeTable                         : loaded 3 times (x 72B)
Class org.jetbrains.kotlin.descriptors.SourceElement                                  : loaded 3 times (x 70B)
Class [Lorg.jetbrains.kotlin.metadata.ProtoBuf$MemberKind;                            : loaded 3 times (x 69B)
Class com.google.common.base.Equivalence$Identity                                     : loaded 3 times (x 82B)
Class com.google.common.collect.MapMakerInternalMap$StrongValueEntry                  : loaded 3 times (x 70B)
Class com.google.common.base.PairwiseEquivalence                                      : loaded 3 times (x 83B)
Class org.jetbrains.kotlin.name.FqNameUnsafe$Companion                                : loaded 3 times (x 71B)
Class kotlinx.coroutines.flow.SharedFlowKt                                            : loaded 3 times (x 71B)
Class com.google.common.io.ByteSink                                                   : loaded 3 times (x 76B)
Class kotlin.time.DurationUnit                                                        : loaded 3 times (x 79B)
Class org.objectweb.asm.ModuleVisitor                                                 : loaded 3 times (x 81B)
Class com.google.common.collect.SingletonImmutableList                                : loaded 3 times (x 207B)
Class org.jetbrains.kotlin.load.kotlin.KotlinJvmBinaryClass$AnnotationArrayArgumentVisitor: loaded 3 times (x 70B)
Class org.jetbrains.kotlin.cli.common.arguments.K2JVMCompilerArgumentsConfigurator    : loaded 3 times (x 74B)
Class [Lorg.jetbrains.kotlin.protobuf.WireFormat$JavaType;                            : loaded 3 times (x 69B)
Class jdk.internal.jimage.decompressor.ResourceDecompressor                           : loaded 3 times (x 70B)
Class org.jetbrains.org.objectweb.asm.ByteVector                                      : loaded 3 times (x 78B)
Class kotlin.jvm.functions.Function21                                                 : loaded 3 times (x 70B)
Class com.google.common.collect.MapMakerInternalMap$1                                 : loaded 3 times (x 83B)
Class kotlinx.coroutines.IncompleteStateBox                                           : loaded 3 times (x 72B)
Class kotlin.jvm.internal.TypeIntrinsics                                              : loaded 3 times (x 71B)
Class kotlinx.coroutines.ThreadContextElement                                         : loaded 3 times (x 70B)
Class kotlinx.coroutines.internal.SystemPropsKt__SystemProps_commonKt                 : loaded 3 times (x 71B)
Class kotlinx.coroutines.DispatchedTaskKt                                             : loaded 3 times (x 71B)
Class kotlinx.coroutines.flow.internal.ChannelFlowTransformLatest                     : loaded 3 times (x 86B)
Class com.google.common.collect.Sets$4                                                : loaded 3 times (x 139B)
Class kotlinx.coroutines.channels.ChannelCoroutine                                    : loaded 3 times (x 188B)
Class kotlin.collections.IntIterator                                                  : loaded 3 times (x 82B)
Class org.jetbrains.kotlin.metadata.ProtoBuf$PackageOrBuilder                         : loaded 3 times (x 70B)
Class org.jetbrains.kotlin.protobuf.SmallSortedMap$EmptySet$2                         : loaded 3 times (x 78B)
Class org.jetbrains.kotlin.metadata.ProtoBuf$ValueParameterOrBuilder                  : loaded 3 times (x 70B)
Class com.google.common.collect.NullnessCasts                                         : loaded 3 times (x 71B)
Class com.google.common.base.ExtraObjectsMethodsForWeb                                : loaded 3 times (x 71B)
Class org.jetbrains.kotlin.descriptors.Visibilities$Protected                         : loaded 3 times (x 79B)
Class com.google.common.collect.MapMakerInternalMap$Segment                           : loaded 3 times (x 142B)
Class org.jetbrains.kotlin.metadata.jvm.JvmProtoBuf$JvmPropertySignature              : loaded 3 times (x 114B)
Class kotlin.ranges.ClosedRange                                                       : loaded 3 times (x 70B)
Class com.google.common.collect.Multimap                                              : loaded 3 times (x 70B)
Class com.google.common.primitives.IntsMethodsForWeb                                  : loaded 3 times (x 71B)
Class org.jetbrains.kotlin.cli.common.messages.MessageCollector                       : loaded 3 times (x 70B)
Class kotlin.reflect.KProperty                                                        : loaded 3 times (x 70B)
Class kotlin.jvm.internal.Reflection                                                  : loaded 3 times (x 71B)
Class kotlin.jvm.JvmClassMappingKt                                                    : loaded 3 times (x 71B)
Class org.jetbrains.kotlin.protobuf.AbstractMessageLite$Builder$LimitedInputStream    : loaded 3 times (x 92B)
Class org.jetbrains.kotlin.protobuf.SmallSortedMap$EmptySet$1                         : loaded 3 times (x 78B)
Class kotlin.collections.builders.MapBuilderEntries                                   : loaded 3 times (x 145B)
Class org.jetbrains.kotlin.metadata.ProtoBuf$Type$Argument$Projection$1               : loaded 3 times (x 74B)
Class kotlin.annotation.AnnotationTarget                                              : loaded 3 times (x 79B)
Class kotlin.jvm.internal.ShortCompanionObject                                        : loaded 3 times (x 71B)
Class org.jetbrains.org.objectweb.asm.FieldWriter                                     : loaded 3 times (x 78B)
Class kotlinx.coroutines.flow.FlowKt__EmittersKt                                      : loaded 3 times (x 71B)
Class com.google.common.collect.Iterators$MergingIterator                             : loaded 3 times (x 81B)
Class kotlin.io.ByteStreamsKt                                                         : loaded 3 times (x 71B)
Class com.google.common.collect.AbstractMapBasedMultimap$WrappedCollection$WrappedIterator: loaded 3 times (x 84B)
Class org.objectweb.asm.Context                                                       : loaded 3 times (x 72B)
Class com.google.common.base.NullnessCasts                                            : loaded 3 times (x 71B)
Class kotlin.coroutines.CombinedContext                                               : loaded 3 times (x 78B)
Class org.jetbrains.kotlin.metadata.jvm.JvmProtoBuf$JvmPropertySignatureOrBuilder     : loaded 3 times (x 70B)
Class kotlin.annotation.AnnotationRetention                                           : loaded 3 times (x 79B)
Class kotlinx.coroutines.flow.FlowKt__ChannelsKt                                      : loaded 3 times (x 71B)
Class kotlinx.coroutines.CancelHandler                                                : loaded 3 times (x 70B)
Class org.jetbrains.kotlin.protobuf.LiteralByteString                                 : loaded 3 times (x 112B)
Class org.jetbrains.kotlin.protobuf.LazyFieldLite                                     : loaded 3 times (x 82B)
Class com.google.common.collect.ImmutableMap$Builder                                  : loaded 3 times (x 82B)
Class org.jetbrains.kotlin.metadata.ProtoBuf$Annotation$Argument$Value$Type$1         : loaded 3 times (x 74B)
Class jdk.internal.jimage.ImageHeader                                                 : loaded 3 times (x 71B)
Class kotlinx.coroutines.internal.LockFreeTaskQueueCore                               : loaded 3 times (x 72B)
Class kotlinx.coroutines.internal.LockFreeLinkedListHead                              : loaded 3 times (x 74B)
Class kotlin.jvm.internal.PropertyReference                                           : loaded 3 times (x 115B)
Class [Lorg.jetbrains.kotlin.metadata.ProtoBuf$Class$Kind;                            : loaded 3 times (x 69B)
Class org.jetbrains.kotlin.metadata.ProtoBuf$TypeAliasOrBuilder                       : loaded 3 times (x 70B)
Class kotlin.sequences.DistinctIterator                                               : loaded 3 times (x 83B)
Class kotlin.io.FileAlreadyExistsException                                            : loaded 3 times (x 82B)
Class org.jetbrains.kotlin.metadata.ProtoBuf$TypeOrBuilder                            : loaded 3 times (x 70B)
Class kotlinx.coroutines.flow.Flow                                                    : loaded 3 times (x 70B)
Class org.jetbrains.kotlin.protobuf.GeneratedMessageLite$ExtendableMessage            : loaded 3 times (x 113B)
Class kotlin.collections.MapWithDefault                                               : loaded 3 times (x 70B)
Class kotlin.collections.Grouping                                                     : loaded 3 times (x 70B)
Class kotlin.jvm.functions.Function22                                                 : loaded 3 times (x 70B)
Class kotlinx.coroutines.internal.DispatchedContinuationKt                            : loaded 3 times (x 71B)
Class kotlin.reflect.KMutableProperty                                                 : loaded 3 times (x 70B)
Class kotlinx.coroutines.flow.ThrowingCollector                                       : loaded 3 times (x 75B)
Class kotlin.coroutines.jvm.internal.SuspendLambda                                    : loaded 3 times (x 91B)
Class kotlin.coroutines.jvm.internal.ContinuationImpl                                 : loaded 3 times (x 87B)
Class kotlin.KotlinVersion                                                            : loaded 3 times (x 74B)
Class org.jetbrains.kotlin.metadata.deserialization.Flags$FlagField                   : loaded 3 times (x 73B)
Class org.jetbrains.kotlin.metadata.ProtoBuf$TypeTableOrBuilder                       : loaded 3 times (x 70B)
Class org.jetbrains.kotlin.metadata.ProtoBuf$Package                                  : loaded 3 times (x 129B)
Class kotlinx.coroutines.Job                                                          : loaded 3 times (x 70B)
Class kotlinx.coroutines.channels.Channel                                             : loaded 3 times (x 70B)
Class kotlinx.coroutines.internal.SystemPropsKt                                       : loaded 3 times (x 71B)
Class kotlinx.coroutines.JobImpl                                                      : loaded 3 times (x 138B)
Class org.jetbrains.kotlin.protobuf.ByteString$ByteIterator                           : loaded 3 times (x 70B)
Class com.google.common.collect.ImmutableMapEntrySet                                  : loaded 3 times (x 152B)
Class kotlin.time.DurationUnitKt                                                      : loaded 3 times (x 71B)
Class com.google.common.math.MathPreconditions                                        : loaded 3 times (x 71B)
Class kotlinx.coroutines.ExecutorCoroutineDispatcher                                  : loaded 3 times (x 108B)
Class kotlin.Result$Failure                                                           : loaded 3 times (x 72B)
Class kotlinx.coroutines.channels.ProducerCoroutine                                   : loaded 3 times (x 191B)
Class kotlinx.coroutines.channels.ChannelsKt__Channels_commonKt                       : loaded 3 times (x 71B)
Class kotlinx.coroutines.channels.ReceiveCatching                                     : loaded 3 times (x 75B)
Class org.jetbrains.kotlin.metadata.deserialization.NameResolver                      : loaded 3 times (x 70B)
Class org.jetbrains.kotlin.protobuf.InvalidProtocolBufferException                    : loaded 3 times (x 84B)
Class org.jetbrains.kotlin.protobuf.GeneratedMessageLite$ExtensionDescriptor          : loaded 3 times (x 84B)
Class com.google.common.collect.AbstractIndexedListIterator                           : loaded 3 times (x 96B)
Class com.google.common.collect.ObjectArrays                                          : loaded 3 times (x 71B)
Class com.google.common.collect.ArrayListMultimapGwtSerializationDependencies         : loaded 3 times (x 172B)
Class com.google.common.collect.Multiset                                              : loaded 3 times (x 70B)
Class com.google.common.io.ByteStreams                                                : loaded 3 times (x 71B)
Class kotlin.ranges.IntProgressionIterator                                            : loaded 3 times (x 82B)
Class org.jetbrains.kotlin.metadata.jvm.JvmProtoBuf$StringTableTypes$Record$Operation$1: loaded 3 times (x 74B)
Class org.jetbrains.kotlin.metadata.ProtoBuf$VersionRequirement$VersionKind           : loaded 3 times (x 82B)
Class org.jetbrains.kotlin.metadata.ProtoBuf$Visibility$1                             : loaded 3 times (x 74B)
Class kotlin.collections.GroupingKt__GroupingJVMKt                                    : loaded 3 times (x 71B)
Class [Lorg.jetbrains.kotlin.metadata.ProtoBuf$Effect$InvocationKind;                 : loaded 3 times (x 69B)
Class org.jetbrains.kotlin.name.ClassId                                               : loaded 3 times (x 72B)
Class com.google.common.primitives.Ints                                               : loaded 3 times (x 71B)
Class kotlinx.coroutines.flow.FlowKt                                                  : loaded 3 times (x 71B)
Class kotlin.ResultKt                                                                 : loaded 3 times (x 71B)
Class org.jetbrains.kotlin.metadata.ProtoBuf$Annotation$Argument$Value$1              : loaded 3 times (x 144B)
Class org.jetbrains.kotlin.metadata.ProtoBuf$TypeParameter$Variance                   : loaded 3 times (x 82B)
Class com.google.common.collect.AbstractIterator                                      : loaded 3 times (x 82B)
Class org.jetbrains.kotlin.protobuf.UninitializedMessageException                     : loaded 3 times (x 84B)
Class org.jetbrains.kotlin.descriptors.Visibilities$InvisibleFake                     : loaded 3 times (x 79B)
Class org.jetbrains.kotlin.metadata.jvm.deserialization.JvmNameResolverKt             : loaded 3 times (x 71B)
Class androidx.navigation.lint.BaseWrongStartDestinationTypeDetectorKt                : loaded 3 times (x 71B)
Class jdk.internal.jimage.ImageBufferCache$2                                          : loaded 3 times (x 91B)
Class com.google.common.collect.BiMap                                                 : loaded 3 times (x 70B)
Class kotlinx.coroutines.JobSupport                                                   : loaded 3 times (x 132B)
Class kotlinx.coroutines.channels.ChannelKt                                           : loaded 3 times (x 71B)
Class kotlin.coroutines.ContinuationKt                                                : loaded 3 times (x 71B)
Class kotlin.collections.builders.ListBuilderKt                                       : loaded 3 times (x 71B)
Class org.jetbrains.kotlin.protobuf.BoundedByteString                                 : loaded 3 times (x 112B)
Class com.google.common.collect.ImmutableMap$1                                        : loaded 3 times (x 81B)
Class com.google.common.collect.IndexedImmutableSet                                   : loaded 3 times (x 152B)
Class org.objectweb.asm.FieldVisitor                                                  : loaded 3 times (x 77B)
Class com.google.common.collect.AbstractMapBasedMultimap$Itr                          : loaded 3 times (x 83B)
Class com.google.common.base.Objects                                                  : loaded 3 times (x 71B)
Class org.jetbrains.kotlin.metadata.ProtoBuf$EffectOrBuilder                          : loaded 3 times (x 70B)
Class org.jetbrains.kotlin.metadata.ProtoBuf$Effect$EffectType$1                      : loaded 3 times (x 74B)
Class jdk.internal.jimage.ImageBufferCache$1                                          : loaded 3 times (x 83B)
Class com.google.common.base.CharMatcher$And                                          : loaded 3 times (x 112B)
Class kotlin.collections.ArraysKt___ArraysKt$asSequence$$inlined$Sequence$1           : loaded 3 times (x 75B)
Class kotlin.coroutines.jvm.internal.DebugProbesKt                                    : loaded 3 times (x 71B)
Class kotlinx.coroutines.intrinsics.CancellableKt                                     : loaded 3 times (x 71B)
Class kotlinx.coroutines.channels.SendChannel                                         : loaded 3 times (x 70B)
Class com.google.common.collect.TransformedIterator                                   : loaded 3 times (x 80B)
Class kotlinx.coroutines.JobSupport$Finishing                                         : loaded 3 times (x 76B)
Class kotlin.time.DurationUnitKt__DurationUnitJvmKt                                   : loaded 3 times (x 71B)
Class org.jetbrains.kotlin.protobuf.SmallSortedMap$1                                  : loaded 3 times (x 130B)
Class org.objectweb.asm.ClassWriter                                                   : loaded 3 times (x 106B)
Class org.jetbrains.kotlin.protobuf.CodedOutputStream$OutOfSpaceException             : loaded 3 times (x 82B)
Class org.jetbrains.kotlin.metadata.ProtoBuf$Annotation$Argument$Value                : loaded 3 times (x 127B)
Class org.jetbrains.kotlin.descriptors.Visibilities$PrivateToThis                     : loaded 3 times (x 79B)
Class kotlin.collections.GroupingKt__GroupingKt                                       : loaded 3 times (x 71B)
Class kotlin.reflect.KTypeParameter                                                   : loaded 3 times (x 70B)
Class kotlin.collections.builders.SetBuilder$Companion                                : loaded 3 times (x 71B)
Class kotlinx.coroutines.DispatchedTask                                               : loaded 3 times (x 80B)
Class kotlin.DeprecationLevel                                                         : loaded 3 times (x 79B)
Class org.jetbrains.kotlin.metadata.ProtoBuf$Property$Builder                         : loaded 3 times (x 202B)
Class com.google.common.collect.AbstractMapBasedMultimap$KeySet$1                     : loaded 3 times (x 82B)
Class org.jetbrains.org.objectweb.asm.ClassTooLargeException                          : loaded 3 times (x 83B)
Class kotlin.coroutines.CoroutineContext                                              : loaded 3 times (x 70B)
Class com.google.common.collect.RegularImmutableSet                                   : loaded 3 times (x 149B)
Class com.google.common.base.Splitter$1                                               : loaded 3 times (x 77B)
Class com.google.common.collect.Iterables                                             : loaded 3 times (x 71B)
Class com.google.common.collect.MapDifference                                         : loaded 3 times (x 70B)
Class org.jetbrains.kotlin.protobuf.WireFormat$JavaType                               : loaded 3 times (x 79B)
Class [Lorg.jetbrains.kotlin.metadata.ProtoBuf$VersionRequirement$Level;              : loaded 3 times (x 69B)
Class org.jetbrains.kotlin.metadata.jvm.deserialization.JvmMemberSignature$Method     : loaded 3 times (x 75B)
Class kotlin.jvm.internal.Ref$IntRef                                                  : loaded 3 times (x 71B)
Class kotlin.collections.builders.MapBuilder$EntriesItr                               : loaded 3 times (x 81B)
Class org.gradle.kotlin.dsl.VersionCatalogAccessorsKt                                 : loaded 3 times (x 71B)
Class jdk.internal.jrtfs.JrtDirectoryStream$1                                         : loaded 3 times (x 83B)
Class jdk.internal.jimage.ImageLocation                                               : loaded 3 times (x 90B)
Class com.google.common.collect.Lists$StringAsImmutableList                           : loaded 3 times (x 207B)
Class kotlin.text.DelimitedRangesSequence$iterator$1                                  : loaded 3 times (x 79B)
Class kotlin.coroutines.ContinuationInterceptor$Key                                   : loaded 3 times (x 71B)
Class kotlinx.coroutines.intrinsics.UndispatchedKt                                    : loaded 3 times (x 71B)
Class kotlinx.coroutines.channels.ProduceKt                                           : loaded 3 times (x 71B)
Class kotlinx.coroutines.flow.internal.ChannelFlowTransformLatest$flowCollect$3$1     : loaded 3 times (x 75B)
Class org.jetbrains.kotlin.config.KotlinCompilerVersion                               : loaded 3 times (x 71B)
Class org.jetbrains.kotlin.protobuf.Parser                                            : loaded 3 times (x 70B)
Class org.jetbrains.kotlin.descriptors.Visibilities$Unknown                           : loaded 3 times (x 79B)
Class org.jetbrains.kotlin.load.kotlin.KotlinJvmBinaryClass                           : loaded 3 times (x 70B)
Class kotlin.collections.MutableMapWithDefault                                        : loaded 3 times (x 70B)
Class kotlin.jvm.internal.IntCompanionObject                                          : loaded 3 times (x 71B)
Class kotlin.text.CharsKt                                                             : loaded 3 times (x 71B)
Class kotlinx.coroutines.Waiter                                                       : loaded 3 times (x 70B)
Class org.jetbrains.kotlin.metadata.deserialization.MetadataVersion                   : loaded 3 times (x 74B)
Class org.jetbrains.kotlin.cli.common.messages.MessageCollector$Companion             : loaded 3 times (x 71B)
Class org.jetbrains.kotlin.protobuf.GeneratedMessageLite                              : loaded 3 times (x 101B)
Class org.jetbrains.kotlin.protobuf.Internal$EnumLiteMap                              : loaded 3 times (x 70B)
Class kotlin.io.LinesSequence$iterator$1                                              : loaded 3 times (x 79B)
Class com.google.common.collect.Iterators                                             : loaded 3 times (x 71B)
Class org.jetbrains.kotlin.protobuf.AbstractMessageLite$Builder                       : loaded 3 times (x 122B)
Class kotlin.collections.AbstractIterator                                             : loaded 3 times (x 83B)
Class com.google.common.collect.Range                                                 : loaded 3 times (x 87B)
Class kotlin.io.TerminateException                                                    : loaded 3 times (x 82B)
Class org.jetbrains.kotlin.metadata.deserialization.ProtoTypeTableUtilKt              : loaded 3 times (x 71B)
Class kotlin.collections.ReversedList                                                 : loaded 3 times (x 207B)
Class com.google.common.collect.RegularImmutableAsList                                : loaded 3 times (x 217B)
Class kotlin.coroutines.CoroutineContext$Element                                      : loaded 3 times (x 70B)
Class kotlinx.coroutines.internal.UndeliveredElementException                         : loaded 3 times (x 82B)
Class kotlinx.coroutines.channels.WaiterEB                                            : loaded 3 times (x 72B)
Class org.jetbrains.kotlin.metadata.deserialization.ProtoBufUtilKt                    : loaded 3 times (x 71B)
Class com.google.common.base.Splitter$Strategy                                        : loaded 3 times (x 70B)
Class jdk.internal.jimage.decompressor.ResourceDecompressor$StringsProvider           : loaded 3 times (x 70B)
Class kotlinx.coroutines.channels.BufferOverflow                                      : loaded 3 times (x 79B)
Class kotlinx.coroutines.scheduling.GlobalQueue                                       : loaded 3 times (x 72B)
Class kotlinx.coroutines.flow.internal.ChannelFlow                                    : loaded 3 times (x 85B)
Class kotlin.reflect.KProperty2                                                       : loaded 3 times (x 70B)
Class kotlin.sequences.GeneratorSequence$iterator$1                                   : loaded 3 times (x 79B)
Class com.google.common.collect.AbstractMultimap                                      : loaded 3 times (x 123B)
Class com.google.common.collect.AbstractSetMultimap                                   : loaded 3 times (x 174B)
Class com.google.common.collect.Sets$ImprovedAbstractSet                              : loaded 3 times (x 135B)
Class com.google.common.io.ByteSource$ByteArrayByteSource                             : loaded 3 times (x 85B)
Class org.objectweb.asm.FieldWriter                                                   : loaded 3 times (x 78B)
Class com.google.common.io.CharSource$StringCharSource                                : loaded 3 times (x 86B)
Class jdk.internal.jrtfs.JrtFileSystemProvider                                        : loaded 3 times (x 101B)
Class [Lkotlin.Function;                                                              : loaded 3 times (x 69B)
Class kotlin.sequences.TransformingSequence$iterator$1                                : loaded 3 times (x 79B)
Class org.jetbrains.kotlin.metadata.jvm.JvmProtoBuf$StringTableTypes$Record$Operation : loaded 3 times (x 82B)
Class kotlinx.coroutines.channels.BufferedChannel$SendBroadcast                       : loaded 3 times (x 75B)
Class kotlinx.coroutines.channels.ChannelIterator                                     : loaded 3 times (x 70B)
Class kotlinx.coroutines.StandaloneCoroutine                                          : loaded 3 times (x 143B)
Class kotlin.reflect.KClass                                                           : loaded 3 times (x 70B)
Class kotlin.reflect.KProperty1                                                       : loaded 3 times (x 70B)
Class com.google.common.collect.AbstractMapEntry                                      : loaded 3 times (x 81B)
Class com.google.common.collect.HashBiMap$BiEntry                                     : loaded 3 times (x 83B)
Class org.jetbrains.kotlin.metadata.ProtoBuf$Annotation$Builder                       : loaded 3 times (x 136B)
Class kotlin.text.Regex$Companion                                                     : loaded 3 times (x 71B)
Class com.google.common.collect.Iterators$SingletonIterator                           : loaded 3 times (x 81B)
Class com.google.common.collect.SingletonImmutableBiMap                               : loaded 3 times (x 143B)
Class org.jetbrains.kotlin.load.kotlin.header.ReadKotlinClassHeaderAnnotationVisitor$CollectStringArrayAnnotationVisitor: loaded 3 times (x 85B)
Class com.google.common.collect.UnmodifiableIterator                                  : loaded 3 times (x 80B)
Class kotlinx.coroutines.scheduling.NanoTimeSource                                    : loaded 3 times (x 72B)
Class kotlin.Result                                                                   : loaded 3 times (x 72B)
Class kotlinx.coroutines.CompletedContinuation                                        : loaded 3 times (x 72B)
Class kotlin.reflect.KProperty0                                                       : loaded 3 times (x 70B)
Class org.jetbrains.kotlin.metadata.ProtoBuf$Constructor$1                            : loaded 3 times (x 144B)
Class org.jetbrains.kotlin.metadata.ProtoBuf$PropertyOrBuilder                        : loaded 3 times (x 70B)
Class [Lorg.objectweb.asm.Attribute;                                                  : loaded 3 times (x 69B)
Class [Lorg.objectweb.asm.Type;                                                       : loaded 3 times (x 69B)
Class com.google.common.collect.Platform                                              : loaded 3 times (x 71B)
Class org.jetbrains.kotlin.utils.CollectionsKt                                        : loaded 3 times (x 71B)
Class org.jetbrains.kotlin.metadata.jvm.JvmProtoBuf$StringTableTypes$1                : loaded 3 times (x 144B)
Class kotlin.jvm.internal.BooleanCompanionObject                                      : loaded 3 times (x 71B)
Class jdk.internal.jrtfs.SystemImage$2                                                : loaded 3 times (x 76B)
Class kotlin.collections.ReversedList$listIterator$1                                  : loaded 3 times (x 94B)
Class kotlinx.coroutines.channels.Channel$Factory                                     : loaded 3 times (x 71B)
Class kotlinx.coroutines.scheduling.CoroutineScheduler$Companion                      : loaded 3 times (x 71B)
Class kotlinx.coroutines.channels.SendChannel$DefaultImpls                            : loaded 3 times (x 71B)
Class kotlin.collections.builders.ListBuilder                                         : loaded 3 times (x 207B)
Class kotlin.collections.builders.ListBuilder$Companion                               : loaded 3 times (x 71B)
Class com.google.common.base.Joiner                                                   : loaded 3 times (x 79B)
Class com.google.common.base.MoreObjects                                              : loaded 3 times (x 71B)
Class org.jetbrains.kotlin.metadata.jvm.JvmProtoBuf$StringTableTypes                  : loaded 3 times (x 110B)
Class kotlin.collections.builders.AbstractMapBuilderEntrySet                          : loaded 3 times (x 144B)
Class org.jetbrains.kotlin.metadata.ProtoBuf$MemberKind$1                             : loaded 3 times (x 74B)
Class org.jetbrains.kotlin.metadata.jvm.JvmProtoBuf$StringTableTypes$RecordOrBuilder  : loaded 3 times (x 70B)
Class org.jetbrains.kotlin.resolve.jvm.JvmClassName                                   : loaded 3 times (x 76B)
Class org.jetbrains.kotlin.protobuf.GeneratedMessageLite$ExtendableBuilder            : loaded 3 times (x 139B)
Class [Lkotlin.annotation.AnnotationTarget;                                           : loaded 3 times (x 69B)
Class jdk.internal.jrtfs.SystemImage$1                                                : loaded 3 times (x 78B)
Class [Lorg.jetbrains.org.objectweb.asm.SymbolTable$Entry;                            : loaded 3 times (x 69B)
Class kotlinx.coroutines.ExecutorCoroutineDispatcher$Key                              : loaded 3 times (x 72B)
Class kotlinx.coroutines.JobSupportKt                                                 : loaded 3 times (x 71B)
Class org.jetbrains.kotlin.metadata.jvm.JvmProtoBuf$JvmMethodSignature$Builder        : loaded 3 times (x 134B)
Class kotlinx.coroutines.DisposableHandle                                             : loaded 3 times (x 70B)
Class [Lkotlin.coroutines.intrinsics.CoroutineSingletons;                             : loaded 3 times (x 69B)
Class kotlinx.coroutines.flow.internal.ChannelFlow$collect$2                          : loaded 3 times (x 95B)
Class kotlinx.coroutines.channels.ProducerScope                                       : loaded 3 times (x 70B)
Class com.google.common.collect.ImmutableCollection$Builder                           : loaded 3 times (x 76B)
Class com.google.common.collect.Iterators$ArrayItr                                    : loaded 3 times (x 97B)
Class org.jetbrains.kotlin.fir.resolve.transformers.FirDummyCompilerLazyDeclarationResolver: loaded 2 times (x 77B)
Class com.android.utils.PositionXmlParser                                             : loaded 2 times (x 71B)
Class org.jetbrains.kotlin.builtins.StandardNames                                     : loaded 2 times (x 71B)
Class org.jetbrains.kotlin.backend.jvm.extensions.ClassGeneratorExtension$Companion   : loaded 2 times (x 72B)
Class org.jetbrains.kotlin.storage.StorageManager                                     : loaded 2 times (x 70B)
Class it.unimi.dsi.fastutil.longs.LongSet                                             : loaded 2 times (x 70B)
Class kotlin.io.path.PathsKt__PathUtilsKt                                             : loaded 2 times (x 71B)
Class kotlin.reflect.jvm.internal.impl.name.StandardClassIds                          : loaded 2 times (x 71B)
Class org.jetbrains.kotlin.fir.java.scopes.FirRenamedForOverrideSymbolsStorage$AccidentalOverrideWithDeclaredFunctionHiddenCopyCreationContext: loaded 2 times (x 72B)
Class org.jetbrains.kotlin.fir.java.FirSyntheticPropertiesStorage                     : loaded 2 times (x 72B)
Class org.jetbrains.kotlin.fir.resolve.providers.impl.BinaryVersionAndPackageFragment$Companion: loaded 2 times (x 71B)
Class org.jetbrains.kotlin.psi.KtFunctionNotStubbed                                   : loaded 2 times (x 1266B)
Class [Lorg.jetbrains.kotlin.psi.KtTypeParameterListOwnerStub;                        : loaded 2 times (x 69B)
Class org.jetbrains.kotlin.fir.backend.Fir2IrReplSnippetConfiguratorExtension         : loaded 2 times (x 76B)
Class it.unimi.dsi.fastutil.objects.ReferenceCollection                               : loaded 2 times (x 70B)
Class com.android.tools.lint.model.DefaultLintModelArtifact                           : loaded 2 times (x 84B)
Class org.jetbrains.kotlin.fir.java.deserialization.OptionalAnnotationClassesProvider$annotationDeserializer$1: loaded 2 times (x 88B)
Class org.jetbrains.kotlin.KtFakeSourceElementKind$ImplicitTypeRef                    : loaded 2 times (x 72B)
Class org.jetbrains.kotlin.fir.declarations.FirDeclarationOrigin$Enhancement          : loaded 2 times (x 72B)
Class org.jetbrains.kotlin.descriptors.DescriptorVisibilities$8                       : loaded 2 times (x 79B)
Class org.jetbrains.kotlin.fir.resolve.transformers.FirSpecificTypeResolverTransformer: loaded 2 times (x 396B)
Class org.jetbrains.kotlin.fir.resolve.transformers.IntegerLiteralAndOperatorApproximationTransformer: loaded 2 times (x 390B)
Class com.google.common.reflect.Types$ParameterizedTypeImpl                           : loaded 2 times (x 81B)
Class com.google.common.collect.ImmutableRangeSet$AsSet                               : loaded 2 times (x 300B)
Class org.jetbrains.kotlin.com.google.common.base.Preconditions                       : loaded 2 times (x 71B)
Class org.apache.commons.io.output.UnsynchronizedByteArrayOutputStream                : loaded 2 times (x 102B)
Class com.google.common.collect.ImmutableListMultimap                                 : loaded 2 times (x 176B)
Class com.google.common.cache.CacheLoader$FunctionToCacheLoader                       : loaded 2 times (x 75B)
Class com.google.wireless.android.sdk.stats.JavaProcessStats$1                        : loaded 2 times (x 151B)
Class com.google.wireless.android.sdk.stats.AndroidStudioEvent$2                      : loaded 2 times (x 151B)
Class com.google.wireless.android.sdk.stats.WearPairingEventOrBuilder                 : loaded 2 times (x 70B)
Class com.google.wireless.android.sdk.stats.DeviceMirroringSessionOrBuilder           : loaded 2 times (x 70B)
Class com.google.wireless.android.sdk.stats.AppInspectionEventOrBuilder               : loaded 2 times (x 70B)
Class com.google.wireless.android.sdk.stats.CreateDiagnosticReportActionOrBuilder     : loaded 2 times (x 70B)
Class com.google.wireless.android.sdk.stats.WearHealthServicesEventOrBuilder          : loaded 2 times (x 70B)
Class com.google.wireless.android.sdk.stats.BuildAttributionUiEventOrBuilder          : loaded 2 times (x 70B)
Class com.google.wireless.android.sdk.stats.StartupEventOrBuilder                     : loaded 2 times (x 70B)
Class com.google.wireless.android.sdk.stats.StudioCrashOrBuilder                      : loaded 2 times (x 70B)
Class com.google.protobuf.UnsafeUtil$MemoryAccessor                                   : loaded 2 times (x 91B)
Class com.google.protobuf.GeneratedMessage$GeneratedExtension                         : loaded 2 times (x 87B)
Class org.jetbrains.kotlin.scripting.definitions.ScriptConfigurationsProvider$Companion: loaded 2 times (x 71B)
Class kotlin.script.experimental.host.ScriptingHostConfigurationKeys                  : loaded 2 times (x 70B)
Class org.jetbrains.kotlin.diagnostics.KtDiagnosticFactory2                           : loaded 2 times (x 72B)
Class org.jetbrains.kotlin.diagnostics.PositioningStrategies                          : loaded 2 times (x 71B)
Class org.jetbrains.kotlin.types.TypeApproximatorConfiguration$FinalApproximationAfterResolutionAndInference: loaded 2 times (x 86B)
Class org.jetbrains.kotlin.fir.types.FirStarProjection                                : loaded 2 times (x 87B)
Class org.jetbrains.kotlin.fir.resolve.transformers.SupertypeComputationSession       : loaded 2 times (x 75B)
Class org.jetbrains.kotlin.fir.declarations.impl.FirPropertyAccessorImpl              : loaded 2 times (x 240B)
Class org.jetbrains.kotlin.fir.declarations.SinceKotlinProvider                       : loaded 2 times (x 73B)
Class org.jetbrains.kotlin.fir.expressions.builder.FirElvisExpressionBuilder          : loaded 2 times (x 84B)
Class com.google.common.collect.ImmutableMapEntry$NonTerminalImmutableBiMapEntry      : loaded 2 times (x 85B)
Class org.jetbrains.kotlin.fir.references.FirControlFlowGraphReference                : loaded 2 times (x 87B)
Class org.jetbrains.kotlin.fir.resolve.calls.stages.ArgumentCheckingProcessor$ArgumentContext: loaded 2 times (x 75B)
Class [Lorg.jetbrains.kotlin.fir.resolve.calls.ConstructorFilter;                     : loaded 2 times (x 69B)
Class org.jetbrains.kotlin.fir.resolve.calls.tower.FirTowerResolveTask$processCandidatesWithGivenImplicitReceiverAsValue$1: loaded 2 times (x 88B)
Class org.jetbrains.kotlin.fir.resolve.calls.ConeResolutionAtomWithSingleChild        : loaded 2 times (x 73B)
Class org.jetbrains.kotlin.fir.resolve.calls.stages.CheckDispatchReceiver             : loaded 2 times (x 72B)
Class org.jetbrains.kotlin.fir.scopes.impl.AbstractFirOverrideScopeKt                 : loaded 2 times (x 71B)
Class org.jetbrains.kotlin.fir.java.enhancement.JavaTypeUtilsKt$WhenMappings          : loaded 2 times (x 71B)
Class org.jetbrains.kotlin.fir.resolve.SupertypeUtilsKt                               : loaded 2 times (x 71B)
Class org.jetbrains.kotlin.load.java.structure.impl.JavaAnnotationImpl                : loaded 2 times (x 99B)
Class org.jetbrains.kotlin.fir.declarations.utils.CompilerPluginMetadata              : loaded 2 times (x 71B)
Class org.jetbrains.kotlin.fir.declarations.impl.FirDefaultPropertyAccessor$Companion : loaded 2 times (x 71B)
Class org.jetbrains.kotlin.fir.declarations.utils.IsFromVarargKey                     : loaded 2 times (x 71B)
Class org.jetbrains.kotlin.fir.resolve.transformers.plugin.FirCompanionGenerationTransformer: loaded 2 times (x 390B)
Class org.jetbrains.kotlin.fir.declarations.FirDeclarationOrigin$Synthetic$DataClassMember: loaded 2 times (x 72B)
Class org.jetbrains.kotlin.fir.resolve.providers.impl.FirBuiltinSymbolProvidersKt     : loaded 2 times (x 71B)
Class org.jetbrains.kotlin.fir.scopes.impl.DefaultImportPriority                      : loaded 2 times (x 80B)
Class org.jetbrains.kotlin.fir.resolve.dfa.StackImpl                                  : loaded 2 times (x 79B)
Class org.jetbrains.kotlin.fir.declarations.FirDeclarationOrigin$ScriptCustomization$Parameter: loaded 2 times (x 72B)
Class org.jetbrains.kotlin.fir.IsJavaNonAbstractSealed                                : loaded 2 times (x 71B)
Class [Lorg.jetbrains.kotlin.util.PhaseSideType;                                      : loaded 2 times (x 69B)
Class org.jetbrains.kotlin.fir.resolve.providers.impl.FirTypeResolverImpl             : loaded 2 times (x 73B)
Class org.jetbrains.kotlin.descriptors.EffectiveVisibility$Public                     : loaded 2 times (x 75B)
Class org.jetbrains.kotlin.diagnostics.rendering.DiagnosticRendererFactory            : loaded 2 times (x 70B)
Class org.jetbrains.kotlin.fir.FirLanguageSettingsComponent                           : loaded 2 times (x 72B)
Class kotlin.uuid.UuidKt__UuidJVMKt                                                   : loaded 2 times (x 71B)
Class org.jetbrains.kotlin.fir.java.declarations.FirJavaField                         : loaded 2 times (x 202B)
Class org.jetbrains.kotlin.fir.resolve.calls.candidate.ImplicitInvokeMode             : loaded 2 times (x 79B)
Class org.jetbrains.kotlin.descriptors.annotations.AnnotationUseSiteTarget            : loaded 2 times (x 79B)
Class org.jetbrains.kotlin.config.LanguageFeature                                     : loaded 2 times (x 80B)
Class kotlin.io.path.PathsKt                                                          : loaded 2 times (x 71B)
Class org.jetbrains.kotlin.fir.types.ConeTypeVariableTypeConstructor                  : loaded 2 times (x 76B)
Class org.jetbrains.kotlin.fir.types.ConeStubTypeConstructor                          : loaded 2 times (x 74B)
Class kotlin.reflect.jvm.internal.impl.name.FqNamesUtilKt                             : loaded 2 times (x 71B)
Class kotlin.reflect.jvm.internal.impl.name.StandardClassIdsKt                        : loaded 2 times (x 71B)
Class org.jetbrains.kotlin.resolve.calls.inference.model.ExpectedTypeConstraintPosition: loaded 2 times (x 72B)
Class org.jetbrains.kotlin.fir.java.declarations.FirJavaTypeParameter$BoundsEnhancementState$NotFinished$FirstRound: loaded 2 times (x 74B)
Class [Lorg.jetbrains.kotlin.psi.KtClassLiteralExpression;                            : loaded 2 times (x 69B)
Class org.jetbrains.kotlin.psi.KtSuperTypeEntry                                       : loaded 2 times (x 443B)
Class org.jetbrains.kotlin.psi.stubs.elements.KtTypeProjectionElementType             : loaded 2 times (x 103B)
Class org.jetbrains.kotlin.psi.KtSimpleNameExpression                                 : loaded 2 times (x 70B)
Class org.jetbrains.kotlin.psi.KtTypeReference                                        : loaded 2 times (x 642B)
Class [Lorg.jetbrains.kotlin.psi.KtImportList;                                        : loaded 2 times (x 69B)
Class org.jetbrains.kotlin.psi.stubs.KotlinClassStub                                  : loaded 2 times (x 70B)
Class org.jetbrains.kotlin.psi.stubs.elements.KtPlaceHolderStubElementType            : loaded 2 times (x 103B)
Class org.jetbrains.kotlin.diagnostics.KtDiagnosticFactory1                           : loaded 2 times (x 72B)
Class org.jetbrains.kotlin.diagnostics.LightTreePositioningStrategies$CALL_ELEMENT_WITH_DOT$1: loaded 2 times (x 74B)
Class org.jetbrains.kotlin.descriptors.DescriptorVisibilities$9                       : loaded 2 times (x 79B)
Class org.jetbrains.kotlin.diagnostics.rendering.BaseDiagnosticRendererFactory        : loaded 2 times (x 76B)
Class com.google.common.reflect.TypeResolver$TypeVariableKey                          : loaded 2 times (x 72B)
Class org.apache.commons.io.output.ByteArrayOutputStream                              : loaded 2 times (x 102B)
Class com.google.common.collect.EmptyImmutableListMultimap                            : loaded 2 times (x 176B)
Class com.google.common.collect.BaseImmutableMultimap                                 : loaded 2 times (x 123B)
Class com.google.protobuf.ByteString$ByteIterator                                     : loaded 2 times (x 70B)
Class com.google.wireless.android.sdk.stats.NonTransitiveRClassMigrationEvent         : loaded 2 times (x 201B)
Class com.google.wireless.android.sdk.stats.MarketingEmailEvent                       : loaded 2 times (x 197B)
Class com.google.wireless.android.sdk.stats.AvdLaunchEvent                            : loaded 2 times (x 197B)
Class com.google.wireless.android.sdk.stats.K2ModeEvent                               : loaded 2 times (x 195B)
Class com.google.wireless.android.sdk.stats.GradleCppSyncStatsOrBuilder               : loaded 2 times (x 70B)
Class com.google.wireless.android.sdk.stats.K2ModeEventOrBuilder                      : loaded 2 times (x 70B)
Class com.google.common.hash.MessageDigestHashFunction$MessageDigestHasher            : loaded 2 times (x 148B)
Class com.google.wireless.android.sdk.stats.AndroidStudioEvent$IdeBrand               : loaded 2 times (x 87B)
Class com.google.gson.stream.JsonWriter                                               : loaded 2 times (x 98B)
Class org.jetbrains.kotlin.fir.extensions.FirScriptResolutionHacksComponentKt         : loaded 2 times (x 71B)
Class org.jetbrains.kotlin.cli.common.arguments.PreprocessCommandLineArgumentsKt      : loaded 2 times (x 71B)
Class org.jetbrains.kotlin.fir.types.EraseUpperBoundMode                              : loaded 2 times (x 79B)
Class org.jetbrains.kotlin.diagnostics.KtDiagnosticFactory3                           : loaded 2 times (x 72B)
Class org.jetbrains.kotlin.utils.Printer$Companion                                    : loaded 2 times (x 71B)
Class [Lorg.jetbrains.kotlin.fir.resolve.ResolutionMode$ArrayLiteralPosition;         : loaded 2 times (x 69B)
Class kotlin.script.experimental.util.PropertiesCollection$Key                        : loaded 2 times (x 72B)
Class org.jetbrains.kotlin.fir.expressions.FirWhenBranch                              : loaded 2 times (x 93B)
Class org.jetbrains.kotlin.resolve.calls.NewCommonSuperTypeCalculator                 : loaded 2 times (x 71B)
Class org.jetbrains.kotlin.fir.types.ConeKotlinTypeConflictingProjection              : loaded 2 times (x 74B)
Class org.jetbrains.kotlin.resolve.ForbiddenNamedArgumentsTarget                      : loaded 2 times (x 79B)
Class org.jetbrains.kotlin.fir.resolve.calls.AbstractCallCandidate                    : loaded 2 times (x 84B)
Class org.jetbrains.kotlin.fir.resolve.calls.tower.ProcessResult                      : loaded 2 times (x 79B)
Class org.jetbrains.kotlin.fir.resolve.dfa.cfg.PropertyInitializerEnterNode           : loaded 2 times (x 84B)
Class org.jetbrains.kotlin.fir.resolve.transformers.FirStatusResolveTransformer       : loaded 2 times (x 418B)
Class org.jetbrains.kotlin.serialization.deserialization.ClassData                    : loaded 2 times (x 72B)
Class org.jetbrains.kotlin.fir.resolve.providers.impl.FirTypeCandidateCollector$TypeResolutionResult: loaded 2 times (x 71B)
Class org.jetbrains.kotlin.fir.symbols.impl.FirPropertyAccessorSymbol                 : loaded 2 times (x 80B)
Class org.jetbrains.kotlin.descriptors.EffectiveVisibility$Permissiveness             : loaded 2 times (x 79B)
Class org.jetbrains.kotlin.resolve.ReturnValueStatus                                  : loaded 2 times (x 79B)
Class kotlin.script.experimental.api.ScriptEvaluationKt                               : loaded 2 times (x 71B)
Class org.jetbrains.kotlin.fir.resolve.calls.candidate.CandidateCollector             : loaded 2 times (x 74B)
Class org.jetbrains.kotlin.load.java.structure.impl.source.JavaElementPsiSource       : loaded 2 times (x 73B)
Class org.jetbrains.kotlin.load.java.structure.impl.JavaElementImpl                   : loaded 2 times (x 85B)
Class org.jetbrains.kotlin.cli.jvm.compiler.KotlinCliJavaFileManagerImpl$WhenMappings : loaded 2 times (x 71B)
Class com.google.protobuf.AbstractParser                                              : loaded 2 times (x 150B)
Class org.jetbrains.kotlin.fir.resolve.providers.impl.FirSyntheticFunctionInterfaceProviderBase$cache$1: loaded 2 times (x 125B)
Class org.jetbrains.kotlin.fir.types.FirMissingDependencyStorage                      : loaded 2 times (x 72B)
Class com.google.common.hash.Hashing$Sha256Holder                                     : loaded 2 times (x 71B)
Class com.google.wireless.android.sdk.stats.AndroidStudioEvent$1                      : loaded 2 times (x 76B)
Class com.google.wireless.android.sdk.stats.SdkIndexProjectStats                      : loaded 2 times (x 207B)
Class org.jetbrains.kotlin.psi.psiUtil.PsiUtilsKt$siblings$1$iterator$1               : loaded 2 times (x 79B)
Class com.google.wireless.android.sdk.stats.GradleJdkConfigurationEvent               : loaded 2 times (x 195B)
Class com.google.wireless.android.sdk.stats.PlayPolicyInsightsUsageEvent              : loaded 2 times (x 202B)
Class org.jetbrains.kotlin.resolve.CommonCompilerDeserializationConfiguration         : loaded 2 times (x 85B)
Class org.jetbrains.kotlin.cli.jvm.index.JvmDependenciesIndex                         : loaded 2 times (x 70B)
Class org.jetbrains.kotlin.serialization.deserialization.KotlinMetadataFinder         : loaded 2 times (x 70B)
Class org.jetbrains.kotlin.storage.CacheWithNotNullValues                             : loaded 2 times (x 70B)
Class kotlin.time.TimeSource$WithComparableMarks                                      : loaded 2 times (x 70B)
Class [Lorg.jetbrains.kotlin.lexer.KtKeywordToken;                                    : loaded 2 times (x 69B)
Class org.gradle.internal.classloader.InstrumentingClassLoader                        : loaded 2 times (x 70B)
Class org.gradle.internal.classpath.TransformedClassPath                              : loaded 2 times (x 96B)
Class com.google.common.cache.CacheBuilder$NullListener                               : loaded 2 times (x 82B)
Class kotlinx.coroutines.internal.ThreadState                                         : loaded 2 times (x 72B)
Class com.google.common.collect.MapMaker$Dummy                                        : loaded 2 times (x 79B)
Class org.jetbrains.kotlin.config.LanguageOrApiVersion                                : loaded 2 times (x 70B)
Class it.unimi.dsi.fastutil.ints.IntCollection                                        : loaded 2 times (x 70B)
Class com.google.common.base.Splitter$5                                               : loaded 2 times (x 80B)
Class com.google.common.reflect.Invokable                                             : loaded 2 times (x 103B)
Class [Lorg.jetbrains.kotlin.com.intellij.openapi.diagnostic.LogLevel;                : loaded 2 times (x 69B)
Class org.jetbrains.org.objectweb.asm.tree.LabelNode                                  : loaded 2 times (x 80B)
Class org.jetbrains.kotlin.build.report.metrics.GradleBuildTime                       : loaded 2 times (x 86B)
Class kotlinx.coroutines.BuildersKt__BuildersKt                                       : loaded 2 times (x 71B)
Class org.gradle.internal.service.ServiceLocator                                      : loaded 2 times (x 70B)
Class com.google.wireless.android.sdk.stats.UIActionStats                             : loaded 2 times (x 208B)
Class com.google.wireless.android.sdk.stats.AssetStudioWizardEvent                    : loaded 2 times (x 197B)
Class com.google.wireless.android.sdk.stats.SafeModeStatsEventOrBuilder               : loaded 2 times (x 70B)
Class org.jetbrains.kotlin.diagnostics.KtDiagnosticFactory4                           : loaded 2 times (x 72B)
Class org.jetbrains.kotlin.diagnostics.PositioningStrategies$NAME_IDENTIFIER$1        : loaded 2 times (x 74B)
Class org.jetbrains.kotlin.fir.renderer.FirResolvedQualifierRenderer                  : loaded 2 times (x 73B)
Class org.jetbrains.kotlin.fir.scopes.CallableCopyTypeCalculatorKt                    : loaded 2 times (x 71B)
Class org.jetbrains.kotlin.fir.resolve.dfa.cfg.ElvisLhsIsNotNullNode                  : loaded 2 times (x 82B)
Class org.jetbrains.kotlin.fir.resolve.dfa.PersistentTypeStatement                    : loaded 2 times (x 75B)
Class org.jetbrains.kotlin.fir.expressions.ExhaustivenessStatus$ProperlyExhaustive    : loaded 2 times (x 71B)
Class org.jetbrains.kotlin.diagnostics.WhenMissingCase                                : loaded 2 times (x 72B)
Class org.jetbrains.kotlin.fir.visitors.TransformData                                 : loaded 2 times (x 71B)
Class org.jetbrains.kotlin.fir.resolve.QualifierResolutionResult                      : loaded 2 times (x 72B)
Class org.jetbrains.kotlin.fir.resolve.calls.tower.DispatchReceiverMemberScopeTowerLevel$processMembers$$inlined$processCandidates$1: loaded 2 times (x 75B)
Class org.jetbrains.kotlin.fir.references.impl.FirImplicitThisReference               : loaded 2 times (x 94B)
Class org.jetbrains.kotlin.fir.symbols.impl.FirIntersectionCallableSymbol             : loaded 2 times (x 70B)
Class jdk.internal.jimage.ImageReader$LinkNode                                        : loaded 2 times (x 84B)
Class org.jetbrains.kotlin.fir.resolve.dfa.cfg.ExitNodeMarker                         : loaded 2 times (x 70B)
Class org.jetbrains.kotlin.fir.resolve.dfa.cfg.ControlFlowGraphBuilder                : loaded 2 times (x 72B)
Class org.jetbrains.kotlin.fir.EffectiveVisibilityUtilsKt                             : loaded 2 times (x 71B)
Class org.jetbrains.kotlin.fir.declarations.FirResolvePhase$Companion                 : loaded 2 times (x 71B)
Class org.jetbrains.kotlin.types.model.TypeSystemInferenceExtensionContext            : loaded 2 times (x 70B)
Class org.jetbrains.kotlin.fir.FirVisibilityChecker$Default                           : loaded 2 times (x 73B)
Class org.jetbrains.kotlin.fir.types.ConeClassLikeLookupTag                           : loaded 2 times (x 75B)
Class org.jetbrains.kotlin.descriptors.DescriptorVisibilities$7                       : loaded 2 times (x 79B)
Class com.android.utils.Pair                                                          : loaded 2 times (x 72B)
Class org.jetbrains.kotlin.psi.KtTypeParameter                                        : loaded 2 times (x 913B)
Class org.jetbrains.kotlin.psi.KtDeclarationModifierList                              : loaded 2 times (x 512B)
Class org.jetbrains.kotlin.psi.KtCommonFile                                           : loaded 2 times (x 873B)
Class [Lorg.jetbrains.kotlin.psi.KtModifierList;                                      : loaded 2 times (x 69B)
Class org.jetbrains.kotlin.psi.stubs.KotlinValueArgumentStub                          : loaded 2 times (x 70B)
Class kotlinx.coroutines.internal.ThreadContext_commonKt                              : loaded 2 times (x 71B)
Class org.jetbrains.kotlin.psi.KtScript                                               : loaded 2 times (x 915B)
Class org.jetbrains.kotlin.psi.stubs.elements.KtClassLiteralExpressionElementType     : loaded 2 times (x 100B)
Class org.jetbrains.kotlin.psi.KtSuperTypeListEntry                                   : loaded 2 times (x 443B)
Class [Lorg.jetbrains.kotlin.psi.KtContractEffectList;                                : loaded 2 times (x 69B)
Class [Lorg.jetbrains.kotlin.psi.KtReferenceExpression;                               : loaded 2 times (x 69B)
Class org.jetbrains.kotlin.psi.KtParameterList                                        : loaded 2 times (x 452B)
Class kotlin.reflect.jvm.internal.impl.builtins.functions.FunctionTypeKind            : loaded 2 times (x 72B)
Class com.android.tools.lint.model.LintModelModuleType                                : loaded 2 times (x 79B)
Class org.jetbrains.kotlin.resolve.jvm.modules.JavaModule$Root                        : loaded 2 times (x 72B)
Class org.jetbrains.kotlin.config.LanguageFeatureBehaviorAfterSinceVersion            : loaded 2 times (x 71B)
Class jdk.internal.jrtfs.JrtFileSystem$1                                              : loaded 2 times (x 107B)
Class [Lorg.jetbrains.kotlin.config.LanguageFeature;                                  : loaded 2 times (x 69B)
Class org.apache.commons.io.FileExistsException                                       : loaded 2 times (x 82B)
Class com.google.common.base.Ascii                                                    : loaded 2 times (x 71B)
Class com.google.common.cache.LocalCache$1                                            : loaded 2 times (x 89B)
Class org.jetbrains.kotlin.lang.BinaryOperationPrecedence$Companion                   : loaded 2 times (x 71B)
Class com.android.ide.common.resources.configuration.CountryCodeQualifier             : loaded 2 times (x 88B)
Class com.google.protobuf.CodedOutputStream$AbstractBufferedEncoder                   : loaded 2 times (x 110B)
Class com.google.wireless.android.sdk.stats.DeviceScreenshotEvent                     : loaded 2 times (x 197B)
Class com.google.wireless.android.sdk.stats.FastPreviewEvent                          : loaded 2 times (x 199B)
Class com.google.wireless.android.sdk.stats.FileType                                  : loaded 2 times (x 202B)
Class com.google.wireless.android.sdk.stats.EssentialsModeEventOrBuilder              : loaded 2 times (x 70B)
Class com.google.wireless.android.sdk.stats.HeapReportEventOrBuilder                  : loaded 2 times (x 70B)
Class com.google.wireless.android.sdk.stats.AutoImportEventOrBuilder                  : loaded 2 times (x 70B)
Class org.jetbrains.kotlin.fir.types.ConeLookupTagBasedType                           : loaded 2 times (x 81B)
Class com.google.protobuf.UnsafeUtil$1                                                : loaded 2 times (x 76B)
Class org.jetbrains.kotlin.fir.extensions.FirScriptResolutionConfigurationExtensionKt : loaded 2 times (x 71B)
Class org.jetbrains.kotlin.fir.types.ConeTypeProjection$Companion                     : loaded 2 times (x 71B)
Class org.jetbrains.kotlin.fir.analysis.checkers.declaration.DeclarationUtilsKt       : loaded 2 times (x 71B)
Class org.jetbrains.kotlin.types.ConstantValueKind$UnsignedLong                       : loaded 2 times (x 72B)
Class org.jetbrains.kotlin.fir.declarations.EnumValueArgumentInfo                     : loaded 2 times (x 72B)
Class org.jetbrains.kotlin.types.TypeApproximatorConfiguration$IntersectionStrategy   : loaded 2 times (x 79B)
Class org.jetbrains.kotlin.fir.expressions.FirResolvedQualifier                       : loaded 2 times (x 134B)
Class org.jetbrains.kotlin.fir.resolve.calls.ArgumentUtilsKt                          : loaded 2 times (x 71B)
Class org.jetbrains.kotlin.resolve.calls.inference.model.MutableConstraintStorage     : loaded 2 times (x 89B)
Class org.jetbrains.kotlin.fir.expressions.builder.FirAbstractFunctionCallBuilder     : loaded 2 times (x 70B)
Class org.jetbrains.kotlin.fir.resolve.calls.ImplicitValue$originalExpression$2       : loaded 2 times (x 125B)
Class org.jetbrains.kotlin.fir.java.declarations.FirJavaMethodBuilder                 : loaded 2 times (x 124B)
Class org.jetbrains.kotlin.fir.types.ArrayUtilsKt                                     : loaded 2 times (x 71B)
Class org.jetbrains.kotlin.types.model.DefinitelyNotNullTypeMarker                    : loaded 2 times (x 70B)
Class org.jetbrains.kotlin.fir.UtilsKt                                                : loaded 2 times (x 71B)
Class org.jetbrains.kotlin.descriptors.EffectiveVisibility                            : loaded 2 times (x 75B)
Class org.jetbrains.kotlin.fir.declarations.impl.FirDeclarationStatusImpl             : loaded 2 times (x 168B)
Class org.jetbrains.kotlin.fir.declarations.FirDeclarationStatus                      : loaded 2 times (x 70B)
Class org.jetbrains.kotlin.name.JvmStandardClassIds$Annotations$Java                  : loaded 2 times (x 71B)
Class org.jetbrains.kotlin.fir.analysis.checkers.FirPrimaryConstructorSuperTypeCheckerPlatformComponent$Default: loaded 2 times (x 72B)
Class org.jetbrains.kotlin.fir.resolve.inference.FirInferenceLoggerKt                 : loaded 2 times (x 71B)
Class org.jetbrains.kotlin.types.model.TypeCheckerProviderContext                     : loaded 2 times (x 70B)
Class org.jetbrains.kotlin.fir.types.impl.FirImplicitNumberTypeRef                    : loaded 2 times (x 109B)
Class com.android.ide.common.rendering.api.StyleItemResourceValue                     : loaded 2 times (x 70B)
Class org.jetbrains.kotlin.fir.analysis.FirOverridesBackwardCompatibilityHelper       : loaded 2 times (x 74B)
Class org.jetbrains.kotlin.metadata.deserialization.NameResolverImpl                  : loaded 2 times (x 77B)
Class org.jetbrains.kotlin.storage.EmptySimpleLock                                    : loaded 2 times (x 75B)
Class org.jetbrains.kotlin.types.TypeSystemCommonBackendContext                       : loaded 2 times (x 70B)
Class org.jetbrains.kotlin.fir.declarations.FirAnnotationsPlatformSpecificSupportComponent: loaded 2 times (x 78B)
Class org.jetbrains.kotlin.fir.java.JvmSupertypeUpdater                               : loaded 2 times (x 73B)
Class com.google.common.collect.MapMakerInternalMap$WeakKeyStrongValueEntry$Helper    : loaded 2 times (x 79B)
Class org.jetbrains.kotlin.psi.KtReturnExpression                                     : loaded 2 times (x 439B)
Class org.jetbrains.kotlin.psi.KtConstructorCalleeExpression                          : loaded 2 times (x 505B)
Class [Lorg.jetbrains.kotlin.name.FqName;                                             : loaded 2 times (x 69B)
Class org.jetbrains.kotlin.fir.declarations.FirDeclarationOrigin$SamConstructor       : loaded 2 times (x 72B)
Class com.android.tools.lint.model.LintModelDependency                                : loaded 2 times (x 70B)
Class org.jetbrains.kotlin.fir.resolve.transformers.plugin.FirCompilerRequiredAnnotationsResolveTransformer: loaded 2 times (x 400B)
Class [Lorg.jetbrains.org.objectweb.asm.tree.AbstractInsnNode;                        : loaded 2 times (x 69B)
Class kotlin.internal.jdk7.JDK7PlatformImplementations                                : loaded 2 times (x 76B)
Class com.google.common.reflect.TypeToken$SimpleTypeToken                             : loaded 2 times (x 73B)
Class com.google.common.collect.MapMakerInternalMap$AbstractStrongKeyEntry            : loaded 2 times (x 80B)
Class com.google.common.collect.ImmutableList$Builder                                 : loaded 2 times (x 77B)
Class com.google.common.cache.LocalCache$2                                            : loaded 2 times (x 142B)
Class com.google.protobuf.CodedOutputStream                                           : loaded 2 times (x 109B)
Class com.google.wireless.android.play.playlog.proto.ClientAnalytics$LogEvent$Builder : loaded 2 times (x 298B)
Class com.google.wireless.android.sdk.stats.SmlChatBotEventOrBuilder                  : loaded 2 times (x 70B)
Class com.google.wireless.android.sdk.stats.EmulatorDetailsOrBuilder                  : loaded 2 times (x 70B)
Class com.android.utils.DateProvider$1                                                : loaded 2 times (x 75B)
Class org.jetbrains.kotlin.diagnostics.PsiPositioningStrategies                       : loaded 2 times (x 71B)
Class org.jetbrains.kotlin.diagnostics.LightTreePositioningStrategies$ModifierSetBasedLightTreePositioningStrategy: loaded 2 times (x 75B)
Class org.jetbrains.kotlin.diagnostics.LightTreePositioningStrategies$CALLABLE_DECLARATION_SIGNATURE_NO_MODIFIERS$1: loaded 2 times (x 74B)
Class org.jetbrains.kotlin.fir.types.AbbreviatedTypeAttributeKt                       : loaded 2 times (x 71B)
Class org.jetbrains.kotlin.fir.resolve.ResolutionMode$WithStatus                      : loaded 2 times (x 72B)
Class org.jetbrains.kotlin.KtFakeSourceElementKind$DesugaredIncrementOrDecrement      : loaded 2 times (x 72B)
Class org.jetbrains.kotlin.fir.resolve.substitution.ConeTypeSubstitutorByTypeConstructor: loaded 2 times (x 77B)
Class org.jetbrains.kotlin.fir.resolve.calls.tower.TowerResolveManager$requestGroup$1 : loaded 2 times (x 88B)
Class org.jetbrains.kotlin.fir.resolve.dfa.cfg.MergePostponedLambdaExitsNode          : loaded 2 times (x 82B)
Class org.jetbrains.kotlin.descriptors.EffectiveVisibility$PackagePrivate             : loaded 2 times (x 75B)
Class org.jetbrains.kotlin.load.java.typeEnhancement.PredefinedFunctionEnhancementInfo: loaded 2 times (x 72B)
Class org.jetbrains.kotlin.fir.scopes.PlatformSpecificOverridabilityRulesKt           : loaded 2 times (x 71B)
Class [Lorg.jetbrains.kotlin.fir.types.impl.ConeClassLikeTypeImpl;                    : loaded 2 times (x 69B)
Class org.jetbrains.kotlin.load.java.JavaDefaultQualifiers                            : loaded 2 times (x 72B)
Class it.unimi.dsi.fastutil.objects.Object2IntFunction                                : loaded 2 times (x 70B)
Class org.jetbrains.kotlin.fir.resolve.inference.FirInferenceSession                  : loaded 2 times (x 80B)
Class org.jetbrains.kotlin.fir.scopes.impl.FirAbstractStarImportingScope              : loaded 2 times (x 85B)
Class org.jetbrains.kotlin.fir.resolve.dfa.cfg.ElvisRhsEnterNode                      : loaded 2 times (x 82B)
Class org.jetbrains.kotlin.fir.IsForLoopParameterProperty                             : loaded 2 times (x 71B)
Class [Lorg.jetbrains.kotlin.fir.diagnostics.DiagnosticKind;                          : loaded 2 times (x 69B)
Class org.jetbrains.kotlin.fir.analysis.jvm.checkers.FirJavaNullabilityWarningUpperBoundsProvider: loaded 2 times (x 77B)
Class org.jetbrains.kotlin.load.java.Jsr305Settings                                   : loaded 2 times (x 72B)
Class org.jetbrains.kotlin.fir.scopes.impl.FirTypealiasConstructorStorage             : loaded 2 times (x 72B)
Class kotlin.uuid.Uuid                                                                : loaded 2 times (x 74B)
Class org.jetbrains.kotlin.fir.FirSession$Companion                                   : loaded 2 times (x 73B)
Class [Lorg.jetbrains.kotlin.fir.types.ConeTypeProjection;                            : loaded 2 times (x 69B)
Class com.android.resources.Navigation                                                : loaded 2 times (x 86B)
Class com.android.ide.common.rendering.api.PluralsResourceValue                       : loaded 2 times (x 70B)
Class com.android.ide.common.resources.DataItem                                       : loaded 2 times (x 90B)
Class [Lcom.android.resources.Density;                                                : loaded 2 times (x 69B)
Class [Lcom.android.resources.ResourceType$Kind;                                      : loaded 2 times (x 69B)
Class com.google.common.hash.AbstractHashFunction                                     : loaded 2 times (x 95B)
Class org.jetbrains.kotlin.psi.KtPsiUtil$1                                            : loaded 2 times (x 311B)
Class org.jetbrains.kotlin.serialization.DescriptorSerializerPlugin$Companion         : loaded 2 times (x 72B)
Class it.unimi.dsi.fastutil.ints.IntSpliterator                                       : loaded 2 times (x 70B)
Class kotlin.reflect.jvm.internal.impl.utils.CollectionsKt                            : loaded 2 times (x 71B)
Class kotlin.reflect.jvm.internal.CacheByClass                                        : loaded 2 times (x 73B)
Class org.jetbrains.kotlin.fir.resolve.transformers.FirSyntheticCallGenerator         : loaded 2 times (x 72B)
Class org.jetbrains.kotlin.fir.resolve.transformers.body.resolve.FirPartialBodyResolveTransformer: loaded 2 times (x 404B)
Class org.jetbrains.kotlin.psi.KtTypeArgumentList                                     : loaded 2 times (x 444B)
Class org.jetbrains.kotlin.psi.KtEnumEntrySuperclassReferenceExpression               : loaded 2 times (x 630B)
Class [Lorg.jetbrains.kotlin.psi.KtTypeConstraint;                                    : loaded 2 times (x 69B)
Class org.jetbrains.kotlin.fir.resolve.calls.tower.TowerGroupKind$QualifierValue      : loaded 2 times (x 76B)
Class org.jetbrains.kotlin.config.MavenComparableVersion$IntegerItem                  : loaded 2 times (x 80B)
Class it.unimi.dsi.fastutil.objects.Object2ObjectFunction                             : loaded 2 times (x 70B)
Class org.jetbrains.kotlin.fir.declarations.ImplicitReceiverUtilsKt                   : loaded 2 times (x 71B)
Class org.jetbrains.kotlin.fir.symbols.impl.FirErrorPropertySymbol                    : loaded 2 times (x 82B)
Class org.jetbrains.kotlin.fir.symbols.impl.FirAnonymousFunctionSymbol                : loaded 2 times (x 79B)
Class [Lorg.jetbrains.kotlin.serialization.deserialization.descriptors.DeserializedContainerAbiStability;: loaded 2 times (x 69B)
Class com.google.common.collect.ImmutableRangeSet$1                                   : loaded 2 times (x 210B)
Class com.google.wireless.android.sdk.stats.GcPauseEvent                              : loaded 2 times (x 201B)
Class com.google.wireless.android.sdk.stats.DeviceMirroringAbnormalAgentTerminationOrBuilder: loaded 2 times (x 70B)
Class com.google.wireless.android.sdk.stats.MarketingEmailEventOrBuilder              : loaded 2 times (x 70B)
Class com.google.wireless.android.sdk.stats.ModelProviderEventOrBuilder               : loaded 2 times (x 70B)
Class com.google.wireless.android.sdk.stats.SmlCompletionEventOrBuilder               : loaded 2 times (x 70B)
Class com.google.wireless.android.sdk.stats.AppLinksAssistantEventOrBuilder           : loaded 2 times (x 70B)
Class com.google.protobuf.Descriptors$FieldDescriptor                                 : loaded 2 times (x 88B)
Class org.jetbrains.kotlin.fir.declarations.impl.FirTypeParameterImpl                 : loaded 2 times (x 123B)
Class org.jetbrains.kotlin.diagnostics.KtDiagnosticFactoryToRendererMapKt             : loaded 2 times (x 71B)
Class org.jetbrains.kotlin.diagnostics.PositioningStrategies$LABEL$1                  : loaded 2 times (x 74B)
Class org.jetbrains.kotlin.diagnostics.LightTreePositioningStrategies$WHEN_GUARD$1    : loaded 2 times (x 74B)
Class org.jetbrains.kotlin.fir.resolve.SupertypeUtilsKt$WhenMappings                  : loaded 2 times (x 71B)
Class org.jetbrains.kotlin.fir.symbols.impl.FirLocalPropertySymbol                    : loaded 2 times (x 82B)
Class org.jetbrains.kotlin.fir.resolve.transformers.FirCallCompletionResultsWriterTransformer$Mode: loaded 2 times (x 79B)
Class org.jetbrains.kotlin.fir.resolve.calls.stages.TypeVariablesInExplicitReceivers  : loaded 2 times (x 72B)
Class org.jetbrains.kotlin.fir.resolve.calls.stages.CheckCallModifiers                : loaded 2 times (x 72B)
Class org.jetbrains.kotlin.fir.resolve.calls.stages.DiscriminateSyntheticAndForbiddenProperties: loaded 2 times (x 72B)
Class org.jetbrains.kotlin.codegen.signature.JvmSignatureWriter                       : loaded 2 times (x 105B)
Class org.jetbrains.kotlin.fir.types.ParameterNameTypeAttributeKt                     : loaded 2 times (x 71B)
Class org.jetbrains.kotlin.fir.declarations.builder.FirConstructorBuilder             : loaded 2 times (x 197B)
Class org.jetbrains.kotlin.fir.resolve.dfa.cfg.CFGNodeWithSubgraphs                   : loaded 2 times (x 83B)
Class org.jetbrains.kotlin.fir.scopes.CallableCopyTypeCalculator$CalculateDeferredWhenPossible: loaded 2 times (x 74B)
Class org.jetbrains.kotlin.load.kotlin.VirtualFileFinder$SERVICE                      : loaded 2 times (x 71B)
Class org.jetbrains.kotlin.fir.analysis.diagnostics.FirComposedDiagnosticRendererFactoryKt: loaded 2 times (x 71B)
Class org.jetbrains.kotlin.fir.java.ValueParametersForAnnotationConstructor           : loaded 2 times (x 72B)
Class org.jetbrains.kotlin.fir.builder.FirReplSnippetConfiguratorExtension            : loaded 2 times (x 78B)
Class org.jetbrains.kotlin.fir.session.FirSessionConfigurator                         : loaded 2 times (x 72B)
Class org.jetbrains.kotlin.fir.FirModuleVisibilityChecker                             : loaded 2 times (x 72B)
Class org.jetbrains.kotlin.fir.scopes.ProcessorAction                                 : loaded 2 times (x 79B)
Class org.jetbrains.kotlin.fir.expressions.FirAbstractArgumentList                    : loaded 2 times (x 89B)
Class [Lcom.android.resources.ScreenRatio;                                            : loaded 2 times (x 69B)
Class org.jetbrains.kotlin.fir.resolve.calls.FirReceiversKt                           : loaded 2 times (x 71B)
Class org.jetbrains.kotlin.psi.KtPsiUtil$2                                            : loaded 2 times (x 311B)
Class org.jetbrains.kotlin.parsing.KotlinExpressionParsing                            : loaded 2 times (x 112B)
Class org.jetbrains.kotlin.fir.resolve.calls.tower.FirInvokeResolveTowerExtension$enqueueResolveTasksForExpressionReceiver$$inlined$enqueueResolveForExplicitReceiver$1: loaded 2 times (x 95B)
Class org.jetbrains.kotlin.fir.resolve.CallableIdUtilsKt                              : loaded 2 times (x 71B)
Class [Lorg.jetbrains.kotlin.fir.scopes.jvm.JvmMappedScope$JDKMemberStatus;           : loaded 2 times (x 69B)
Class org.jetbrains.kotlin.resolve.calls.inference.model.NewConstraintError           : loaded 2 times (x 77B)
Class org.jetbrains.kotlin.fir.resolve.dfa.Operation$WhenMappings                     : loaded 2 times (x 71B)
Class org.jetbrains.kotlin.psi.KtFunctionType                                         : loaded 2 times (x 512B)
Class org.jetbrains.kotlin.psi.KtConstructor                                          : loaded 2 times (x 1344B)
Class org.jetbrains.kotlin.config.CompilerConfiguration                               : loaded 2 times (x 88B)
Class org.jetbrains.kotlin.fir.declarations.FirDeclarationOrigin$Plugin               : loaded 2 times (x 72B)
Class com.android.io.CancellableFileIo                                                : loaded 2 times (x 71B)
Class org.jetbrains.org.objectweb.asm.tree.InsnList                                   : loaded 2 times (x 103B)
Class com.google.common.base.Optional                                                 : loaded 2 times (x 80B)
Class com.google.common.util.concurrent.AbstractFuture$Trusted                        : loaded 2 times (x 70B)
Class com.google.protobuf.CodedOutputStream$OutOfSpaceException                       : loaded 2 times (x 82B)
Class com.android.tools.analytics.StubbableLazy                                       : loaded 2 times (x 76B)
Class com.google.wireless.android.sdk.stats.StartupEvent                              : loaded 2 times (x 197B)
Class com.google.wireless.android.sdk.stats.GradleFailureDetailsOrBuilder             : loaded 2 times (x 70B)
Class com.google.wireless.android.sdk.stats.SystemHealthEventOrBuilder                : loaded 2 times (x 70B)
Class com.google.wireless.android.sdk.stats.WearTileAnimationToolingEventOrBuilder    : loaded 2 times (x 70B)
Class com.google.wireless.android.sdk.stats.UpgradeAssistantComponentEventOrBuilder   : loaded 2 times (x 70B)
Class com.google.wireless.android.sdk.stats.AdbServerStateOrBuilder                   : loaded 2 times (x 70B)
Class com.google.protobuf.Internal$EnumLite                                           : loaded 2 times (x 70B)
Class org.jetbrains.kotlin.diagnostics.PositioningStrategies$CALL_ELEMENT$1           : loaded 2 times (x 74B)
Class org.jetbrains.kotlin.codegen.signature.BothSignatureWriter$1                    : loaded 2 times (x 71B)
Class org.jetbrains.kotlin.resolve.calls.inference.model.ConstraintStorageKt          : loaded 2 times (x 71B)
Class org.jetbrains.kotlin.fir.resolve.dfa.cfg.WhenSyntheticElseBranchNode            : loaded 2 times (x 82B)
Class org.jetbrains.kotlin.fir.scopes.impl.FirActualizingScope                        : loaded 2 times (x 79B)
Class org.jetbrains.kotlin.utils.DFS$AbstractNodeHandler                              : loaded 2 times (x 79B)
Class org.jetbrains.kotlin.fir.resolve.dfa.cfg.FunctionCallExitNode                   : loaded 2 times (x 82B)
Class org.jetbrains.kotlin.fir.resolve.calls.ResolvedCallArgument$SimpleArgument      : loaded 2 times (x 73B)
Class org.jetbrains.kotlin.fir.references.FirErrorNamedReference                      : loaded 2 times (x 97B)
Class org.jetbrains.kotlin.fir.resolve.transformers.body.resolve.ImplicitBodyResolveComputationStatus$Computed: loaded 2 times (x 72B)
Class org.jetbrains.kotlin.fir.declarations.CheckResult$IllegalFunctionName           : loaded 2 times (x 71B)
Class org.jetbrains.kotlin.fir.java.enhancement.FirSignatureEnhancement$enhance$6     : loaded 2 times (x 125B)
Class org.jetbrains.kotlin.fir.declarations.impl.FirBackingFieldImpl                  : loaded 2 times (x 221B)
Class org.jetbrains.kotlin.fir.deserialization.FirMemberDeserializer                  : loaded 2 times (x 72B)
Class org.jetbrains.kotlin.diagnostics.LightTreePositioningStrategies$DECLARATION_SIGNATURE_OR_DEFAULT$1: loaded 2 times (x 74B)
Class org.jetbrains.kotlin.fir.symbols.impl.FirRegularPropertySymbol                  : loaded 2 times (x 82B)
Class org.jetbrains.kotlin.fir.extensions.FirAssignExpressionAltererExtensionKt       : loaded 2 times (x 71B)
Class org.jetbrains.kotlin.fir.resolve.transformers.PackageAndClass                   : loaded 2 times (x 72B)
Class org.jetbrains.kotlin.fir.resolve.transformers.FirAbstractPhaseTransformer       : loaded 2 times (x 395B)
Class org.jetbrains.kotlin.diagnostics.LightTreePositioningStrategies$PROPERTY_DELEGATE$1: loaded 2 times (x 74B)
Class org.jetbrains.kotlin.fir.analysis.checkers.FirInlineCheckerPlatformSpecificComponent: loaded 2 times (x 74B)
Class org.jetbrains.kotlin.fir.resolve.transformers.PlatformSupertypeUpdater          : loaded 2 times (x 72B)
Class org.jetbrains.kotlin.load.java.AnnotationQualifierApplicabilityType             : loaded 2 times (x 79B)
Class com.android.resources.Density                                                   : loaded 2 times (x 92B)
Class org.jetbrains.kotlin.asJava.KotlinAsJavaSupport                                 : loaded 2 times (x 89B)
Class org.jetbrains.kotlin.metadata.jvm.JvmModuleProtoBuf$ModuleOrBuilder             : loaded 2 times (x 70B)
Class org.jetbrains.kotlin.diagnostics.LightTreePositioningStrategies$ANNOTATION_USE_SITE$1: loaded 2 times (x 74B)
Class org.jetbrains.kotlin.diagnostics.PositioningStrategies$PARAMETER_VARARG_MODIFIER$1: loaded 2 times (x 74B)
Class kotlin.reflect.jvm.internal.impl.builtins.functions.FunctionTypeKind$SuspendFunction: loaded 2 times (x 72B)
Class kotlin.jvm.internal.PropertyReference2Impl                                      : loaded 2 times (x 127B)
Class org.jetbrains.kotlin.cli.jvm.compiler.MockInferredAnnotationsManager            : loaded 2 times (x 74B)
Class org.jetbrains.kotlin.diagnostics.PositioningStrategies$FUN_INTERFACE$1          : loaded 2 times (x 74B)
Class org.jetbrains.kotlin.diagnostics.KtDiagnosticFactory0                           : loaded 2 times (x 72B)
Class org.jetbrains.kotlin.fir.extensions.FirExtensionSessionComponent$Companion      : loaded 2 times (x 71B)
Class kotlin.script.experimental.jvm.JvmScriptingHostConfigurationKeys                : loaded 2 times (x 70B)
Class org.jetbrains.kotlin.psi.KtWhenConditionInRange                                 : loaded 2 times (x 378B)
Class org.jetbrains.kotlin.psi.KtContainerNode                                        : loaded 2 times (x 375B)
Class org.jetbrains.kotlin.psi.KtExpressionCodeFragmentType                           : loaded 2 times (x 84B)
Class org.jetbrains.kotlin.psi.stubs.KotlinImportDirectiveStub                        : loaded 2 times (x 70B)
Class org.jetbrains.kotlin.psi.stubs.elements.KtObjectElementType                     : loaded 2 times (x 104B)
Class org.jetbrains.kotlin.psi.KtBackingField                                         : loaded 2 times (x 859B)
Class com.google.wireless.android.sdk.stats.CMakeEditingEventOrBuilder                : loaded 2 times (x 70B)
Class org.jetbrains.kotlin.scripting.compiler.plugin.ScriptingK2CompilerPluginRegistrar$Companion: loaded 2 times (x 71B)
Class it.unimi.dsi.fastutil.Function                                                  : loaded 2 times (x 70B)
Class com.android.tools.lint.model.DefaultLintModelLibraryResolver                    : loaded 2 times (x 76B)
Class com.google.wireless.android.sdk.stats.SdkIndexLibraryDetailsOrBuilder           : loaded 2 times (x 70B)
Class org.jetbrains.kotlin.descriptors.Visibilities$Inherited                         : loaded 2 times (x 79B)
Class org.jetbrains.org.objectweb.asm.tree.MethodInsnNode                             : loaded 2 times (x 79B)
Class org.jetbrains.org.objectweb.asm.tree.MethodNode                                 : loaded 2 times (x 110B)
Class [Lorg.jetbrains.kotlin.build.report.metrics.BuildTime;                          : loaded 2 times (x 69B)
Class com.google.wireless.android.sdk.stats.GfxTracingDetails                         : loaded 2 times (x 212B)
Class com.google.protobuf.ByteString$ByteArrayCopier                                  : loaded 2 times (x 70B)
Class com.google.protobuf.CodedOutputStream$HeapNioEncoder                            : loaded 2 times (x 111B)
Class com.google.common.io.ByteSink$AsCharSink                                        : loaded 2 times (x 80B)
Class com.google.common.util.concurrent.UncheckedExecutionException                   : loaded 2 times (x 82B)
Class com.google.protobuf.ByteOutput                                                  : loaded 2 times (x 76B)
Class com.google.wireless.android.sdk.stats.AppQualityInsightsUsageEvent              : loaded 2 times (x 253B)
Class com.google.wireless.android.sdk.stats.KotlinProjectConfiguration                : loaded 2 times (x 215B)
Class com.google.wireless.android.sdk.stats.FirebaseContextDetails                    : loaded 2 times (x 209B)
Class com.google.wireless.android.sdk.stats.LLDBFrontendDetails                       : loaded 2 times (x 195B)
Class com.google.wireless.android.sdk.stats.SmlGeolocationEventOrBuilder              : loaded 2 times (x 70B)
Class org.jetbrains.kotlin.fir.resolve.FirSamConversionTransformerExtension$Companion : loaded 2 times (x 71B)
Class kotlin.script.experimental.util.PropertiesCollection$TransientKey               : loaded 2 times (x 72B)
Class org.jetbrains.kotlin.diagnostics.PositioningStrategies$DECLARATION_NAME_OR_ACCESSOR$1: loaded 2 times (x 74B)
Class org.jetbrains.kotlin.fir.declarations.SimpleFirDeprecationInfo                  : loaded 2 times (x 80B)
Class com.google.common.cache.LocalCache$Strength$3                                   : loaded 2 times (x 81B)
Class org.jetbrains.kotlin.fir.types.AbbreviatedTypeAttribute                         : loaded 2 times (x 82B)
Class org.jetbrains.kotlin.fir.types.ConeTypesKt                                      : loaded 2 times (x 71B)
Class org.jetbrains.kotlin.fir.expressions.impl.FirResolvedQualifierImpl              : loaded 2 times (x 135B)
Class org.jetbrains.kotlin.fir.resolve.calls.ResolvedCallArgument                     : loaded 2 times (x 72B)
Class com.google.common.collect.Interner                                              : loaded 2 times (x 70B)
Class org.jetbrains.kotlin.fir.declarations.utils.ModuleNameKey                       : loaded 2 times (x 71B)
Class org.jetbrains.kotlin.load.kotlin.AbstractBinaryClassAnnotationLoaderKt          : loaded 2 times (x 71B)
Class com.google.common.collect.Interners$InternerImpl                                : loaded 2 times (x 75B)
Class org.jetbrains.kotlin.serialization.deserialization.descriptors.PreReleaseInfo$Companion: loaded 2 times (x 71B)
Class jdk.internal.jrtfs.JrtFileStore                                                 : loaded 2 times (x 83B)
Class org.jetbrains.kotlin.load.kotlin.KotlinClassFinder$Result                       : loaded 2 times (x 71B)
Class org.jetbrains.kotlin.load.java.JavaClassFinder$Request                          : loaded 2 times (x 72B)
Class org.jetbrains.kotlin.fir.declarations.FirTypeParameterRef                       : loaded 2 times (x 70B)
Class org.jetbrains.kotlin.fir.types.FirImplicitTypeRef                               : loaded 2 times (x 103B)
Class org.jetbrains.kotlin.fir.analysis.CheckersComponentKt                           : loaded 2 times (x 71B)
Class org.jetbrains.kotlin.fir.extensions.FirRegisteredPluginAnnotations              : loaded 2 times (x 77B)
Class org.jetbrains.kotlin.load.java.JavaNullabilityAnnotationsStatus                 : loaded 2 times (x 72B)
Class org.jetbrains.kotlin.fir.declarations.FirMustUseReturnValueStatusComponent$Companion: loaded 2 times (x 71B)
Class org.jetbrains.kotlin.fir.declarations.FirAnnotationsPlatformSpecificSupportComponent$Default: loaded 2 times (x 78B)
Class org.jetbrains.kotlin.fir.scopes.impl.FirDeclaredMemberScopeProvider$DeclaredMemberScopeContext: loaded 2 times (x 72B)
Class org.jetbrains.kotlin.fir.BuiltinTypes                                           : loaded 2 times (x 72B)
Class org.jetbrains.kotlin.load.java.structure.JavaClass                              : loaded 2 times (x 70B)
Class org.jetbrains.kotlin.types.TypeAttributeTranslator                              : loaded 2 times (x 70B)
Class org.jetbrains.kotlin.descriptors.DescriptorVisibilities$6                       : loaded 2 times (x 79B)
Class kotlin.io.path.IllegalFileNameException                                         : loaded 2 times (x 85B)
Class org.jetbrains.kotlin.psi.KtFile$Companion                                       : loaded 2 times (x 71B)
Class org.jetbrains.kotlin.psi.stubs.KotlinClassifierStub                             : loaded 2 times (x 70B)
Class org.jetbrains.kotlin.psi.stubs.elements.KtStubElementType                       : loaded 2 times (x 100B)
Class org.jetbrains.kotlin.parsing.KotlinParserDefinition$Companion                   : loaded 2 times (x 71B)
Class org.jetbrains.kotlin.config.MavenComparableVersion                              : loaded 2 times (x 78B)
Class org.jetbrains.kotlin.platform.jvm.JvmPlatforms                                  : loaded 2 times (x 71B)
Class com.android.tools.lint.model.LintModelModuleLoader                              : loaded 2 times (x 70B)
Class com.android.tools.lint.model.LintModelSerialization$TargetFile                  : loaded 2 times (x 79B)
Class kotlin.io.FileTreeWalk$FileTreeWalkIterator$WhenMappings                        : loaded 2 times (x 71B)
Class com.google.wireless.android.sdk.stats.WearTileAnimationToolingEvent             : loaded 2 times (x 197B)
Class com.google.wireless.android.sdk.stats.StudioCoreGeminiActionsEvent              : loaded 2 times (x 205B)
Class com.google.wireless.android.sdk.stats.GradleFailureDetails                      : loaded 2 times (x 199B)
Class com.google.wireless.android.sdk.stats.GradleSyncStatsOrBuilder                  : loaded 2 times (x 70B)
Class com.google.wireless.android.sdk.stats.AndroidTestRetentionEventOrBuilder        : loaded 2 times (x 70B)
Class com.google.wireless.android.sdk.stats.Align16kbEventOrBuilder                   : loaded 2 times (x 70B)
Class com.android.tools.lint.model.LintModelModuleLibrary                             : loaded 2 times (x 70B)
Class com.google.protobuf.UnsafeUtil$Android32MemoryAccessor                          : loaded 2 times (x 91B)
Class com.google.protobuf.Extension$ExtensionType                                     : loaded 2 times (x 79B)
Class com.google.protobuf.AbstractMessageLite$Builder$LimitedInputStream              : loaded 2 times (x 92B)
Class org.jetbrains.kotlin.fir.extensions.FirScriptResolutionHacksComponent           : loaded 2 times (x 72B)
Class org.jetbrains.kotlin.diagnostics.PositioningStrategies$CUT_CHAR_QUOTES$1        : loaded 2 times (x 74B)
Class org.jetbrains.kotlin.diagnostics.PositioningStrategies$PROPERTY_DELEGATE$1      : loaded 2 times (x 74B)
Class org.jetbrains.kotlin.diagnostics.LightTreePositioningStrategies$DEFAULT$1       : loaded 2 times (x 74B)
Class org.jetbrains.kotlin.parsing.BindFirstShebangWithWhitespaceOnly                 : loaded 2 times (x 76B)
Class org.jetbrains.kotlin.fir.declarations.synthetic.FirSyntheticPropertyBuilderKt   : loaded 2 times (x 71B)
Class org.jetbrains.kotlin.fir.types.FirFunctionTypeRef                               : loaded 2 times (x 110B)
Class [Lorg.jetbrains.kotlin.psi.KtDeclarationWithInitializer;                        : loaded 2 times (x 69B)
Class org.jetbrains.kotlin.fir.declarations.FirPropertyBodyResolveStateKt             : loaded 2 times (x 71B)
Class org.jetbrains.kotlin.fir.resolve.dfa.cfg.FunctionEnterNode                      : loaded 2 times (x 84B)
Class com.google.common.collect.ImmutableBiMap$Builder                                : loaded 2 times (x 82B)
Class org.jetbrains.kotlin.fir.types.CompilerConeAttributesKt                         : loaded 2 times (x 71B)
Class org.jetbrains.kotlin.fir.resolve.calls.tower.FirTowerResolveTask$processExtensionsThatHideMembers$1: loaded 2 times (x 88B)
Class org.jetbrains.kotlin.fir.resolve.calls.ConeResolutionAtom$Companion             : loaded 2 times (x 71B)
Class org.jetbrains.kotlin.fir.resolve.dfa.cfg.CFGNode$Companion                      : loaded 2 times (x 71B)
Class org.jetbrains.kotlin.fir.resolve.transformers.contracts.FirContractResolveTransformer: loaded 2 times (x 484B)
Class org.jetbrains.kotlin.load.java.SpecialGenericSignatures$TypeSafeBarrierDescription$MAP_GET_OR_DEFAULT: loaded 2 times (x 80B)
Class org.jetbrains.kotlin.fir.scopes.impl.FirTypeIntersectionScopeContextKt          : loaded 2 times (x 71B)
Class [Lorg.jetbrains.kotlin.psi.KtConstructorCalleeExpression;                       : loaded 2 times (x 69B)
Class org.jetbrains.kotlin.descriptors.annotations.KotlinTarget$Companion             : loaded 2 times (x 71B)
Class org.jetbrains.kotlin.fir.java.declarations.FirJavaClassBuilder                  : loaded 2 times (x 159B)
Class org.jetbrains.kotlin.fir.expressions.impl.FirArgumentListImpl                   : loaded 2 times (x 90B)
Class org.jetbrains.kotlin.fir.java.deserialization.JvmClassFileBasedSymbolProvider$JavaAwareFlexibleTypeFactory: loaded 2 times (x 75B)
Class org.jetbrains.kotlin.fir.scopes.impl.FirAbstractSimpleImportingScope            : loaded 2 times (x 85B)
Class org.jetbrains.kotlin.resolve.jvm.KotlinJavaPsiFacade$CliFinder                  : loaded 2 times (x 84B)
Class org.jetbrains.kotlin.fir.builder.CharacterWithDiagnostic                        : loaded 2 times (x 72B)
Class org.jetbrains.kotlin.fir.declarations.impl.FirImportImpl                        : loaded 2 times (x 92B)
Class org.jetbrains.kotlin.fir.builder.FirScriptConfiguratorExtension                 : loaded 2 times (x 78B)
Class [Lkotlinx.coroutines.scheduling.CoroutineScheduler$WorkerState;                 : loaded 2 times (x 69B)
Class org.jetbrains.kotlin.fir.declarations.FirResolvedToPhaseState                   : loaded 2 times (x 73B)
Class it.unimi.dsi.fastutil.ints.IntIterator                                          : loaded 2 times (x 70B)
Class org.jetbrains.kotlin.fir.declarations.UnresolvedDeprecationProvider             : loaded 2 times (x 72B)
Class org.jetbrains.kotlin.serialization.deserialization.ProtoBasedClassDataFinder    : loaded 2 times (x 75B)
Class org.jetbrains.kotlin.metadata.ProtoBuf$Annotation$Argument$Value$Builder        : loaded 2 times (x 154B)
Class org.jetbrains.kotlin.fir.java.scopes.FirRenamedForOverrideSymbolsStorage$RenamedFunctionCreationContext: loaded 2 times (x 72B)
Class org.jetbrains.kotlin.load.java.NullabilityAnnotationStatesImpl                  : loaded 2 times (x 75B)
Class org.jetbrains.kotlin.fir.types.ConeAttributes                                   : loaded 2 times (x 82B)
Class org.jetbrains.kotlin.psi.KtPsiFactoryKt                                         : loaded 2 times (x 71B)
Class com.android.resources.ScreenRound                                               : loaded 2 times (x 86B)
Class org.objectweb.asm.ConstantDynamic                                               : loaded 2 times (x 72B)
Class org.jetbrains.kotlin.cli.jvm.compiler.CliMetadataFinderFactory                  : loaded 2 times (x 75B)
Class org.jetbrains.kotlin.fir.extensions.FirExtensionRegistrarAdapter$Companion      : loaded 2 times (x 72B)
Class org.jetbrains.kotlin.load.kotlin.KotlinClassFinder                              : loaded 2 times (x 70B)
Class it.unimi.dsi.fastutil.ints.IntArraySet                                          : loaded 2 times (x 235B)
Class org.objectweb.asm.Handle                                                        : loaded 2 times (x 72B)
Class kotlin.reflect.jvm.internal.ReflectionFactoryImpl                               : loaded 2 times (x 91B)
Class [Lcom.android.resources.TouchScreen;                                            : loaded 2 times (x 69B)
Class [Lorg.jetbrains.kotlin.types.model.TypeArgumentMarker;                          : loaded 2 times (x 69B)
Class it.unimi.dsi.fastutil.ints.Int2ObjectFunction                                   : loaded 2 times (x 70B)
Class com.android.ide.common.gradle.Separator                                         : loaded 2 times (x 79B)
Class com.android.tools.lint.model.LintModelSourceProvider                            : loaded 2 times (x 70B)
Class org.jetbrains.kotlin.fir.FirVisibilityChecker                                   : loaded 2 times (x 73B)
Class org.jetbrains.kotlin.fir.extensions.FirExtensionServiceKt                       : loaded 2 times (x 71B)
Class [Lcom.android.prefs.VariableValue;                                              : loaded 2 times (x 69B)
Class org.jetbrains.kotlin.load.java.AbstractAnnotationTypeQualifierResolver$Companion: loaded 2 times (x 71B)
Class com.android.tools.lint.model.PathVariables$Companion                            : loaded 2 times (x 71B)
Class org.jetbrains.kotlin.fir.java.declarations.FirJavaClass                         : loaded 2 times (x 176B)
Class com.android.manifmerger.ManifestMerger2$MergeFailureException                   : loaded 2 times (x 82B)
Class org.jetbrains.org.objectweb.asm.tree.IntInsnNode                                : loaded 2 times (x 78B)
Class org.jetbrains.kotlin.fir.extensions.predicate.PredicateVisitor                  : loaded 2 times (x 80B)
Class kotlinx.coroutines.internal.ThreadLocalKt                                       : loaded 2 times (x 71B)
Class com.google.common.collect.HashMultimapGwtSerializationDependencies              : loaded 2 times (x 174B)
Class com.google.common.cache.CacheLoader$UnsupportedLoadingOperationException        : loaded 2 times (x 82B)
Class com.google.wireless.android.sdk.stats.AndroidStudioEvent$EventKind$1            : loaded 2 times (x 76B)
Class com.google.wireless.android.sdk.stats.AutoSyncSettingChangeEvent                : loaded 2 times (x 197B)
Class com.google.wireless.android.sdk.stats.SoongSyncStats                            : loaded 2 times (x 207B)
Class com.google.wireless.android.sdk.stats.AdbAssistantStatsOrBuilder                : loaded 2 times (x 70B)
Class com.android.tools.analytics.JournalingUsageTracker$State                        : loaded 2 times (x 79B)
Class com.google.gson.TypeAdapter                                                     : loaded 2 times (x 73B)
Class org.jetbrains.kotlin.scripting.compiler.plugin.services.FirScriptConfigurationExtensionImplKt: loaded 2 times (x 71B)
Class org.jetbrains.kotlin.diagnostics.PositioningStrategies$WHOLE_ELEMENT$1          : loaded 2 times (x 74B)
Class org.jetbrains.kotlin.diagnostics.LightTreePositioningStrategies$BaseDeclarationNameStrategy: loaded 2 times (x 75B)
Class org.jetbrains.kotlin.fir.declarations.FirDeclarationOrigin$Synthetic$ImplicitWhenSubject: loaded 2 times (x 72B)
Class org.jetbrains.kotlin.fir.resolve.dfa.MutableTypeStatement                       : loaded 2 times (x 75B)
Class org.jetbrains.kotlin.fir.resolve.dfa.cfg.StringConcatenationCallNode            : loaded 2 times (x 82B)
Class org.jetbrains.kotlin.types.TypeCheckerState$SupertypesPolicy                    : loaded 2 times (x 72B)
Class org.jetbrains.kotlin.fir.expressions.impl.FirRegularWhenBranch                  : loaded 2 times (x 94B)
Class org.jetbrains.kotlin.fir.resolve.transformers.plugin.FirAnnotationArgumentsTransformer: loaded 2 times (x 483B)
Class org.jetbrains.kotlin.fir.resolve.ResolutionMode$UpdateImplicitTypeRef           : loaded 2 times (x 72B)
Class org.jetbrains.kotlin.fir.expressions.FirArgumentUtilKt                          : loaded 2 times (x 71B)
Class org.jetbrains.kotlin.fir.resolve.transformers.body.resolve.BodyResolveUtilsKt$remapArgumentsWithVararg$annotationsRemovingSubstitutor$1: loaded 2 times (x 76B)
Class org.jetbrains.kotlin.fir.resolve.calls.ConeFunctionTypeRelatedPostponedResolvedAtom: loaded 2 times (x 85B)
Class org.jetbrains.kotlin.fir.resolve.calls.ResolvedCallArgument$DefaultArgument     : loaded 2 times (x 72B)
Class org.jetbrains.kotlin.fir.resolve.calls.stages.CheckArguments                    : loaded 2 times (x 72B)
Class org.jetbrains.kotlin.fir.declarations.Checks$full$1                             : loaded 2 times (x 74B)
Class org.jetbrains.kotlin.load.java.structure.JavaField                              : loaded 2 times (x 70B)
Class org.jetbrains.kotlin.KtFakeSourceElementKind$PropertyFromParameter              : loaded 2 times (x 72B)
Class org.jetbrains.kotlin.fir.declarations.FirConstructor                            : loaded 2 times (x 211B)
Class org.jetbrains.kotlin.fir.declarations.utils.IsDelegatedProperty                 : loaded 2 times (x 71B)
Class org.jetbrains.kotlin.fir.deserialization.RegisteredInSerializationPluginMetadataExtensionKey: loaded 2 times (x 71B)
Class org.jetbrains.kotlin.fir.resolve.dfa.cfg.TryExpressionExitNode                  : loaded 2 times (x 82B)
Class org.jetbrains.kotlin.fir.declarations.FirReceiverParameter                      : loaded 2 times (x 112B)
Class org.jetbrains.kotlin.fir.scopes.impl.FirClassDeclaredMemberScopeImpl            : loaded 2 times (x 83B)
Class org.jetbrains.kotlin.fir.expressions.FirExpression                              : loaded 2 times (x 115B)
Class org.jetbrains.kotlin.resolve.jvm.TopPackageNamesProvider                        : loaded 2 times (x 70B)
Class org.jetbrains.kotlin.descriptors.Modality                                       : loaded 2 times (x 79B)
Class org.jetbrains.kotlin.fir.analysis.checkers.expression.FirGenericArrayClassLiteralSupport$Enabled: loaded 2 times (x 74B)
Class org.jetbrains.kotlin.resolve.calls.results.TypeSpecificityComparator            : loaded 2 times (x 70B)
Class org.jetbrains.kotlin.fir.SubstitutedOverrideOriginalKey                         : loaded 2 times (x 71B)
Class org.jetbrains.kotlin.fir.CorrespondingProperty                                  : loaded 2 times (x 71B)
Class org.jetbrains.kotlin.fir.resolve.LookupTagUtilsKt                               : loaded 2 times (x 71B)
Class org.jetbrains.kotlin.fir.declarations.EmptyDeprecationsProvider                 : loaded 2 times (x 72B)
Class org.jetbrains.kotlin.fir.resolve.dfa.StackKt                                    : loaded 2 times (x 71B)
Class org.jetbrains.kotlin.metadata.jvm.deserialization.PackageParts                  : loaded 2 times (x 72B)
Class org.jetbrains.kotlin.fir.resolve.calls.FirCallResolver                          : loaded 2 times (x 72B)
Class org.jetbrains.kotlin.config.AnalysisFlags                                       : loaded 2 times (x 71B)
Class org.jetbrains.kotlin.load.kotlin.JvmPackagePartProviderBase$Companion           : loaded 2 times (x 71B)
Class org.jetbrains.kotlin.cli.jvm.index.JavaRoot$RootType                            : loaded 2 times (x 79B)
Class org.jetbrains.kotlin.storage.NullableLazyValue                                  : loaded 2 times (x 70B)
Class org.jetbrains.kotlin.fir.deserialization.FirDeserializationContext$Companion    : loaded 2 times (x 71B)
Class kotlin.reflect.jvm.internal.impl.builtins.StandardNames$FqNames                 : loaded 2 times (x 71B)
Class it.unimi.dsi.fastutil.objects.ObjectOpenHashSet                                 : loaded 2 times (x 187B)
Class org.jetbrains.kotlin.fir.declarations.utils.ComponentFunctionSymbolKey          : loaded 2 times (x 71B)
Class org.jetbrains.kotlin.fir.java.enhancement.FirJavaAnnotationList                 : loaded 2 times (x 70B)
Class org.jetbrains.kotlin.psi.KtPrefixExpression                                     : loaded 2 times (x 501B)
Class [Lorg.jetbrains.kotlin.psi.KtBlockStringTemplateEntry;                          : loaded 2 times (x 69B)
Class org.jetbrains.kotlin.types.model.KotlinTypeMarker                               : loaded 2 times (x 70B)
Class org.jetbrains.kotlin.psi.KtDeclarationWithInitializer                           : loaded 2 times (x 70B)
Class org.jetbrains.kotlin.psi.KtElementImplStub                                      : loaded 2 times (x 441B)
Class org.jetbrains.kotlin.fir.declarations.impl.FirDefaultPropertyAccessorKt         : loaded 2 times (x 71B)
Class com.android.tools.lint.model.LintModelDependencyGraph                           : loaded 2 times (x 70B)
Class org.jetbrains.kotlin.fir.scopes.FirDelegatingTypeScope                          : loaded 2 times (x 86B)
Class org.jetbrains.kotlin.fir.java.enhancement.FirSignatureEnhancement$enhance$5     : loaded 2 times (x 125B)
Class com.google.common.collect.FluentIterable$1                                      : loaded 2 times (x 81B)
Class org.gradle.api.internal.classpath.DefaultModuleRegistry$DefaultModule           : loaded 2 times (x 82B)
Class org.jetbrains.kotlin.fir.expressions.FirLazyExpression                          : loaded 2 times (x 116B)
Class com.google.wireless.android.sdk.stats.GradlePluginDslUsageStats                 : loaded 2 times (x 199B)
Class com.google.wireless.android.sdk.stats.BuildAttributionUiEvent                   : loaded 2 times (x 216B)
Class com.google.wireless.android.sdk.stats.WhatsNewAssistantEvent                    : loaded 2 times (x 195B)
Class com.google.wireless.android.sdk.stats.EditorPickerEventOrBuilder                : loaded 2 times (x 70B)
Class com.google.wireless.android.sdk.stats.DaggerEditorEventOrBuilder                : loaded 2 times (x 70B)
Class com.google.wireless.android.sdk.stats.ComposePreviewLiteModeEventOrBuilder      : loaded 2 times (x 70B)
Class com.google.protobuf.CodedInputStream$IterableDirectByteBufferDecoder            : loaded 2 times (x 120B)
Class com.google.protobuf.Internal$DoubleList                                         : loaded 2 times (x 70B)
Class org.jetbrains.kotlin.diagnostics.PositioningStrategies$DEFAULT$1                : loaded 2 times (x 74B)
Class org.jetbrains.kotlin.fir.expressions.FirExpressionEvaluator$EvaluationVisitor   : loaded 2 times (x 231B)
Class org.jetbrains.kotlin.fir.renderer.FirResolvedNamedReferenceRendererWithLabel    : loaded 2 times (x 73B)
Class org.jetbrains.kotlin.fir.resolve.calls.stages.CheckReceiverShadowedByContextParameter: loaded 2 times (x 71B)
Class org.jetbrains.kotlin.fir.expressions.FirElvisExpression                         : loaded 2 times (x 134B)
Class org.jetbrains.kotlin.fir.resolve.transformers.body.resolve.DeclarationApproximationUtilsKt: loaded 2 times (x 71B)
Class org.jetbrains.kotlin.types.model.CapturedTypeConstructorMarker                  : loaded 2 times (x 70B)
Class org.jetbrains.kotlin.resolve.calls.inference.model.NewConstraintSystemImpl$TransactionState: loaded 2 times (x 74B)
Class org.jetbrains.kotlin.fir.scopes.impl.FirIntegerConstantOperatorScopeKt$special$$inlined$scopeSessionKey$1: loaded 2 times (x 71B)
Class [Lorg.jetbrains.kotlin.resolve.calls.tasks.ExplicitReceiverKind;                : loaded 2 times (x 69B)
Class org.jetbrains.kotlin.fir.resolve.calls.stages.EagerResolveOfCallableReferences  : loaded 2 times (x 72B)
Class org.jetbrains.kotlin.fir.resolve.dfa.DataFlowVariable                           : loaded 2 times (x 72B)
Class org.jetbrains.kotlin.resolve.DataClassResolver                                  : loaded 2 times (x 71B)
Class org.jetbrains.org.objectweb.asm.util.CheckSignatureAdapter                      : loaded 2 times (x 88B)
Class org.jetbrains.kotlin.fir.declarations.FirAnnotationUtilsKt                      : loaded 2 times (x 71B)
Class org.jetbrains.kotlin.fir.resolve.transformers.body.resolve.ReturnTypeCalculatorWithJump: loaded 2 times (x 75B)
Class org.jetbrains.kotlin.fir.scopes.impl.ImportedFromObjectOrStaticClassIdKey       : loaded 2 times (x 71B)
Class org.jetbrains.kotlin.fir.resolve.dfa.cfg.EnterNodeMarker                        : loaded 2 times (x 70B)
Class org.jetbrains.kotlin.fir.resolve.dfa.cfg.WhenExitNode                           : loaded 2 times (x 82B)
Class org.jetbrains.kotlin.fir.declarations.synthetic.FirSyntheticProperty            : loaded 2 times (x 215B)
Class org.jetbrains.kotlin.fir.analysis.CheckersComponent                             : loaded 2 times (x 72B)
Class org.jetbrains.kotlin.fir.extensions.AbstractFirRegisteredPluginAnnotations$special$$inlined$createCache$1: loaded 2 times (x 75B)
Class com.google.common.collect.MapMakerInternalMap$WeakKeyStrongValueEntry           : loaded 2 times (x 90B)
Class org.jetbrains.kotlin.fir.resolve.transformers.body.resolve.ImplicitBodyResolveComputationStatus: loaded 2 times (x 71B)
Class org.jetbrains.kotlin.fir.resolve.providers.impl.FirExtensionSyntheticFunctionInterfaceProvider$Companion: loaded 2 times (x 71B)
Class org.jetbrains.kotlin.metadata.deserialization.NameResolverImpl$WhenMappings     : loaded 2 times (x 71B)
Class org.jetbrains.kotlin.fir.resolve.dfa.FlowKt                                     : loaded 2 times (x 71B)
Class org.jetbrains.kotlin.fir.scopes.FirOverrideService                              : loaded 2 times (x 72B)
Class org.jetbrains.kotlin.fir.resolve.dfa.cfg.EdgeKind                               : loaded 2 times (x 79B)
Class org.jetbrains.kotlin.parsing.KotlinParsing$DeclarationParsingMode               : loaded 2 times (x 79B)
Class org.jetbrains.kotlin.asJava.classes.ImplUtilsKt                                 : loaded 2 times (x 71B)
Class org.jetbrains.kotlin.resolve.extensions.ExtraImportsProviderExtension$Companion : loaded 2 times (x 72B)
Class org.jetbrains.kotlin.resolve.calls.inference.components.ConstraintSystemCompletionContext: loaded 2 times (x 1271B)
Class org.jetbrains.kotlin.fir.resolve.calls.tower.FirBaseTowerResolveTask$processLevel$3: loaded 2 times (x 88B)
Class org.jetbrains.kotlin.storage.SimpleLock                                         : loaded 2 times (x 70B)
Class kotlin.reflect.jvm.internal.ClassValueCache                                     : loaded 2 times (x 74B)
Class org.jetbrains.kotlin.types.AbstractTypeApproximator$Cache                       : loaded 2 times (x 72B)
Class org.jetbrains.kotlin.fir.declarations.InlineStatus                              : loaded 2 times (x 79B)
Class org.jetbrains.kotlin.psi.KtOperationExpression                                  : loaded 2 times (x 70B)
Class org.jetbrains.kotlin.psi.KtDestructuringDeclarationEntry                        : loaded 2 times (x 1308B)
Class org.jetbrains.kotlin.psi.stubs.elements.KtScriptElementType                     : loaded 2 times (x 100B)
Class [Lorg.jetbrains.kotlin.psi.KtSuperTypeEntry;                                    : loaded 2 times (x 69B)
Class [Lorg.jetbrains.kotlin.psi.KtSimpleNameExpression;                              : loaded 2 times (x 69B)
Class org.jetbrains.kotlin.psi.KtTypeConstraint                                       : loaded 2 times (x 571B)
Class org.jetbrains.kotlin.psi.stubs.KotlinDeclarationWithBodyStub                    : loaded 2 times (x 70B)
Class org.jetbrains.kotlin.fir.declarations.impl.FirReceiverParameterImpl             : loaded 2 times (x 112B)
Class org.jetbrains.kotlin.platform.jvm.JvmPlatform                                   : loaded 2 times (x 75B)
Class org.jetbrains.kotlin.fir.resolve.calls.tower.FirTowerResolveTask$processQualifierScopes$1: loaded 2 times (x 88B)
Class com.android.tools.lint.model.DefaultLintModelDependencies                       : loaded 2 times (x 78B)
Class com.android.ide.common.repository.AgpVersion                                    : loaded 2 times (x 75B)
Class org.jetbrains.org.objectweb.asm.tree.TryCatchBlockNode                          : loaded 2 times (x 74B)
Class com.google.common.reflect.Reflection                                            : loaded 2 times (x 71B)
Class com.google.common.collect.FluentIterable$2                                      : loaded 2 times (x 81B)
Class com.google.common.base.Absent                                                   : loaded 2 times (x 80B)
Class com.google.wireless.android.sdk.stats.UpgradeAssistantProcessorEvent            : loaded 2 times (x 217B)
Class com.google.wireless.android.sdk.stats.MemoryUsageReportEventOrBuilder           : loaded 2 times (x 70B)
Class com.google.wireless.android.sdk.stats.ServerPushNotificationEventOrBuilder      : loaded 2 times (x 70B)
Class com.google.wireless.android.sdk.stats.KotlinSupportOrBuilder                    : loaded 2 times (x 70B)
Class org.jetbrains.kotlin.scripting.compiler.plugin.FirScriptingSamWithReceiverExtensionRegistrar: loaded 2 times (x 73B)
Class org.jetbrains.kotlin.diagnostics.PositioningStrategies$SAFE_ACCESS$1            : loaded 2 times (x 74B)
Class org.jetbrains.kotlin.diagnostics.LightTreePositioningStrategies$ARRAY_ACCESS$1  : loaded 2 times (x 74B)
Class org.jetbrains.kotlin.fir.resolve.dfa.cfg.LoopConditionEnterNode                 : loaded 2 times (x 85B)
Class org.jetbrains.kotlin.fir.references.impl.FirStubReference                       : loaded 2 times (x 87B)
Class org.jetbrains.kotlin.resolve.calls.mpp.ExpectActualMatchingContext$Companion    : loaded 2 times (x 71B)
Class org.jetbrains.kotlin.fir.scopes.ProcessorAction$WhenMappings                    : loaded 2 times (x 71B)
Class org.jetbrains.kotlin.load.java.typeEnhancement.SignatureEnhancementBuilder      : loaded 2 times (x 72B)
Class org.jetbrains.kotlin.load.java.structure.JavaValueParameter                     : loaded 2 times (x 70B)
Class [Lorg.jetbrains.kotlin.metadata.ProtoBuf$Effect$EffectConditionKind;            : loaded 2 times (x 69B)
Class org.jetbrains.kotlin.fir.resolve.inference.ReturnArgumentsAnalysisResult        : loaded 2 times (x 72B)
Class org.jetbrains.kotlin.fir.extensions.FirStatusTransformerExtensionKt             : loaded 2 times (x 71B)
Class org.jetbrains.kotlin.fir.types.ConeErrorType                                    : loaded 2 times (x 83B)
Class org.jetbrains.kotlin.fir.declarations.FirHiddenDeprecationProviderKt            : loaded 2 times (x 71B)
Class org.jetbrains.kotlin.fir.expressions.builder.FirCheckedSafeCallSubjectBuilder   : loaded 2 times (x 84B)
Class [Lorg.jetbrains.kotlin.metadata.ProtoBuf$ReturnValueStatus;                     : loaded 2 times (x 69B)
Class org.jetbrains.kotlin.diagnostics.PositioningStrategies$VAL_OR_VAR_NODE$1        : loaded 2 times (x 74B)
Class org.jetbrains.kotlin.diagnostics.PositioningStrategies$DEPRECATION$1            : loaded 2 times (x 74B)
Class kotlin.script.experimental.api.ScriptCompilationConfigurationKeys               : loaded 2 times (x 70B)
Class org.jetbrains.kotlin.fir.declarations.ScriptScopesKt                            : loaded 2 times (x 71B)
Class org.jetbrains.kotlin.fir.resolve.TypeResolutionConfiguration$Companion          : loaded 2 times (x 71B)
Class org.jetbrains.kotlin.fir.declarations.DeprecationAnnotationInfoPerUseSiteStorage: loaded 2 times (x 72B)
Class [Lorg.jetbrains.kotlin.fir.resolve.calls.tower.InvokeResolvePriority;           : loaded 2 times (x 69B)
Class org.jetbrains.kotlin.fir.scopes.CallableCopyTypeCalculator$CalculateDeferredForceLazyResolution: loaded 2 times (x 74B)
Class org.jetbrains.kotlin.KtFakeSourceElementKind$ImplicitJavaAnnotationConstructor  : loaded 2 times (x 72B)
Class org.jetbrains.kotlin.fir.extensions.FirSwitchableExtensionDeclarationsSymbolProvider$Companion: loaded 2 times (x 71B)
Class org.jetbrains.kotlin.fir.extensions.FirExtensionSessionComponentKt              : loaded 2 times (x 71B)
Class org.jetbrains.kotlin.serialization.deserialization.ClassDataFinder              : loaded 2 times (x 70B)
Class org.jetbrains.kotlin.builtins.functions.FunctionTypeKind$SuspendFunction        : loaded 2 times (x 77B)
Class org.jetbrains.kotlin.fir.symbols.impl.FirConstructorSymbol                      : loaded 2 times (x 81B)
Class org.jetbrains.kotlin.fir.types.impl.FirImplicitCharIteratorTypeRef              : loaded 2 times (x 109B)
Class com.google.protobuf.MessageLiteOrBuilder                                        : loaded 2 times (x 70B)
Class com.google.protobuf.Internal$FloatList                                          : loaded 2 times (x 70B)
Class com.google.protobuf.Internal$BooleanList                                        : loaded 2 times (x 70B)
Class com.google.protobuf.InvalidProtocolBufferException$InvalidWireTypeException     : loaded 2 times (x 88B)
Class com.android.utils.SdkUtils                                                      : loaded 2 times (x 71B)
Class org.jetbrains.kotlin.builtins.functions.FunctionTypeKind                        : loaded 2 times (x 77B)
Class [Lorg.jetbrains.kotlin.parsing.KotlinParsing$NameParsingMode;                   : loaded 2 times (x 69B)
Class org.jetbrains.kotlin.load.java.structure.impl.source.JavaElementSourceFactory   : loaded 2 times (x 79B)
Class org.jetbrains.kotlin.resolve.jvm.extensions.PackageFragmentProviderExtension$Companion: loaded 2 times (x 72B)
Class org.jetbrains.kotlin.resolve.jvm.extensions.PackageFragmentProviderExtension    : loaded 2 times (x 70B)
Class com.google.wireless.android.sdk.stats.KotlinGradlePerformanceOrBuilder          : loaded 2 times (x 70B)
Class com.google.wireless.android.sdk.stats.ProjectViewSelectionChangeEventOrBuilder  : loaded 2 times (x 70B)
Class com.google.wireless.android.sdk.stats.BuildOutputWindowStatsOrBuilder           : loaded 2 times (x 70B)
Class org.jetbrains.kotlin.config.ReturnValueCheckerMode$Companion                    : loaded 2 times (x 71B)
Class com.google.wireless.android.sdk.stats.SmlRagEvent                               : loaded 2 times (x 210B)
Class com.google.wireless.android.sdk.stats.TypingLatencyStats                        : loaded 2 times (x 201B)
Class com.google.wireless.android.sdk.stats.RunFinishData                             : loaded 2 times (x 197B)
Class com.google.common.cache.LocalCache$Strength$2                                   : loaded 2 times (x 81B)
Class com.google.common.util.concurrent.SettableFuture                                : loaded 2 times (x 114B)
Class org.jetbrains.kotlin.psi.KtContextReceiverList                                  : loaded 2 times (x 441B)
Class org.jetbrains.kotlin.psi.stubs.elements.KtContextReceiverElementType            : loaded 2 times (x 100B)
Class [Lorg.jetbrains.kotlin.psi.KtPureClassOrObject;                                 : loaded 2 times (x 69B)
Class [Lorg.jetbrains.kotlin.psi.KtDeclaration;                                       : loaded 2 times (x 69B)
Class org.jetbrains.kotlin.cli.jvm.compiler.CompatKt                                  : loaded 2 times (x 71B)
Class org.jetbrains.kotlin.platform.TargetPlatform                                    : loaded 2 times (x 119B)
Class org.apache.commons.io.output.QueueOutputStream                                  : loaded 2 times (x 87B)
Class org.jetbrains.kotlin.cli.common.messages.CompilerMessageSeverity                : loaded 2 times (x 79B)
Class org.jetbrains.kotlin.descriptors.Named                                          : loaded 2 times (x 70B)
Class org.jetbrains.org.objectweb.asm.tree.JumpInsnNode                               : loaded 2 times (x 78B)
Class com.google.common.collect.FluentIterable$3                                      : loaded 2 times (x 81B)
Class com.google.protobuf.ByteString$ArraysByteArrayCopier                            : loaded 2 times (x 74B)
Class kotlin.jvm.internal.MutablePropertyReference0Impl                               : loaded 2 times (x 137B)
Class com.google.wireless.android.sdk.stats.PreviewRefreshEvent                       : loaded 2 times (x 211B)
Class com.google.wireless.android.sdk.stats.LayoutEditorEvent                         : loaded 2 times (x 234B)
Class com.google.wireless.android.sdk.stats.StudioRunEventOrBuilder                   : loaded 2 times (x 70B)
Class com.google.protobuf.Internal$ProtobufList                                       : loaded 2 times (x 70B)
Class org.jetbrains.kotlin.fir.resolve.calls.tower.InvokeFunctionResolveTask$runResolverForBuiltinInvokeExtensionWithExplicitArgument$1: loaded 2 times (x 88B)
Class kotlin.script.experimental.host.ScriptingHostConfiguration                      : loaded 2 times (x 72B)
Class org.jetbrains.kotlin.fir.resolve.SAMInfo                                        : loaded 2 times (x 72B)
Class org.jetbrains.kotlin.fir.resolve.calls.tower.FirInvokeResolveTowerExtension$enqueueResolverTasksForInvoke$3: loaded 2 times (x 95B)
Class org.jetbrains.kotlin.resolve.jvm.AsmTypes$1                                     : loaded 2 times (x 71B)
Class org.jetbrains.kotlin.fir.expressions.impl.FirClassReferenceExpressionImpl       : loaded 2 times (x 118B)
Class org.jetbrains.kotlin.fir.expressions.FirClassReferenceExpression                : loaded 2 times (x 117B)
Class org.jetbrains.kotlin.fir.resolve.calls.NoCompanionObject                        : loaded 2 times (x 72B)
Class org.jetbrains.kotlin.fir.references.FirDelegateFieldReference                   : loaded 2 times (x 92B)
Class org.jetbrains.kotlin.types.TypeApproximatorConfiguration$PublicDeclaration      : loaded 2 times (x 85B)
Class org.jetbrains.kotlin.types.model.TypeSystemContextHelpersKt                     : loaded 2 times (x 71B)
Class org.jetbrains.kotlin.fir.resolve.calls.ConeResolutionAtomWithPostponedChild     : loaded 2 times (x 73B)
Class org.jetbrains.kotlin.fir.scopes.impl.FirIntegerConstantOperatorScopeKt          : loaded 2 times (x 71B)
Class org.jetbrains.kotlin.fir.resolve.calls.ConeResolutionAtom                       : loaded 2 times (x 72B)
Class org.jetbrains.kotlin.fir.declarations.Checks$Returns                            : loaded 2 times (x 71B)
Class org.jetbrains.kotlin.fir.EnumClassUtilsKt                                       : loaded 2 times (x 71B)
Class org.jetbrains.kotlin.metadata.ProtoBuf$Effect$EffectConditionKind$1             : loaded 2 times (x 74B)
Class org.jetbrains.kotlin.fir.declarations.impl.FirDefaultPropertyBackingField       : loaded 2 times (x 221B)
Class org.jetbrains.kotlin.serialization.deserialization.descriptors.DeserializedContainerSource: loaded 2 times (x 70B)
Class org.jetbrains.kotlin.fir.resolve.transformers.body.resolve.FirAbstractBodyResolveTransformerDispatcher: loaded 2 times (x 483B)
Class org.jetbrains.kotlin.fir.declarations.FirDeclarationOrigin$Synthetic$ScriptTopLevelDestructuringDeclarationContainer: loaded 2 times (x 72B)
Class org.jetbrains.kotlin.fir.FirLookupTrackerComponentKt                            : loaded 2 times (x 71B)
Class org.jetbrains.kotlin.fir.builder.AbstractRawFirBuilder$Companion                : loaded 2 times (x 71B)
Class org.jetbrains.kotlin.fir.deserialization.AnnotationDeserializerWithProtocol     : loaded 2 times (x 88B)
Class org.jetbrains.kotlin.fir.extensions.FirExtensionRegistrar$Companion             : loaded 2 times (x 71B)
Class org.jetbrains.kotlin.descriptors.EffectiveVisibilityKt                          : loaded 2 times (x 71B)
Class [Lorg.jetbrains.kotlin.fir.declarations.FirResolvePhase;                        : loaded 2 times (x 69B)
Class org.jetbrains.kotlin.fir.resolve.providers.impl.FirSyntheticFunctionInterfaceProviderBase$symbolNamesProvider$1: loaded 2 times (x 83B)
Class org.jetbrains.kotlin.fir.scopes.impl.FirAbstractOverrideChecker                 : loaded 2 times (x 80B)
Class org.jetbrains.kotlin.fir.types.TypeUtilsKt                                      : loaded 2 times (x 71B)
Class org.jetbrains.kotlin.fir.resolve.FirSamConstructorStorage                       : loaded 2 times (x 72B)
Class org.jetbrains.kotlin.fir.types.TypeComponents$typeContext$1                     : loaded 2 times (x 1087B)
Class org.jetbrains.kotlin.utils.exceptions.KotlinIllegalStateExceptionWithAttachments: loaded 2 times (x 92B)
Class com.android.resources.KeyboardState                                             : loaded 2 times (x 86B)
Class com.android.ide.common.rendering.api.AttrResourceValueImpl                      : loaded 2 times (x 124B)
Class com.android.utils.PositionXmlParser$AbstractParserPool                          : loaded 2 times (x 70B)
Class org.jetbrains.kotlin.types.Variance                                             : loaded 2 times (x 80B)
Class com.google.common.reflect.Types$ClassOwnership$3                                : loaded 2 times (x 71B)
Class it.unimi.dsi.fastutil.ints.IntArrays$ForkJoinQuickSort2                         : loaded 2 times (x 96B)
Class it.unimi.dsi.fastutil.objects.ObjectBidirectionalIterator                       : loaded 2 times (x 70B)
Class org.jetbrains.kotlin.descriptors.DescriptorVisibilities$5                       : loaded 2 times (x 79B)
Class org.jetbrains.kotlin.config.LanguageFeatureBehaviorAfterSinceVersion$CanStillBeDisabledForNow: loaded 2 times (x 72B)
Class kotlin.reflect.jvm.internal.impl.builtins.jvm.JavaToKotlinClassMap              : loaded 2 times (x 71B)
Class kotlin.reflect.jvm.internal.KotlinReflectionInternalError                       : loaded 2 times (x 82B)
Class org.jetbrains.kotlin.psi.stubs.KotlinStubElement                                : loaded 2 times (x 70B)
Class [Lorg.jetbrains.kotlin.psi.KtAnnotation;                                        : loaded 2 times (x 69B)
Class [Lorg.jetbrains.kotlin.psi.KtEnumEntry;                                         : loaded 2 times (x 69B)
Class org.jetbrains.kotlin.psi.KtTypeParameterList                                    : loaded 2 times (x 444B)
Class it.unimi.dsi.fastutil.objects.AbstractReference2ObjectFunction                  : loaded 2 times (x 100B)
Class it.unimi.dsi.fastutil.ints.Int2ObjectMap$FastEntrySet                           : loaded 2 times (x 70B)
Class [Lorg.jetbrains.kotlin.name.ClassId;                                            : loaded 2 times (x 69B)
Class com.android.tools.lint.model.DefaultLintModelVariant$artifact$2                 : loaded 2 times (x 79B)
Class [Lorg.jetbrains.kotlin.psi.KtSuperTypeListEntry;                                : loaded 2 times (x 69B)
Class com.android.tools.lint.model.LintModelMavenName$Companion                       : loaded 2 times (x 71B)
Class org.jetbrains.kotlin.psi.KtCollectionLiteralExpression                          : loaded 2 times (x 567B)
Class org.apache.commons.io.output.NullOutputStream                                   : loaded 2 times (x 85B)
Class org.gradle.api.internal.classpath.Module                                        : loaded 2 times (x 70B)
Class com.google.protobuf.ByteString$BoundedByteString                                : loaded 2 times (x 106B)
Class com.google.wireless.android.sdk.stats.JvmDetails$Builder                        : loaded 2 times (x 315B)
Class com.google.wireless.android.sdk.stats.GarbageCollectionStats                    : loaded 2 times (x 201B)
Class com.google.wireless.android.sdk.stats.IDeviceUsageEvent                         : loaded 2 times (x 199B)
Class com.google.wireless.android.sdk.stats.AdbServerStatus                           : loaded 2 times (x 207B)
Class com.google.wireless.android.sdk.stats.EmulatorConsoleEvent                      : loaded 2 times (x 201B)
Class com.google.wireless.android.sdk.stats.SmlTransformEventOrBuilder                : loaded 2 times (x 70B)
Class com.google.protobuf.ExtensionRegistry$ExtensionInfo                             : loaded 2 times (x 72B)
Class org.jetbrains.kotlin.scripting.compiler.plugin.services.FirScriptDefinitionProviderServiceKt: loaded 2 times (x 71B)
Class org.jetbrains.kotlin.diagnostics.LightTreePositioningStrategies$UNREACHABLE_CODE$1: loaded 2 times (x 74B)
Class org.jetbrains.kotlin.fir.java.scopes.JavaAnnotationSyntheticPropertiesScope     : loaded 2 times (x 86B)
Class [Lorg.jetbrains.kotlin.fir.expressions.FirAnnotationResolvePhase;               : loaded 2 times (x 69B)
Class org.jetbrains.kotlin.fir.declarations.FirDeclarationOrigin$Synthetic$FakeHiddenInPreparationForNewJdk: loaded 2 times (x 72B)
Class org.jetbrains.kotlin.fir.resolve.transformers.UpdateReference                   : loaded 2 times (x 389B)
Class org.jetbrains.kotlin.fir.resolve.dfa.UtilKt                                     : loaded 2 times (x 71B)
Class org.jetbrains.kotlin.fir.resolve.calls.stages.ImplicitArgumentDescription       : loaded 2 times (x 72B)
Class org.jetbrains.kotlin.fir.expressions.impl.FirEqualityOperatorCallImpl           : loaded 2 times (x 135B)
Class org.jetbrains.kotlin.fir.resolve.transformers.body.resolve.ImplicitBodyResolveComputationSession: loaded 2 times (x 73B)
Class org.jetbrains.kotlin.fir.scopes.MemberWithBaseScope                             : loaded 2 times (x 72B)
Class org.jetbrains.kotlin.fir.declarations.Checks$ValueParametersCount               : loaded 2 times (x 71B)
Class org.jetbrains.kotlin.load.kotlin.MemberSignature                                : loaded 2 times (x 72B)
Class org.jetbrains.kotlin.metadata.deserialization.VersionRequirement$Companion      : loaded 2 times (x 71B)
Class org.jetbrains.kotlin.psi.stubs.elements.KtStringInterpolationPrefixElementType  : loaded 2 times (x 100B)
Class it.unimi.dsi.fastutil.objects.ObjectOpenHashSet$SetIterator                     : loaded 2 times (x 82B)
Class org.jetbrains.kotlin.fir.java.FirJavaFacadeKt                                   : loaded 2 times (x 71B)
Class org.jetbrains.kotlin.fir.java.JavaSymbolProvider$ClassCacheContext              : loaded 2 times (x 72B)
Class org.jetbrains.kotlin.types.TypeSystemCommonBackendContextForTypeMapping         : loaded 2 times (x 70B)
Class org.jetbrains.kotlin.psi.KtWhileExpression                                      : loaded 2 times (x 440B)
Class org.jetbrains.kotlin.resolve.calls.inference.components.ConstraintInjector      : loaded 2 times (x 72B)
Class com.google.common.collect.AbstractMultimap$Values                               : loaded 2 times (x 118B)
Class [Lcom.android.resources.GrammaticalGender;                                      : loaded 2 times (x 69B)
Class com.android.ide.common.resources.configuration.VersionQualifier$Companion       : loaded 2 times (x 71B)
Class com.android.utils.PositionXmlParser$ReleasableParserContainer                   : loaded 2 times (x 76B)
Class org.jetbrains.kotlin.metadata.deserialization.VersionSpecificBehaviorKt         : loaded 2 times (x 71B)
Class it.unimi.dsi.fastutil.ints.IntOpenHashSet                                       : loaded 2 times (x 239B)
Class kotlin.reflect.jvm.internal.KClassImpl$Data$$Lambda$0                           : loaded 2 times (x 76B)
Class org.jetbrains.kotlin.cli.jvm.compiler.KotlinCliJavaFileManagerImpl              : loaded 2 times (x 93B)
Class it.unimi.dsi.fastutil.objects.ObjectSpliterator                                 : loaded 2 times (x 70B)
Class org.jetbrains.kotlin.metadata.jvm.JvmModuleProtoBuf$Module                      : loaded 2 times (x 124B)
Class org.jetbrains.kotlin.psi.KtPropertyDelegate                                     : loaded 2 times (x 377B)
Class org.jetbrains.kotlin.psi.stubs.KotlinStringInterpolationPrefixStub              : loaded 2 times (x 70B)
Class org.jetbrains.kotlin.psi.KtTypeParameterListOwner                               : loaded 2 times (x 70B)
Class org.jetbrains.kotlin.metadata.ProtoBuf$QualifiedNameTable$QualifiedNameOrBuilder: loaded 2 times (x 70B)
Class kotlin.collections.CharIterator                                                 : loaded 2 times (x 82B)
Class org.jetbrains.kotlin.resolve.jvm.extensions.AnalysisHandlerExtension            : loaded 2 times (x 70B)
Class com.google.common.cache.Weigher                                                 : loaded 2 times (x 70B)
Class org.gradle.api.internal.classpath.UnknownModuleException                        : loaded 2 times (x 82B)
Class com.google.wireless.android.sdk.stats.ApkAnalyzerStats                          : loaded 2 times (x 199B)
Class com.google.gson.stream.JsonReader$1                                             : loaded 2 times (x 72B)
Class kotlin.script.experimental.api.ScriptEvaluationConfiguration                    : loaded 2 times (x 72B)
Class kotlin.script.experimental.api.IdeScriptCompilationConfigurationBuilder$Companion: loaded 2 times (x 71B)
Class org.jetbrains.kotlin.diagnostics.PositioningStrategies$FOR_UNRESOLVED_REFERENCE$1: loaded 2 times (x 74B)
Class org.jetbrains.kotlin.diagnostics.PositioningStrategies$CONTEXT_KEYWORD$1        : loaded 2 times (x 74B)
Class org.jetbrains.kotlin.diagnostics.LightTreePositioningStrategies$DECLARATION_SIGNATURE$1: loaded 2 times (x 74B)
Class org.jetbrains.kotlin.KtFakeSourceElementKind$ImplicitInvokeCall                 : loaded 2 times (x 72B)
Class org.jetbrains.kotlin.KtFakeSourceElementKind$SyntheticCall                      : loaded 2 times (x 72B)
Class org.jetbrains.kotlin.fir.resolve.calls.tower.TowerGroupKind$Local               : loaded 2 times (x 76B)
Class org.jetbrains.kotlin.resolve.calls.inference.components.TypeVariableDependencyInformationProvider: loaded 2 times (x 72B)
Class org.jetbrains.kotlin.fir.resolve.calls.stages.CheckLowPriorityInOverloadResolution: loaded 2 times (x 72B)
Class org.jetbrains.kotlin.fir.resolve.calls.ImplicitValue                            : loaded 2 times (x 76B)
Class [Lorg.jetbrains.kotlin.lang.BinaryOperationPrecedence;                          : loaded 2 times (x 69B)
Class org.jetbrains.kotlin.load.kotlin.JvmTypeFactory                                 : loaded 2 times (x 70B)
Class org.jetbrains.kotlin.fir.scopes.FirTypeScopeKt$getDirectOverriddenFunctions$$inlined$processDirectlyOverriddenFunctions$1: loaded 2 times (x 75B)
Class org.jetbrains.kotlin.load.kotlin.SignatureBuildingComponentsKt                  : loaded 2 times (x 71B)
Class org.jetbrains.kotlin.psi.KtBlockExpression                                      : loaded 2 times (x 548B)
Class org.jetbrains.kotlin.fir.java.declarations.UtilsKt                              : loaded 2 times (x 71B)
Class [Lorg.jetbrains.kotlin.descriptors.annotations.AnnotationUseSiteTarget;         : loaded 2 times (x 69B)
Class org.jetbrains.kotlin.load.java.AbstractJavaClassFinder                          : loaded 2 times (x 90B)
Class org.jetbrains.kotlin.fir.types.ConeDynamicType                                  : loaded 2 times (x 80B)
Class org.jetbrains.kotlin.fir.types.ConeTypeContext                                  : loaded 2 times (x 70B)
Class org.jetbrains.kotlin.fir.types.impl.FirImplicitIntTypeRef                       : loaded 2 times (x 109B)
Class com.android.ide.common.resources.configuration.TouchScreenQualifier             : loaded 2 times (x 90B)
Class org.jetbrains.kotlin.resolve.jvm.KotlinFinderMarker                             : loaded 2 times (x 70B)
Class org.jetbrains.kotlin.metadata.ProtoBuf$QualifiedNameTable$QualifiedName         : loaded 2 times (x 110B)
Class org.jetbrains.kotlin.metadata.jvm.deserialization.BinaryModuleData              : loaded 2 times (x 72B)
Class kotlin.reflect.jvm.internal.KClassImpl$Data$$Lambda$1                           : loaded 2 times (x 76B)
Class kotlin.reflect.jvm.internal.impl.name.FqNameUnsafe$Companion                    : loaded 2 times (x 71B)
Class [Lcom.android.resources.ResourceType;                                           : loaded 2 times (x 69B)
Class [Lcom.android.resources.WideGamutColor;                                         : loaded 2 times (x 69B)
Class org.jetbrains.kotlin.load.java.JavaAnnotationProvider                           : loaded 2 times (x 70B)
Class org.jetbrains.kotlin.psi.KtClassLiteralExpression                               : loaded 2 times (x 577B)
Class org.jetbrains.kotlin.psi.KtSuperTypeCallEntry                                   : loaded 2 times (x 517B)
Class org.jetbrains.kotlin.psi.KtSuperTypeList                                        : loaded 2 times (x 445B)
Class org.jetbrains.kotlin.psi.LambdaArgument                                         : loaded 2 times (x 70B)
Class [Lorg.jetbrains.kotlin.psi.KtTypeConstraintList;                                : loaded 2 times (x 69B)
Class org.jetbrains.kotlin.lexer.KtToken                                              : loaded 2 times (x 75B)
Class org.jetbrains.kotlin.config.ApiVersion                                          : loaded 2 times (x 86B)
Class org.jetbrains.kotlin.platform.TargetPlatformVersion$NoVersion                   : loaded 2 times (x 74B)
Class com.android.prefs.VariableValue                                                 : loaded 2 times (x 82B)
Class com.android.prefs.AbstractAndroidLocations$Companion                            : loaded 2 times (x 71B)
Class org.jetbrains.kotlin.fir.scopes.impl.FirGeneratedMemberDeclarationsStorage$StorageContext: loaded 2 times (x 72B)
Class kotlin.internal.PlatformImplementationsKt                                       : loaded 2 times (x 71B)
Class org.apache.commons.io.Charsets                                                  : loaded 2 times (x 71B)
Class com.google.common.base.Stopwatch                                                : loaded 2 times (x 72B)
Class com.google.common.cache.LocalCache$Strength                                     : loaded 2 times (x 81B)
Class com.google.common.cache.Cache                                                   : loaded 2 times (x 70B)
Class com.google.protobuf.CodedOutputStream$ByteOutputEncoder                         : loaded 2 times (x 110B)
Class com.google.wireless.android.sdk.stats.TestRecorderDetails                       : loaded 2 times (x 197B)
Class com.google.wireless.android.sdk.stats.ApkDebugProject                           : loaded 2 times (x 197B)
Class com.google.wireless.android.sdk.stats.SdkIndexProjectStatsOrBuilder             : loaded 2 times (x 70B)
Class com.google.wireless.android.sdk.stats.SigningWizardEventOrBuilder               : loaded 2 times (x 70B)
Class com.android.tools.analytics.AnonymousUsageTrackerWriter$Companion               : loaded 2 times (x 71B)
Class org.jetbrains.kotlin.fir.resolve.calls.NotFunctionAsOperator                    : loaded 2 times (x 72B)
Class kotlin.script.experimental.jvm.JvmScriptingHostConfigurationBuilder             : loaded 2 times (x 72B)
Class kotlin.script.experimental.api.SourceCode                                       : loaded 2 times (x 70B)
Class org.jetbrains.kotlin.diagnostics.LightTreePositioningStrategies$SPREAD_OPERATOR$1: loaded 2 times (x 74B)
Class org.jetbrains.kotlin.fir.resolve.dfa.cfg.VariableAssignmentNode                 : loaded 2 times (x 82B)
Class org.jetbrains.kotlin.fir.resolve.calls.SyntheticsKt                             : loaded 2 times (x 71B)
Class org.jetbrains.kotlin.fir.declarations.FirDeclarationOrigin$SubstitutionOverride$CallSite: loaded 2 times (x 72B)
Class org.jetbrains.kotlin.fir.expressions.ExhaustivenessStatus$RedundantlyExhaustive : loaded 2 times (x 71B)
Class org.jetbrains.kotlin.fir.scopes.ConeSubstitutionScopeKey                        : loaded 2 times (x 72B)
Class org.jetbrains.kotlin.fir.scopes.FirUnstableSmartcastTypeScope                   : loaded 2 times (x 85B)
Class org.jetbrains.kotlin.fir.types.impl.FirTypeProjectionWithVarianceImpl           : loaded 2 times (x 90B)
Class org.jetbrains.kotlin.resolve.calls.inference.components.VariableFixationFinder$VariableForFixation: loaded 2 times (x 72B)
Class org.jetbrains.kotlin.fir.resolve.calls.candidate.CandidateTraversalKt           : loaded 2 times (x 71B)
Class org.jetbrains.kotlin.fir.resolve.calls.stages.EagerResolveOfCallableReferences$check$1: loaded 2 times (x 88B)
Class org.jetbrains.kotlin.resolve.calls.inference.model.VariableWithConstraints      : loaded 2 times (x 70B)
Class org.jetbrains.kotlin.resolve.calls.inference.ConstraintSystemBuilder            : loaded 2 times (x 70B)
Class org.jetbrains.kotlin.fir.resolve.calls.candidate.FirNamedReferenceWithCandidate : loaded 2 times (x 91B)
Class org.jetbrains.kotlin.fir.resolve.dfa.PersistentFlow                             : loaded 2 times (x 77B)
Class org.jetbrains.kotlin.fir.resolve.dfa.cfg.ControlFlowGraph$Kind                  : loaded 2 times (x 79B)
Class org.jetbrains.kotlin.fir.expressions.impl.FirExpressionStub                     : loaded 2 times (x 116B)
Class org.jetbrains.kotlin.fir.symbols.impl.FirFieldSymbol                            : loaded 2 times (x 77B)
Class org.jetbrains.kotlin.fir.java.scopes.JavaClassMembersEnhancementScope           : loaded 2 times (x 86B)
Class [Lorg.jetbrains.kotlin.fir.declarations.FirTypeParameterRefsOwner;              : loaded 2 times (x 69B)
Class org.jetbrains.kotlin.fir.java.deserialization.JvmBinaryAnnotationDeserializer$WhenMappings: loaded 2 times (x 71B)
Class org.jetbrains.kotlin.fir.resolve.providers.impl.FirFallbackBuiltinSymbolProvider: loaded 2 times (x 84B)
Class org.jetbrains.kotlin.name.CallableIdKt                                          : loaded 2 times (x 71B)
Class org.jetbrains.kotlin.KtPsiSourceFileLinesMapping                                : loaded 2 times (x 79B)
Class org.jetbrains.kotlin.fir.deserialization.ModuleDataProvider                     : loaded 2 times (x 74B)
Class org.jetbrains.kotlin.fir.resolve.FirSamConversionTransformerExtension           : loaded 2 times (x 76B)
Class org.jetbrains.kotlin.name.StandardClassIds$Callables                            : loaded 2 times (x 71B)
Class org.jetbrains.kotlin.fir.declarations.FirDeclarationOrigin                      : loaded 2 times (x 72B)
Class org.jetbrains.kotlin.serialization.deserialization.NameResolverUtilKt           : loaded 2 times (x 71B)
Class org.jetbrains.kotlin.fir.serialization.FirProvidedDeclarationsForMetadataService$Companion: loaded 2 times (x 71B)
Class org.jetbrains.kotlin.fir.declarations.FirMustUseReturnValueStatusComponent      : loaded 2 times (x 75B)
Class org.jetbrains.kotlin.fir.types.impl.FirImplicitUnitTypeRef                      : loaded 2 times (x 109B)
Class com.android.ide.common.rendering.api.ResourceNamespace$ResAutoNamespace         : loaded 2 times (x 80B)
Class kotlin.reflect.jvm.internal.KPackageImpl$$Lambda$0                              : loaded 2 times (x 76B)
Class org.jetbrains.kotlin.fir.java.FirJavaFacade$Companion                           : loaded 2 times (x 71B)
Class org.jetbrains.kotlin.fir.resolve.transformers.ImportUtilsKt                     : loaded 2 times (x 71B)
Class org.jetbrains.kotlin.fir.resolve.transformers.plugin.AbstractFirSpecificAnnotationResolveTransformer$FirEnumAnnotationArgumentsTransformerDispatcher: loaded 2 times (x 483B)
Class com.google.common.io.Files$2                                                    : loaded 2 times (x 76B)
Class kotlin.reflect.jvm.internal.KClassImpl$Data$$Lambda$2                           : loaded 2 times (x 76B)
Class org.jetbrains.kotlin.fir.resolve.calls.overloads.FirOverloadByLambdaReturnTypeResolver: loaded 2 times (x 72B)
Class org.jetbrains.kotlin.fir.scopes.impl.FirPackageMemberScopeKt$special$$inlined$scopeSessionKey$1: loaded 2 times (x 71B)
Class org.jetbrains.kotlin.fir.types.ConeTypeUtilsKt$WhenMappings                     : loaded 2 times (x 71B)
Class [Lorg.jetbrains.kotlin.psi.KtLambdaArgument;                                    : loaded 2 times (x 69B)
Class org.jetbrains.kotlin.psi.stubs.KotlinUserTypeStub                               : loaded 2 times (x 70B)
Class org.jetbrains.kotlin.psi.stubs.elements.KtSecondaryConstructorElementType       : loaded 2 times (x 100B)
Class [Lorg.jetbrains.kotlin.psi.KtTypeAlias;                                         : loaded 2 times (x 69B)
Class org.jetbrains.kotlin.cli.common.CLIConfigurationKeys                            : loaded 2 times (x 71B)
Class com.android.tools.lint.model.LintModelAndroidArtifact                           : loaded 2 times (x 70B)
Class [Lcom.android.tools.lint.model.LintModelSerialization$TargetFile;               : loaded 2 times (x 69B)
Class org.jetbrains.kotlin.fir.symbols.impl.FirTypeParameterSymbol                    : loaded 2 times (x 81B)
Class org.jetbrains.kotlin.build.report.metrics.BuildMetricsReporter                  : loaded 2 times (x 70B)
Class com.google.common.collect.AbstractMultimap$Entries                              : loaded 2 times (x 120B)
Class org.apache.commons.io.filefilter.IOFileFilter                                   : loaded 2 times (x 70B)
Class com.google.common.io.AppendableWriter                                           : loaded 2 times (x 100B)
Class com.google.common.util.concurrent.AbstractFuture$Cancellation                   : loaded 2 times (x 72B)
Class com.google.wireless.android.sdk.stats.GarbageCollectionStats$Builder            : loaded 2 times (x 301B)
Class com.google.wireless.android.sdk.stats.UpgradeAssistantComponentEvent            : loaded 2 times (x 215B)
Class com.google.wireless.android.sdk.stats.SuppressedSyncEvent                       : loaded 2 times (x 197B)
Class com.google.wireless.android.sdk.stats.GradlePluginDslUsageStatsOrBuilder        : loaded 2 times (x 70B)
Class com.google.wireless.android.sdk.stats.MotionLayoutEditorEventOrBuilder          : loaded 2 times (x 70B)
Class kotlin.script.experimental.util.PropertiesCollection                            : loaded 2 times (x 72B)
Class org.jetbrains.kotlin.diagnostics.PositioningStrategies$IMPORT_LAST_BUT_ONE_NAME$1: loaded 2 times (x 74B)
Class org.jetbrains.kotlin.diagnostics.PositioningStrategies$ANNOTATION_USE_SITE$1    : loaded 2 times (x 74B)
Class com.google.common.collect.LinkedHashMultimap                                    : loaded 2 times (x 175B)
Class org.jetbrains.kotlin.fir.resolve.FirSamResolver$SamConversionInfo               : loaded 2 times (x 72B)
Class org.jetbrains.kotlin.fir.resolve.calls.tower.FirTowerResolver$enqueueResolutionTasks$1: loaded 2 times (x 95B)
Class org.jetbrains.kotlin.fir.builder.FirLabelBuilder                                : loaded 2 times (x 72B)
Class org.jetbrains.kotlin.KtFakeSourceElementKind$WhenCondition                      : loaded 2 times (x 72B)
Class org.jetbrains.kotlin.KtFakeSourceElementKind$ReferenceInAtomicQualifiedAccess   : loaded 2 times (x 72B)
Class org.jetbrains.kotlin.fir.types.FirTypeProjection                                : loaded 2 times (x 87B)
Class [Lorg.jetbrains.kotlin.resolve.calls.inference.components.TypeVariableDirectionCalculator$ResolveDirection;: loaded 2 times (x 69B)
Class org.jetbrains.kotlin.fir.resolve.ResolutionMode$WithExpectedType                : loaded 2 times (x 72B)
Class org.jetbrains.kotlin.resolve.calls.inference.model.InitialConstraint            : loaded 2 times (x 72B)
Class [Lorg.jetbrains.kotlin.resolve.calls.inference.model.NewConstraintSystemImpl$State;: loaded 2 times (x 69B)
Class org.jetbrains.kotlin.codegen.signature.BothSignatureWriter$Mode                 : loaded 2 times (x 79B)
Class org.jetbrains.kotlin.fir.types.ConeClassLikeErrorLookupTag                      : loaded 2 times (x 76B)
Class org.jetbrains.kotlin.fir.types.ConeAttributeWithConeType                        : loaded 2 times (x 81B)
Class org.jetbrains.kotlin.fir.java.declarations.FirJavaTypeParameter$BoundsEnhancementState: loaded 2 times (x 73B)
Class [Lorg.jetbrains.kotlin.load.java.typeEnhancement.MutabilityQualifier;           : loaded 2 times (x 69B)
Class org.jetbrains.kotlin.fir.java.JavaTypeParameterStack                            : loaded 2 times (x 80B)
Class org.jetbrains.kotlin.fir.resolve.providers.impl.FirTypeCandidateCollector       : loaded 2 times (x 72B)
Class org.jetbrains.kotlin.fir.scopes.impl.DefaultImportPriority$HIGH                 : loaded 2 times (x 80B)
Class org.jetbrains.kotlin.fir.resolve.calls.overloads.ConeEquivalentCallConflictResolver$Companion: loaded 2 times (x 71B)
Class org.jetbrains.kotlin.cli.jvm.compiler.KotlinCliJavaFileManagerImpl$findPackage$3: loaded 2 times (x 795B)
Class org.jetbrains.kotlin.utils.SmartSet                                             : loaded 2 times (x 143B)
Class org.jetbrains.kotlin.fir.declarations.FirProperty                               : loaded 2 times (x 214B)
Class org.jetbrains.kotlin.fir.InitialSignatureKey                                    : loaded 2 times (x 71B)
Class org.jetbrains.kotlin.fir.resolve.providers.FirProviderKt                        : loaded 2 times (x 71B)
Class org.jetbrains.kotlin.resolve.jvm.NotFoundPackagesCachingStrategy$Default        : loaded 2 times (x 74B)
Class org.jetbrains.kotlin.load.java.JavaClassFinderImpl                              : loaded 2 times (x 90B)
Class org.jetbrains.kotlin.fir.resolve.providers.impl.AbstractFirBuiltinSymbolProvider: loaded 2 times (x 84B)
Class org.jetbrains.kotlin.fir.resolve.calls.overloads.FirDeclarationOverloadabilityHelperImpl: loaded 2 times (x 77B)
Class org.jetbrains.kotlin.types.model.TypeSystemBuiltInsContext                      : loaded 2 times (x 70B)
Class org.jetbrains.kotlin.fir.FirSession                                             : loaded 2 times (x 83B)
Class org.jetbrains.kotlin.fir.java.FirLazyJavaDeclarationList                        : loaded 2 times (x 75B)
Class com.android.tools.lint.model.LintModelJavaArtifact                              : loaded 2 times (x 70B)
Class org.jetbrains.kotlin.descriptors.annotations.KotlinTarget                       : loaded 2 times (x 80B)
Class [Lorg.jetbrains.kotlin.psi.KtProjectionKind;                                    : loaded 2 times (x 69B)
Class org.jetbrains.kotlin.cli.jvm.index.SingleJavaFileRootsIndex                     : loaded 2 times (x 72B)
Class org.jetbrains.kotlin.resolve.jvm.modules.JavaModuleFinder                       : loaded 2 times (x 70B)
Class [Lkotlin.reflect.jvm.internal.impl.builtins.PrimitiveType;                      : loaded 2 times (x 69B)
Class kotlin.reflect.jvm.internal.impl.builtins.StandardNames                         : loaded 2 times (x 71B)
Class kotlin.reflect.jvm.internal.KClassImpl$Data$$Lambda$3                           : loaded 2 times (x 76B)
Class kotlin.reflect.jvm.internal.ReflectProperties$LazySoftVal                       : loaded 2 times (x 78B)
Class org.jetbrains.kotlin.fir.resolve.calls.tower.FirInvokeResolveTowerExtension     : loaded 2 times (x 72B)
Class org.jetbrains.kotlin.fir.resolve.calls.ConstructorProcessingKt                  : loaded 2 times (x 71B)
Class org.jetbrains.kotlin.psi.KtBinaryExpression                                     : loaded 2 times (x 503B)
Class [Lorg.jetbrains.kotlin.psi.LambdaArgument;                                      : loaded 2 times (x 69B)
Class org.jetbrains.kotlin.lexer.KtModifierKeywordToken                               : loaded 2 times (x 78B)
Class [Lorg.jetbrains.kotlin.psi.KtTypeParameterList;                                 : loaded 2 times (x 69B)
Class [Lorg.jetbrains.kotlin.psi.KtNamedFunction;                                     : loaded 2 times (x 69B)
Class [Lorg.jetbrains.kotlin.psi.KtNamedDeclarationStub;                              : loaded 2 times (x 69B)
Class org.jetbrains.kotlin.fir.declarations.impl.FirAnonymousFunctionImpl             : loaded 2 times (x 228B)
Class org.jetbrains.org.objectweb.asm.tree.VarInsnNode                                : loaded 2 times (x 78B)
Class com.google.common.base.Present                                                  : loaded 2 times (x 81B)
Class com.google.common.collect.AbstractMapBasedMultimap$AsMap$AsMapIterator          : loaded 2 times (x 83B)
Class com.google.common.cache.RemovalListener                                         : loaded 2 times (x 70B)
Class org.gradle.api.internal.DefaultClassPathRegistry                                : loaded 2 times (x 76B)
Class com.google.wireless.android.sdk.stats.ApplyChangesAgentError                    : loaded 2 times (x 205B)
Class com.google.wireless.android.sdk.stats.SmlTransformEvent                         : loaded 2 times (x 217B)
Class com.android.tools.analytics.AnalyticsSettings$optedIn$1                         : loaded 2 times (x 78B)
Class org.jetbrains.kotlin.fir.resolve.calls.tower.InvokeFunctionResolveTask$runResolverForBuiltinInvokeExtensionWithImplicitArgument$1: loaded 2 times (x 88B)
Class org.jetbrains.kotlin.diagnostics.PositioningStrategies$DOT_BY_QUALIFIED$1       : loaded 2 times (x 74B)
Class org.jetbrains.kotlin.diagnostics.PositioningStrategies$IMPORT_ALIAS$1           : loaded 2 times (x 74B)
Class org.jetbrains.kotlin.resolve.calls.inference.model.LambdaArgumentConstraintPosition: loaded 2 times (x 72B)
Class org.jetbrains.kotlin.KtFakeSourceElementKind$DesugaredForLoop                   : loaded 2 times (x 72B)
Class [Lorg.jetbrains.kotlin.fir.resolve.transformers.WhenExhaustivenessChecker;      : loaded 2 times (x 69B)
Class org.jetbrains.kotlin.fir.declarations.builder.FirReceiverParameterBuilder       : loaded 2 times (x 76B)
Class org.jetbrains.kotlin.fir.references.FirReferenceUtilsKt                         : loaded 2 times (x 71B)
Class org.jetbrains.kotlin.fir.declarations.FirConstructedClassTypeParameterRef       : loaded 2 times (x 96B)
Class [Lorg.jetbrains.kotlin.fir.resolve.calls.stages.FirCallArgumentsProcessor$State;: loaded 2 times (x 69B)
Class org.jetbrains.kotlin.fir.resolve.calls.tower.FirTowerResolver$enqueueResolutionTasks$2: loaded 2 times (x 95B)
Class org.jetbrains.kotlin.fir.resolve.dfa.cfg.CFGNodeKt                              : loaded 2 times (x 71B)
Class org.jetbrains.kotlin.load.java.JvmAbi                                           : loaded 2 times (x 71B)
Class org.jetbrains.kotlin.fir.resolve.transformers.FirTypeResolveTransformer         : loaded 2 times (x 403B)
Class org.jetbrains.kotlin.builtins.PrimitiveType                                     : loaded 2 times (x 79B)
Class org.jetbrains.kotlin.resolve.ReturnValueStatus$Companion                        : loaded 2 times (x 71B)
Class org.jetbrains.kotlin.fir.deserialization.AbstractFirDeserializedSymbolProvider$findAndDeserializeClass$1: loaded 2 times (x 125B)
Class org.jetbrains.kotlin.fir.scopes.impl.FirClassSubstitutionScope$SubstitutedData  : loaded 2 times (x 72B)
Class org.jetbrains.kotlin.fir.extensions.OriginalCallDataKey                         : loaded 2 times (x 71B)
Class org.jetbrains.kotlin.fir.builder.PsiRawFirBuilder$Visitor$WhenMappings          : loaded 2 times (x 71B)
Class org.jetbrains.kotlin.fir.resolve.calls.ImplicitContextParameterValue            : loaded 2 times (x 76B)
Class org.jetbrains.kotlin.fir.resolve.substitution.ConeSubstitutor                   : loaded 2 times (x 74B)
Class [Lorg.jetbrains.kotlin.config.JvmDefaultMode;                                   : loaded 2 times (x 69B)
Class org.jetbrains.kotlin.fir.scopes.jvm.JvmMappedScope                              : loaded 2 times (x 85B)
Class org.jetbrains.kotlin.fir.scopes.impl.FirEnumEntriesSupport                      : loaded 2 times (x 73B)
Class org.jetbrains.kotlin.fir.scopes.impl.FirGeneratedMemberDeclarationsStorage$CallableStorage: loaded 2 times (x 72B)
Class kotlin.uuid.UuidKt__UuidKt                                                      : loaded 2 times (x 71B)
Class org.jetbrains.kotlin.fir.types.impl.FirImplicitShortTypeRef                     : loaded 2 times (x 109B)
Class org.jetbrains.kotlin.types.model.RigidTypeMarker                                : loaded 2 times (x 70B)
Class org.jetbrains.kotlin.fir.renderer.FirRenderer                                   : loaded 2 times (x 96B)
Class org.jetbrains.kotlin.fir.renderer.FirContextArgumentRenderer                    : loaded 2 times (x 73B)
Class org.jetbrains.kotlin.fir.resolve.calls.DeprecatedOverrideOfHidden               : loaded 2 times (x 71B)
Class kotlin.reflect.jvm.internal.KClassImpl$Data$$Lambda$4                           : loaded 2 times (x 76B)
Class org.jetbrains.kotlin.diagnostics.PositioningStrategies$SUPERTYPES_LIST$1        : loaded 2 times (x 74B)
Class org.jetbrains.kotlin.diagnostics.PositioningStrategies$DECLARATION_SIGNATURE_OR_DEFAULT$1: loaded 2 times (x 74B)
Class org.jetbrains.kotlin.psi.KtSimpleNameStringTemplateEntry                        : loaded 2 times (x 443B)
Class org.jetbrains.kotlin.psi.stubs.KotlinCollectionLiteralExpressionStub            : loaded 2 times (x 70B)
Class org.jetbrains.kotlin.psi.stubs.elements.KtConstantExpressionElementType$Companion: loaded 2 times (x 71B)
Class [Lorg.jetbrains.kotlin.psi.KtInitializerList;                                   : loaded 2 times (x 69B)
Class org.jetbrains.kotlin.psi.KtExpressionImplStub                                   : loaded 2 times (x 503B)
Class [Lorg.jetbrains.kotlin.psi.KtClassInitializer;                                  : loaded 2 times (x 69B)
Class org.jetbrains.kotlin.psi.KtVariableDeclaration                                  : loaded 2 times (x 70B)
Class org.jetbrains.kotlin.psi.KtClassOrObject                                        : loaded 2 times (x 1099B)
Class org.jetbrains.kotlin.diagnostics.PositioningStrategies$SPECIAL_CONSTRUCT_TOKEN$1: loaded 2 times (x 74B)
Class org.jetbrains.kotlin.scripting.definitions.ScriptDefinition$FromConfigurations  : loaded 2 times (x 115B)
Class org.jetbrains.kotlin.fir.builder.FirSyntaxErrorsDefaultMessages                 : loaded 2 times (x 76B)
Class com.google.protobuf.ExtensionRegistry                                           : loaded 2 times (x 87B)
Class com.android.sdklib.AndroidApiLevel                                              : loaded 2 times (x 74B)
Class com.android.tools.lint.model.LintModelLintOptions                               : loaded 2 times (x 70B)
Class com.android.prefs.PathLocator$singlePathOf$values$1                             : loaded 2 times (x 79B)
Class com.android.tools.lint.model.PathVariables$Companion$PATH_COMPARATOR$1          : loaded 2 times (x 78B)
Class com.google.common.reflect.Invokable$ConstructorInvokable                        : loaded 2 times (x 107B)
Class org.apache.commons.io.file.DeleteOption                                         : loaded 2 times (x 70B)
Class com.google.common.collect.ImmutableMultimap$Keys                                : loaded 2 times (x 166B)
Class org.gradle.internal.classpath.DefaultClassPath$ImmutableUniqueList              : loaded 2 times (x 199B)
Class org.gradle.api.internal.ClassPathRegistry                                       : loaded 2 times (x 70B)
Class com.google.wireless.android.sdk.stats.DeviceExplorerEvent                       : loaded 2 times (x 201B)
Class com.google.wireless.android.sdk.stats.NavSafeArgsEvent                          : loaded 2 times (x 199B)
Class com.google.wireless.android.sdk.stats.WifiPairingEventOrBuilder                 : loaded 2 times (x 70B)
Class kotlin.script.experimental.api.KotlinType$Companion                             : loaded 2 times (x 71B)
Class org.jetbrains.kotlin.fir.resolve.dfa.FlowPath$CfgEdge                           : loaded 2 times (x 72B)
Class org.jetbrains.kotlin.fir.resolve.transformers.body.resolve.SetUnnamedContextParameterNamesKt: loaded 2 times (x 71B)
Class org.jetbrains.kotlin.fir.expressions.FirAnonymousFunctionExpression             : loaded 2 times (x 121B)
Class org.jetbrains.kotlin.fir.scopes.impl.FirLocalScope                              : loaded 2 times (x 82B)
Class org.jetbrains.kotlin.fir.java.enhancement.FirJavaDeclarationList                : loaded 2 times (x 70B)
Class org.jetbrains.kotlin.fir.declarations.DeprecationsProviderImpl                  : loaded 2 times (x 73B)
Class org.jetbrains.kotlin.fir.expressions.impl.FirEmptyAnnotationArgumentMapping     : loaded 2 times (x 88B)
Class org.jetbrains.kotlin.fir.deserialization.AbstractFirDeserializedSymbolProvider$findAndDeserializeClass$2: loaded 2 times (x 125B)
Class com.google.protobuf.Utf8$UnpairedSurrogateException                             : loaded 2 times (x 82B)
Class org.jetbrains.kotlin.load.kotlin.KotlinBinaryClassCache$RequestCache            : loaded 2 times (x 73B)
Class org.jetbrains.kotlin.fir.symbols.impl.FirAnonymousInitializerSymbol             : loaded 2 times (x 72B)
Class org.jetbrains.kotlin.fir.declarations.DeclarationUtilsKt                        : loaded 2 times (x 71B)
Class org.jetbrains.kotlin.fir.scopes.impl.FirPackageMemberScopeKt                    : loaded 2 times (x 71B)
Class org.jetbrains.kotlin.fir.declarations.FirTypeParameter                          : loaded 2 times (x 122B)
Class org.jetbrains.kotlin.fir.FirNameConflictsTracker                                : loaded 2 times (x 73B)
Class com.google.common.collect.AbstractMapBasedMultimap$SortedKeySet                 : loaded 2 times (x 223B)
Class org.jetbrains.kotlin.fir.declarations.FirTypeParametersOwner                    : loaded 2 times (x 70B)
Class com.android.tools.analytics.UsageTrackerWriter                                  : loaded 2 times (x 82B)
Class org.jetbrains.kotlin.descriptors.ClassKind                                      : loaded 2 times (x 79B)
Class org.jetbrains.kotlin.fir.analysis.checkers.expression.FirGenericArrayClassLiteralSupport$Disabled: loaded 2 times (x 74B)
Class org.jetbrains.kotlin.fir.scopes.impl.FirGeneratedMemberDeclarationsStorage      : loaded 2 times (x 72B)
Class org.jetbrains.kotlin.resolve.ImportPath$Companion                               : loaded 2 times (x 71B)
Class org.jetbrains.kotlin.resolve.DefaultImportsProvider                             : loaded 2 times (x 75B)
Class org.jetbrains.kotlin.fir.resolve.calls.overloads.ConeCallConflictResolverFactory: loaded 2 times (x 72B)
Class org.jetbrains.kotlin.fir.types.impl.FirImplicitStringTypeRef                    : loaded 2 times (x 109B)
Class org.jetbrains.kotlin.fir.FirElement                                             : loaded 2 times (x 70B)
Class org.jetbrains.kotlin.mpp.TypeRefMarker                                          : loaded 2 times (x 70B)
Class com.google.wireless.android.sdk.stats.RunStartDataOrBuilder                     : loaded 2 times (x 70B)
Class com.google.common.cache.LocalCache$Strength$1                                   : loaded 2 times (x 81B)
Class com.android.ide.common.resources.configuration.NetworkCodeQualifier             : loaded 2 times (x 88B)
Class org.jetbrains.kotlin.AbstractKtSourceElement                                    : loaded 2 times (x 73B)
Class org.jetbrains.kotlin.lang.BinaryOperationPrecedence                             : loaded 2 times (x 79B)
Class org.jetbrains.kotlin.extensions.StorageComponentContainerContributor            : loaded 2 times (x 70B)
Class com.google.common.reflect.TypeResolver                                          : loaded 2 times (x 72B)
Class com.google.common.reflect.Types$ClassOwnership$2                                : loaded 2 times (x 80B)
Class kotlin.UShort                                                                   : loaded 2 times (x 74B)
Class org.jetbrains.org.objectweb.asm.tree.TableSwitchInsnNode                        : loaded 2 times (x 79B)
Class kotlin.reflect.jvm.internal.impl.resolve.jvm.JvmPrimitiveType                   : loaded 2 times (x 79B)
Class kotlin.reflect.jvm.internal.KClassImpl$Data$$Lambda$5                           : loaded 2 times (x 76B)
Class kotlin.reflect.jvm.internal.KClassImpl$Companion                                : loaded 2 times (x 71B)
Class kotlin.reflect.jvm.internal.ComputableClassValue                                : loaded 2 times (x 80B)
Class org.jetbrains.kotlin.descriptors.DescriptorVisibilities$4                       : loaded 2 times (x 79B)
Class [Lorg.jetbrains.kotlin.psi.KtDeclarationWithReturnType;                         : loaded 2 times (x 69B)
Class [Lorg.jetbrains.kotlin.psi.KtCallableDeclaration;                               : loaded 2 times (x 69B)
Class [Lorg.jetbrains.kotlin.psi.KtVariableDeclaration;                               : loaded 2 times (x 69B)
Class org.jetbrains.kotlin.psi.KtStringTemplateExpression                             : loaded 2 times (x 676B)
Class org.jetbrains.kotlin.psi.KtImportInfo$ImportContent                             : loaded 2 times (x 71B)
Class org.jetbrains.kotlin.KtNodeTypes                                                : loaded 2 times (x 70B)
Class org.jetbrains.kotlin.psi.KtInitializerList                                      : loaded 2 times (x 442B)
Class it.unimi.dsi.fastutil.ints.Int2ObjectOpenHashMap                                : loaded 2 times (x 222B)
Class org.jetbrains.kotlin.psi.KtBinaryExpressionWithTypeRHS                          : loaded 2 times (x 501B)
Class com.android.prefs.PathLocator$singlePathOf$values$2                             : loaded 2 times (x 78B)
Class com.android.tools.lint.model.PathVariables$Companion$PATH_COMPARATOR$2          : loaded 2 times (x 78B)
Class kotlin.reflect.jvm.internal.impl.name.ClassId                                   : loaded 2 times (x 72B)
Class it.unimi.dsi.fastutil.longs.LongIterable                                        : loaded 2 times (x 70B)
Class org.jetbrains.kotlin.metadata.ProtoBuf$StringTableOrBuilder                     : loaded 2 times (x 70B)
Class org.gradle.kotlin.dsl.DebugImplementationConfigurationAccessorsKt               : loaded 2 times (x 71B)
Class com.google.common.reflect.TypeToken                                             : loaded 2 times (x 73B)
Class org.apache.commons.io.IOUtils                                                   : loaded 2 times (x 71B)
Class com.google.protobuf.ByteString$LiteralByteString                                : loaded 2 times (x 106B)
Class com.google.wireless.android.sdk.stats.SdkIndexLoadingDetails                    : loaded 2 times (x 197B)
Class com.google.wireless.android.sdk.stats.BuildAttributionStatsOrBuilder            : loaded 2 times (x 70B)
Class com.google.gson.internal.bind.JsonTreeWriter                                    : loaded 2 times (x 98B)
Class com.google.protobuf.Utf8$UnsafeProcessor                                        : loaded 2 times (x 77B)
Class com.google.protobuf.UnknownFieldSet$Parser                                      : loaded 2 times (x 150B)
Class org.jetbrains.kotlin.load.java.structure.JavaElement                            : loaded 2 times (x 70B)
Class org.jetbrains.kotlin.diagnostics.PositioningStrategies$DeclarationHeader        : loaded 2 times (x 74B)
Class org.jetbrains.kotlin.diagnostics.LightTreePositioningStrategies$SELECTOR_BY_QUALIFIED$1: loaded 2 times (x 74B)
Class org.jetbrains.kotlin.fir.resolve.dfa.cfg.BlockExitNode                          : loaded 2 times (x 82B)
Class org.jetbrains.kotlin.fir.declarations.FirDeclarationOrigin$Synthetic$FakeFunction: loaded 2 times (x 72B)
Class org.jetbrains.kotlin.fir.resolve.dfa.cfg.WhenBranchConditionEnterNode           : loaded 2 times (x 82B)
Class org.jetbrains.kotlin.fir.java.declarations.FirJavaTypeParameter$BoundsEnhancementState$Completed: loaded 2 times (x 74B)
Class org.jetbrains.kotlin.fir.resolve.calls.tower.FirTowerResolver$enqueueResolutionTasks$4: loaded 2 times (x 95B)
Class org.jetbrains.kotlin.KtFakeSourceElementKind$DesugaredInvertedContains          : loaded 2 times (x 72B)
Class org.jetbrains.kotlin.fir.caches.NullableMap                                     : loaded 2 times (x 72B)
Class org.jetbrains.kotlin.fir.resolve.dfa.cfg.LiteralExpressionNode                  : loaded 2 times (x 82B)
Class org.jetbrains.kotlin.fir.resolve.transformers.body.resolve.FirBodyResolveTransformer: loaded 2 times (x 483B)
Class org.jetbrains.kotlin.types.AbstractTypePreparator                               : loaded 2 times (x 72B)
Class org.jetbrains.kotlin.fir.types.ConeRawType                                      : loaded 2 times (x 78B)
Class org.jetbrains.kotlin.load.java.JvmAnnotationNamesKt                             : loaded 2 times (x 71B)
Class org.jetbrains.kotlin.fir.expressions.builder.FirEnumEntryDeserializedAccessExpressionBuilder: loaded 2 times (x 84B)
Class org.jetbrains.kotlin.fir.declarations.builder.FirDefaultSetterValueParameterBuilder: loaded 2 times (x 76B)
Class org.jetbrains.kotlin.metadata.deserialization.VersionRequirementTable           : loaded 2 times (x 72B)
Class org.jetbrains.kotlin.fir.deserialization.FirTypeDeserializer$FlexibleTypeFactory: loaded 2 times (x 70B)
Class org.jetbrains.kotlin.serialization.SerializerExtensionProtocol                  : loaded 2 times (x 72B)
Class org.jetbrains.kotlin.fir.declarations.FirResolvePhaseKt                         : loaded 2 times (x 71B)
Class org.jetbrains.kotlin.fir.scopes.impl.FirSingleLevelDefaultStarImportingScope    : loaded 2 times (x 85B)
Class org.jetbrains.kotlin.fir.declarations.FirValueParameter                         : loaded 2 times (x 207B)
Class org.jetbrains.kotlin.fir.ClassMembersKt                                         : loaded 2 times (x 71B)
Class org.jetbrains.kotlin.fir.extensions.FirSwitchableExtensionDeclarationsSymbolProvider: loaded 2 times (x 84B)
Class org.jetbrains.kotlin.config.JvmDefaultMode$Companion                            : loaded 2 times (x 71B)
Class org.jetbrains.kotlin.fir.caches.FirCachesFactory$KeyReferenceStrength           : loaded 2 times (x 79B)
Class org.jetbrains.kotlin.fir.declarations.FirMemberDeclaration                      : loaded 2 times (x 122B)
Class org.jetbrains.kotlin.fir.declarations.FirControlFlowGraphOwner                  : loaded 2 times (x 70B)
Class com.android.resources.UiMode                                                    : loaded 2 times (x 87B)
Class com.google.common.hash.Hasher                                                   : loaded 2 times (x 70B)
Class org.jetbrains.kotlin.fir.types.ConeTypeApproximator                             : loaded 2 times (x 745B)
Class it.unimi.dsi.fastutil.longs.LongCollection                                      : loaded 2 times (x 70B)
Class org.jetbrains.kotlin.fir.resolve.inference.InferenceComponents$ConstraintSystemFactory: loaded 2 times (x 72B)
Class kotlin.reflect.jvm.internal.KClassImpl$Data$$Lambda$6                           : loaded 2 times (x 76B)
Class org.jetbrains.kotlin.load.java.JavaTypeEnhancementState                         : loaded 2 times (x 72B)
Class org.jetbrains.kotlin.psi.KtObjectLiteralExpression                              : loaded 2 times (x 437B)
Class org.jetbrains.kotlin.psi.KtLoopExpression                                       : loaded 2 times (x 439B)
Class org.jetbrains.kotlin.psi.KtConstructorDelegationCall                            : loaded 2 times (x 451B)
Class org.jetbrains.kotlin.psi.KtExpressionImpl                                       : loaded 2 times (x 436B)
Class [Lorg.jetbrains.kotlin.psi.KtContextReceiver;                                   : loaded 2 times (x 69B)
Class org.jetbrains.kotlin.compiler.plugin.CompilerPluginRegistrar$Companion          : loaded 2 times (x 71B)
Class org.jetbrains.kotlin.fir.declarations.FirRegularClass                           : loaded 2 times (x 175B)
Class org.jetbrains.kotlin.config.JvmDefaultMode                                      : loaded 2 times (x 79B)
Class com.android.tools.lint.model.PathVariables$Companion$PATH_COMPARATOR$3          : loaded 2 times (x 78B)
Class org.jetbrains.kotlin.fir.java.FirJavaAnnotationProviderKt                       : loaded 2 times (x 71B)
Class [Lorg.jetbrains.org.objectweb.asm.AnnotationWriter;                             : loaded 2 times (x 69B)
Class org.jetbrains.kotlin.descriptors.DeclarationDescriptor                          : loaded 2 times (x 70B)
Class org.jetbrains.kotlin.descriptors.DescriptorVisibilities                         : loaded 2 times (x 71B)
Class org.jetbrains.org.objectweb.asm.tree.LookupSwitchInsnNode                       : loaded 2 times (x 78B)
Class org.jetbrains.kotlin.fir.declarations.FirFile                                   : loaded 2 times (x 127B)
Class org.jetbrains.kotlin.cli.common.messages.CompilerMessageSourceLocation          : loaded 2 times (x 70B)
Class com.google.common.cache.CacheBuilder                                            : loaded 2 times (x 72B)
Class Settings_gradle$1                                                               : loaded 2 times (x 74B)
Class org.gradle.internal.classpath.ClassPath                                         : loaded 2 times (x 70B)
Class com.android.tools.analytics.HostData$classLoadingBean$2                         : loaded 2 times (x 78B)
Class com.google.wireless.android.sdk.stats.SmlCompletionRequestErrorEvent            : loaded 2 times (x 199B)
Class com.google.wireless.android.sdk.stats.DaggerEditorEvent                         : loaded 2 times (x 205B)
Class com.google.wireless.android.sdk.stats.AdbDelegateUsageEventOrBuilder            : loaded 2 times (x 70B)
Class com.google.wireless.android.sdk.stats.UiToolsPreferencesEventOrBuilder          : loaded 2 times (x 70B)
Class com.google.wireless.android.sdk.stats.GradlePluginUpgradeDialogStatsOrBuilder   : loaded 2 times (x 70B)
Class com.android.tools.analytics.JournalingUsageTracker$scheduleJournalTimeout$1     : loaded 2 times (x 75B)
Class org.jetbrains.kotlin.scripting.resolve.VirtualFileScriptSource                  : loaded 2 times (x 85B)
Class org.jetbrains.kotlin.diagnostics.LightTreePositioningStrategies$QUESTION_MARK_BY_TYPE$1: loaded 2 times (x 74B)
Class org.jetbrains.kotlin.fir.expressions.builder.FirSafeCallExpressionBuilder       : loaded 2 times (x 84B)
Class org.jetbrains.kotlin.descriptors.EffectiveVisibility$Internal                   : loaded 2 times (x 75B)
Class org.jetbrains.kotlin.fir.DfaType$Symbol                                         : loaded 2 times (x 72B)
Class org.jetbrains.kotlin.fir.resolve.dfa.cfg.LoopEnterNode                          : loaded 2 times (x 82B)
Class org.jetbrains.kotlin.fir.resolve.calls.overloads.ConeOverloadConflictResolver$overrides$overriddenProducer$1: loaded 2 times (x 125B)
Class org.jetbrains.kotlin.fir.types.ConeIntegerLiteralConstantTypeImpl$Companion     : loaded 2 times (x 71B)
Class org.jetbrains.kotlin.fir.types.ParameterNameTypeAttribute$Companion             : loaded 2 times (x 71B)
Class org.jetbrains.kotlin.resolve.calls.inference.model.ReceiverConstraintPosition   : loaded 2 times (x 72B)
Class org.jetbrains.kotlin.fir.expressions.FirIntegerLiteralOperatorCall              : loaded 2 times (x 184B)
Class org.jetbrains.kotlin.fir.declarations.FirCodeFragment                           : loaded 2 times (x 111B)
Class kotlin.sequences.TakeWhileSequence$iterator$1                                   : loaded 2 times (x 79B)
Class org.jetbrains.kotlin.fir.resolve.FirSamConversionTransformerExtensionKt         : loaded 2 times (x 71B)
Class org.jetbrains.kotlin.types.ConstantValueKind$UnsignedIntegerLiteral             : loaded 2 times (x 72B)
Class org.jetbrains.kotlin.fir.references.impl.FirSimpleNamedReference                : loaded 2 times (x 89B)
Class org.jetbrains.kotlin.fir.scopes.impl.FirTypeIntersectionScopeContext$ResultOfIntersection$SingleMember: loaded 2 times (x 73B)
Class org.jetbrains.kotlin.fir.java.declarations.FirJavaTypeParameter                 : loaded 2 times (x 122B)
Class org.jetbrains.kotlin.fir.deserialization.FirNestedTypeAliasDeserializationContext: loaded 2 times (x 72B)
Class org.jetbrains.kotlin.load.java.typeEnhancement.MutabilityQualifier              : loaded 2 times (x 79B)
Class org.jetbrains.kotlin.fir.java.JavaScopeProvider                                 : loaded 2 times (x 76B)
Class it.unimi.dsi.fastutil.objects.Object2IntMap$FastEntrySet                        : loaded 2 times (x 70B)
Class [Lorg.jetbrains.kotlin.fir.resolve.FirResolvedSymbolOrigin;                     : loaded 2 times (x 69B)
Class org.jetbrains.kotlin.fir.FirLookupTrackerComponent                              : loaded 2 times (x 74B)
Class org.jetbrains.kotlin.fir.declarations.FirDeclarationOrigin$ScriptCustomization$ParameterFromBaseClass: loaded 2 times (x 72B)
Class [Lorg.jetbrains.kotlin.fir.scopes.impl.DefaultImportPriority;                   : loaded 2 times (x 69B)
Class org.jetbrains.kotlin.fir.resolve.calls.overloads.ConeOverloadConflictResolver$SpecificityComparisonWithNumerics$1: loaded 2 times (x 75B)
Class org.jetbrains.kotlin.fir.symbols.impl.FirSyntheticPropertySymbol                : loaded 2 times (x 85B)
Class [Lorg.jetbrains.kotlin.fir.resolve.dfa.cfg.ControlFlowGraphBuilder$PostponedLambdas;: loaded 2 times (x 69B)
Class org.jetbrains.kotlin.fir.declarations.FirDeclarationOrigin$Synthetic            : loaded 2 times (x 72B)
Class org.jetbrains.kotlin.fir.IsJavaRecordComponentKey                               : loaded 2 times (x 71B)
Class org.jetbrains.kotlin.fir.declarations.builder.FirImportBuilder                  : loaded 2 times (x 72B)
Class org.jetbrains.kotlin.fir.extensions.FirDeclarationGenerationExtensionKt         : loaded 2 times (x 71B)
Class org.jetbrains.kotlin.fir.analysis.extensions.FirAdditionalCheckersExtension     : loaded 2 times (x 79B)
Class org.jetbrains.kotlin.load.java.JavaNullabilityAnnotationSettingsKt              : loaded 2 times (x 71B)
Class org.jetbrains.kotlin.load.kotlin.VirtualFileKotlinClass                         : loaded 2 times (x 90B)
Class kotlin.reflect.jvm.internal.KPackageImpl                                        : loaded 2 times (x 85B)
Class [Lorg.jetbrains.kotlin.parsing.KotlinParsing$DeclarationParsingMode;            : loaded 2 times (x 69B)
Class org.jetbrains.kotlin.load.kotlin.KotlinJvmBinarySourceElement                   : loaded 2 times (x 81B)
Class kotlin.reflect.jvm.internal.KClassImpl$Data$$Lambda$7                           : loaded 2 times (x 76B)
Class [Lkotlin.reflect.jvm.internal.impl.name.FqName;                                 : loaded 2 times (x 69B)
Class org.jetbrains.kotlin.psi.KtSimpleNameExpressionImpl                             : loaded 2 times (x 568B)
Class [Lorg.jetbrains.kotlin.psi.KtDynamicType;                                       : loaded 2 times (x 69B)
Class org.jetbrains.kotlin.idea.KotlinLanguage                                        : loaded 2 times (x 107B)
Class org.jetbrains.kotlin.fir.expressions.FirAnnotationArgumentMapping               : loaded 2 times (x 88B)
Class com.android.tools.lint.model.PathVariables$Companion$PATH_COMPARATOR$4          : loaded 2 times (x 78B)
Class org.jetbrains.kotlin.fir.deserialization.FirTypeDeserializer$WhenMappings       : loaded 2 times (x 71B)
Class kotlin.sequences.SequencesKt__SequencesKt$asSequence$$inlined$Sequence$1        : loaded 2 times (x 75B)
Class [Lcom.google.common.reflect.Types$JavaVersion;                                  : loaded 2 times (x 69B)
Class com.google.common.collect.Interners$InternerBuilder                             : loaded 2 times (x 76B)
Class org.jetbrains.kotlin.fir.resolve.transformers.body.resolve.FirExpressionsResolveTransformer$WhenMappings: loaded 2 times (x 71B)
Class com.google.wireless.android.sdk.stats.ParallelAndroidTestReportUiEvent          : loaded 2 times (x 202B)
Class com.google.wireless.android.sdk.stats.InteractivePreviewEvent                   : loaded 2 times (x 205B)
Class com.google.wireless.android.sdk.stats.EditorNotification                        : loaded 2 times (x 195B)
Class com.google.gson.internal.JsonReaderInternalAccess                               : loaded 2 times (x 72B)
Class org.jetbrains.kotlin.scripting.compiler.plugin.services.FirScriptResolutionConfigurationExtensionImplKt: loaded 2 times (x 71B)
Class org.jetbrains.kotlin.fir.scopes.impl.OriginalForWrappedIntegerOperator          : loaded 2 times (x 71B)
Class kotlin.script.experimental.api.ScriptEvaluationConfiguration$Builder            : loaded 2 times (x 72B)
Class org.jetbrains.kotlin.diagnostics.PositioningStrategies$DELEGATOR_SUPER_CALL$1   : loaded 2 times (x 74B)
Class org.jetbrains.kotlin.fir.expressions.FirExpressionEvaluatorKt                   : loaded 2 times (x 71B)
Class org.jetbrains.kotlin.fir.resolve.calls.CallToDeprecatedOverrideOfHidden         : loaded 2 times (x 72B)
Class org.jetbrains.kotlin.fir.resolve.calls.ResolvedWithSynthetic                    : loaded 2 times (x 72B)
Class org.jetbrains.kotlin.fir.FirExpressionRef                                       : loaded 2 times (x 72B)
Class kotlin.ranges.LongRange                                                         : loaded 2 times (x 93B)
Class org.jetbrains.kotlin.fir.scopes.impl.FirClassSubstitutionScopeKt                : loaded 2 times (x 71B)
Class org.jetbrains.kotlin.resolve.calls.model.PostponedCallableReferenceMarker       : loaded 2 times (x 70B)
Class org.jetbrains.kotlin.resolve.calls.inference.components.TypeCheckerStateForConstraintSystem: loaded 2 times (x 81B)
Class org.jetbrains.kotlin.fir.resolve.inference.ConeTypeParameterBasedTypeVariable   : loaded 2 times (x 72B)
Class org.jetbrains.kotlin.fir.references.FirThisReference                            : loaded 2 times (x 93B)
Class org.jetbrains.kotlin.fir.resolve.calls.tower.FirBaseTowerResolveTask            : loaded 2 times (x 74B)
Class org.jetbrains.kotlin.utils.SmartList$EmptyIterator                              : loaded 2 times (x 81B)
Class org.jetbrains.kotlin.load.java.structure.JavaType                               : loaded 2 times (x 70B)
Class org.jetbrains.kotlin.fir.java.deserialization.JvmBinaryAnnotationDeserializerKt$loadMemberAnnotations$1$AnnotationVisitorForMethod: loaded 2 times (x 82B)
Class org.jetbrains.kotlin.metadata.deserialization.VersionRequirement                : loaded 2 times (x 72B)
Class [Lorg.jetbrains.kotlin.descriptors.EffectiveVisibility$Permissiveness;          : loaded 2 times (x 69B)
Class org.jetbrains.kotlin.load.kotlin.PathHolderExtensionsKt                         : loaded 2 times (x 71B)
Class org.jetbrains.kotlin.resolve.calls.inference.InferenceUtilsKt                   : loaded 2 times (x 71B)
Class org.jetbrains.kotlin.fir.resolve.calls.tower.FirTowerResolver                   : loaded 2 times (x 72B)
Class org.jetbrains.kotlin.fir.resolve.calls.stages.ResolutionStageRunner             : loaded 2 times (x 71B)
Class org.jetbrains.kotlin.fir.resolve.transformers.ReturnTypeCalculatorForFullBodyResolve: loaded 2 times (x 74B)
Class org.jetbrains.kotlin.descriptors.Modality$Companion                             : loaded 2 times (x 71B)
Class [Lorg.jetbrains.kotlin.fir.resolve.transformers.FirCallCompletionResultsWriterTransformer$Mode;: loaded 2 times (x 69B)
Class org.jetbrains.kotlin.fir.analysis.jvm.checkers.FirJvmAnnotationsPlatformSpecificSupportComponent: loaded 2 times (x 78B)
Class org.jetbrains.kotlin.fir.java.scopes.JavaOverrideChecker                        : loaded 2 times (x 84B)
Class org.jetbrains.kotlin.util.ComponentArrayOwner                                   : loaded 2 times (x 82B)
Class com.android.ide.common.rendering.api.ResourceNamespace$Resolver                 : loaded 2 times (x 70B)
Class com.android.ide.common.resources.configuration.VersionQualifier                 : loaded 2 times (x 89B)
Class [Lorg.jetbrains.kotlin.types.model.TypeVariance;                                : loaded 2 times (x 69B)
Class org.jetbrains.kotlin.fir.java.enhancement.FirSignatureEnhancement$enhanceTypeParameterBoundsSecondRound$1$secondRoundBounds$1: loaded 2 times (x 125B)
Class org.jetbrains.kotlin.load.kotlin.JvmPackagePartProviderBase                     : loaded 2 times (x 93B)
Class org.jetbrains.kotlin.resolve.jvm.modules.JavaModuleInfo$FileReadingException    : loaded 2 times (x 82B)
Class org.jetbrains.kotlin.fir.expressions.builder.FirGetClassCallBuilder             : loaded 2 times (x 92B)
Class kotlin.reflect.jvm.internal.KClassImpl$Data$$Lambda$8                           : loaded 2 times (x 76B)
Class org.jetbrains.kotlin.resolve.calls.inference.model.ConstraintStorageKt$WhenMappings: loaded 2 times (x 71B)
Class org.jetbrains.kotlin.fir.extensions.FirRegisteredPluginAnnotationsImpl          : loaded 2 times (x 79B)
Class org.jetbrains.kotlin.diagnostics.PositioningStrategies$SYNTAX_ERROR$1           : loaded 2 times (x 74B)
Class org.jetbrains.kotlin.diagnostics.PositioningStrategies$projectionPosition$1     : loaded 2 times (x 74B)
Class org.jetbrains.kotlin.psi.KtWhenExpression                                       : loaded 2 times (x 445B)
Class [Lorg.jetbrains.kotlin.psi.KtContextReceiverList;                               : loaded 2 times (x 69B)
Class org.jetbrains.kotlin.psi.KtValueArgument                                        : loaded 2 times (x 460B)
Class org.jetbrains.kotlin.psi.stubs.elements.KtPrimaryConstructorElementType         : loaded 2 times (x 100B)
Class [Lorg.jetbrains.kotlin.psi.KtSecondaryConstructor;                              : loaded 2 times (x 69B)
Class [Lorg.jetbrains.kotlin.psi.KtAnnotated;                                         : loaded 2 times (x 69B)
Class org.jetbrains.kotlin.config.CommonConfigurationKeys                             : loaded 2 times (x 71B)
Class it.unimi.dsi.fastutil.objects.ObjectIterable                                    : loaded 2 times (x 70B)
Class com.android.tools.lint.model.DefaultLintModelAndroidLibrary                     : loaded 2 times (x 111B)
Class org.jetbrains.kotlin.diagnostics.KtDiagnosticFactoryForDeprecation              : loaded 2 times (x 72B)
Class com.android.sdklib.AndroidApiLevel$Companion                                    : loaded 2 times (x 71B)
Class com.android.prefs.AndroidLocationsProvider                                      : loaded 2 times (x 70B)
Class kotlin.script.experimental.api.IdeScriptCompilationConfigurationKeys            : loaded 2 times (x 70B)
Class org.jetbrains.kotlin.com.intellij.openapi.diagnostic.Logger                     : loaded 2 times (x 99B)
Class com.google.common.io.CharStreams$NullWriter                                     : loaded 2 times (x 99B)
Class com.google.errorprone.annotations.DoNotMock                                     : loaded 2 times (x 70B)
Class org.gradle.api.internal.classpath.DefaultModuleRegistry$DefaultModuleAlias      : loaded 2 times (x 80B)
Class org.gradle.internal.Factory                                                     : loaded 2 times (x 70B)
Class com.google.wireless.android.sdk.stats.JavaProcessStats$Builder                  : loaded 2 times (x 307B)
Class com.google.wireless.android.sdk.stats.AdbDelegateUsageEvent                     : loaded 2 times (x 199B)
Class com.google.wireless.android.sdk.stats.GradleSyncStats                           : loaded 2 times (x 234B)
Class com.google.wireless.android.sdk.stats.LldbPerformanceStats                      : loaded 2 times (x 199B)
Class com.google.wireless.android.sdk.stats.JvmDetails                                : loaded 2 times (x 215B)
Class com.google.wireless.android.sdk.stats.EditingMetricsEventOrBuilder              : loaded 2 times (x 70B)
Class com.google.wireless.android.sdk.stats.SoongRunEventOrBuilder                    : loaded 2 times (x 70B)
Class com.android.tools.analytics.AnalyticsSettingsKt                                 : loaded 2 times (x 71B)
Class com.android.tools.analytics.UsageTracker$listener$1                             : loaded 2 times (x 78B)
Class org.jetbrains.kotlin.fir.declarations.FirScriptReceiverParameter                : loaded 2 times (x 115B)
Class org.jetbrains.kotlin.diagnostics.LightTreePositioningStrategies$IMPORT_LAST_BUT_ONE_NAME$1: loaded 2 times (x 74B)
Class org.jetbrains.kotlin.fir.resolve.calls.tower.InvokeFunctionResolveTask          : loaded 2 times (x 74B)
Class kotlin.script.experimental.api.ScriptCollectedData                              : loaded 2 times (x 72B)
Class org.jetbrains.kotlin.fir.resolve.dfa.LogicSystemKt                              : loaded 2 times (x 71B)
Class org.jetbrains.kotlin.fir.resolve.inference.PostponedArgumentsAnalyzer$analyzeLambda$1: loaded 2 times (x 126B)
Class org.jetbrains.kotlin.fir.resolve.calls.candidate.ErrorCandidateUtilsKt          : loaded 2 times (x 71B)
Class org.jetbrains.kotlin.types.TypeApproximatorConfiguration$InternalTypesApproximation: loaded 2 times (x 86B)
Class org.jetbrains.kotlin.fir.resolve.calls.ConeSimpleNameForContextSensitiveResolution: loaded 2 times (x 86B)
Class org.jetbrains.kotlin.fir.resolve.calls.FirCallResolver$ResolutionResult         : loaded 2 times (x 72B)
Class org.jetbrains.kotlin.fir.scopes.impl.FirDefaultStarImportingScope$processFunctionsByName$1: loaded 2 times (x 125B)
Class org.jetbrains.kotlin.fir.resolve.calls.FirSyntheticNamesProviderKt              : loaded 2 times (x 71B)
Class org.jetbrains.kotlin.fir.resolve.calls.stages.CheckShadowedImplicits            : loaded 2 times (x 72B)
Class org.jetbrains.kotlin.fir.resolve.dfa.cfg.GraphEnterNodeMarker                   : loaded 2 times (x 70B)
Class org.jetbrains.kotlin.types.model.TypeSystemContextContextualKt                  : loaded 2 times (x 71B)
Class it.unimi.dsi.fastutil.objects.Object2IntOpenHashMap                             : loaded 2 times (x 247B)
Class org.jetbrains.kotlin.load.kotlin.JvmPackagePartSource                           : loaded 2 times (x 86B)
Class com.google.protobuf.UnsafeUtil$Android64MemoryAccessor                          : loaded 2 times (x 91B)
Class org.jetbrains.kotlin.fir.util.ListMultimap                                      : loaded 2 times (x 110B)
Class org.jetbrains.kotlin.fir.declarations.FirDeclarationOrigin$Delegated            : loaded 2 times (x 72B)
Class org.jetbrains.kotlin.fir.declarations.utils.FirDeclarationBuildingUtilsKt       : loaded 2 times (x 71B)
Class org.jetbrains.kotlin.fir.DelegatedWrapperDataKey                                : loaded 2 times (x 71B)
Class org.jetbrains.kotlin.KtLightSourceElement                                       : loaded 2 times (x 79B)
Class [Lorg.jetbrains.kotlin.fir.types.ConeTypeParameterType;                         : loaded 2 times (x 69B)
Class org.jetbrains.kotlin.fir.types.ConeTypeParameterType                            : loaded 2 times (x 82B)
Class org.jetbrains.kotlin.cli.jvm.index.JvmDependenciesIndexImpl$ClassSearchResult   : loaded 2 times (x 71B)
Class org.jetbrains.kotlin.fir.deserialization.AnnotationDeserializer                 : loaded 2 times (x 87B)
Class org.jetbrains.kotlin.fir.backend.Fir2IrScriptConfiguratorExtension              : loaded 2 times (x 76B)
Class org.jetbrains.kotlin.fir.declarations.FirDeclarationOrigin$Library              : loaded 2 times (x 72B)
Class org.jetbrains.kotlin.fir.analysis.jvm.FirJvmOverridesBackwardCompatibilityHelper: loaded 2 times (x 74B)
Class org.jetbrains.kotlin.fir.types.FirFunctionTypeKindServiceImpl                   : loaded 2 times (x 77B)
Class org.jetbrains.kotlin.fir.scopes.impl.FirSynthesizedStorage                      : loaded 2 times (x 72B)
Class org.jetbrains.kotlin.fir.declarations.FirHiddenDeprecationProvider              : loaded 2 times (x 73B)
Class com.android.tools.analytics.AnalyticsSettingsData                               : loaded 2 times (x 72B)
Class com.android.ide.common.resources.configuration.UiModeQualifier                  : loaded 2 times (x 90B)
Class org.objectweb.asm.signature.SignatureReader                                     : loaded 2 times (x 74B)
Class com.google.wireless.android.sdk.stats.ComposeAnimationToolingEventOrBuilder     : loaded 2 times (x 70B)
Class com.google.wireless.android.sdk.stats.UpgradeAndroidStudioDialogStatsOrBuilder  : loaded 2 times (x 70B)
Class com.google.wireless.android.sdk.stats.LLDBFrontendDetailsOrBuilder              : loaded 2 times (x 70B)
Class com.google.wireless.android.sdk.stats.ThreadingAgentUsageEvent                  : loaded 2 times (x 197B)
Class kotlinx.coroutines.NonCancellable                                               : loaded 2 times (x 107B)
Class [Lorg.jetbrains.kotlin.lexer.KtToken;                                           : loaded 2 times (x 69B)
Class kotlin.reflect.jvm.internal.KClassImpl$Data$$Lambda$9                           : loaded 2 times (x 76B)
Class [Lorg.jetbrains.kotlin.psi.KtSuperTypeList;                                     : loaded 2 times (x 69B)
Class [Lorg.jetbrains.kotlin.psi.KtScriptInitializer;                                 : loaded 2 times (x 69B)
Class org.jetbrains.kotlin.psi.KtNamedDeclarationStub                                 : loaded 2 times (x 910B)
Class org.jetbrains.kotlin.psi.stubs.elements.KtStubElementTypes                      : loaded 2 times (x 70B)
Class org.gradle.internal.service.UnknownServiceException                             : loaded 2 times (x 83B)
Class com.google.common.cache.LocalCache$LocalLoadingCache                            : loaded 2 times (x 134B)
Class com.google.common.base.Suppliers$SupplierOfInstance                             : loaded 2 times (x 79B)
Class com.google.wireless.android.sdk.stats.SmlConfigurationEvent                     : loaded 2 times (x 217B)
Class com.google.wireless.android.sdk.stats.MetaMetrics                               : loaded 2 times (x 199B)
Class com.google.protobuf.Utf8                                                        : loaded 2 times (x 71B)
Class com.google.protobuf.GeneratedMessageV3                                          : loaded 2 times (x 178B)
Class kotlin.script.experimental.jvm.JvmScriptingHostConfigurationBuilder$Companion   : loaded 2 times (x 71B)
Class kotlin.script.experimental.util.PropertiesCollection$PropertyKeyDelegate        : loaded 2 times (x 72B)
Class org.jetbrains.kotlin.fir.diagnostics.ConeRecursiveTypeParameterDuringErasureError: loaded 2 times (x 75B)
Class org.jetbrains.kotlin.diagnostics.PositioningStrategies$USELESS_ELVIS$1          : loaded 2 times (x 74B)
Class org.jetbrains.kotlin.diagnostics.LightTreePositioningStrategies$IMPORT_LAST_NAME$1: loaded 2 times (x 74B)
Class kotlin.ranges.LongProgression$Companion                                         : loaded 2 times (x 71B)
Class org.jetbrains.kotlin.fir.resolve.dfa.cfg.AnonymousFunctionCaptureNode           : loaded 2 times (x 82B)
Class org.jetbrains.kotlin.fir.resolve.dfa.FirLocalVariableAssignmentAnalyzer$Companion$Fork: loaded 2 times (x 72B)
Class org.jetbrains.kotlin.psi.KtOperationReferenceExpression$Companion               : loaded 2 times (x 71B)
Class [Lorg.jetbrains.kotlin.fir.declarations.InlineStatus;                           : loaded 2 times (x 69B)
Class org.jetbrains.kotlin.fir.types.ConeCapturedTypeConstructor                      : loaded 2 times (x 76B)
Class org.jetbrains.kotlin.fir.resolve.calls.stages.TypeArgumentMapping$NoExplicitArguments: loaded 2 times (x 72B)
Class org.jetbrains.kotlin.fir.resolve.calls.TooManyArguments                         : loaded 2 times (x 72B)
Class org.jetbrains.kotlin.fir.resolve.calls.ResolutionDiagnostic                     : loaded 2 times (x 72B)
Class org.jetbrains.kotlin.fir.resolve.calls.tower.ScopeBasedTowerLevel               : loaded 2 times (x 78B)
Class org.jetbrains.kotlin.resolve.calls.inference.model.NewConstraintSystemImpl      : loaded 2 times (x 1593B)
Class org.jetbrains.kotlin.fir.expressions.FirWrappedArgumentExpression               : loaded 2 times (x 119B)
Class [Lorg.jetbrains.kotlin.fir.resolve.transformers.body.resolve.FirExpressionsResolveTransformer$CallResolutionMode;: loaded 2 times (x 69B)
Class org.jetbrains.kotlin.fir.resolve.dfa.cfg.PropertyInitializerExitNode            : loaded 2 times (x 84B)
Class org.jetbrains.kotlin.fir.resolve.calls.AbstractCandidate                        : loaded 2 times (x 73B)
Class [Lorg.jetbrains.kotlin.fir.declarations.FirValueParameter;                      : loaded 2 times (x 69B)
Class [Lorg.jetbrains.kotlin.fir.declarations.FirDeclaration;                         : loaded 2 times (x 69B)
Class org.jetbrains.kotlin.fir.deserialization.AbstractFirDeserializedSymbolProvider$ClassMetadataFindResult$Metadata: loaded 2 times (x 72B)
Class com.google.common.reflect.Types$ClassOwnership$1                                : loaded 2 times (x 80B)
Class org.jetbrains.kotlin.fir.scopes.ImportingScopesKt                               : loaded 2 times (x 71B)
Class org.jetbrains.kotlin.fir.resolve.dfa.cfg.ElvisExitNode                          : loaded 2 times (x 82B)
Class org.jetbrains.kotlin.fir.declarations.FirDeclarationDataRegistry$DeclarationDataAccessor: loaded 2 times (x 72B)
Class [Lorg.jetbrains.kotlin.types.model.RigidTypeMarker;                             : loaded 2 times (x 69B)
Class kotlinx.coroutines.Delay                                                        : loaded 2 times (x 70B)
Class org.jetbrains.kotlin.fir.extensions.AbstractFirRegisteredPluginAnnotations$initialize$registrar$1: loaded 2 times (x 74B)
Class org.jetbrains.kotlin.descriptors.DescriptorVisibilities$3                       : loaded 2 times (x 79B)
Class org.jetbrains.kotlin.fir.declarations.FirFunction                               : loaded 2 times (x 182B)
Class org.jetbrains.kotlin.fir.serialization.FirProvidedDeclarationsForMetadataServiceImpl: loaded 2 times (x 76B)
Class org.jetbrains.kotlin.types.AbstractTypeApproximator                             : loaded 2 times (x 745B)
Class org.jetbrains.kotlin.fir.analysis.checkers.FirIdentityLessPlatformDeterminer    : loaded 2 times (x 72B)
Class org.jetbrains.kotlin.fir.scopes.impl.FirDelegatedMembersFilter                  : loaded 2 times (x 72B)
Class org.jetbrains.kotlin.util.ArrayMap                                              : loaded 2 times (x 83B)
Class org.jetbrains.kotlin.psi.typeRefHelpers.TypeRefHelpersKt                        : loaded 2 times (x 71B)
Class org.jetbrains.kotlin.config.LanguageVersion$Companion                           : loaded 2 times (x 71B)
Class org.jetbrains.kotlin.kdoc.lexer.KDocToken                                       : loaded 2 times (x 75B)
Class org.jetbrains.kotlin.psi.KtQualifiedExpression                                  : loaded 2 times (x 70B)
Class org.jetbrains.kotlin.psi.stubs.KotlinTypeProjectionStub                         : loaded 2 times (x 70B)
Class org.jetbrains.kotlin.psi.stubs.KotlinModifierListStub                           : loaded 2 times (x 70B)
Class [Lorg.jetbrains.kotlin.psi.KtClassBody;                                         : loaded 2 times (x 69B)
Class org.jetbrains.kotlin.psi.KtValVarKeywordOwner                                   : loaded 2 times (x 70B)
Class org.jetbrains.kotlin.psi.KtExpression                                           : loaded 2 times (x 70B)
Class org.jetbrains.kotlin.psi.stubs.elements.KtCallExpressionElementType             : loaded 2 times (x 103B)
Class org.jetbrains.kotlin.psi.stubs.elements.KtTypeParameterElementType              : loaded 2 times (x 103B)
Class kotlin.text.MatchResult$Destructured                                            : loaded 2 times (x 72B)
Class [Lorg.jetbrains.kotlin.psi.KtDeclarationModifierList;                           : loaded 2 times (x 69B)
Class org.jetbrains.kotlin.psi.KtIntersectionType                                     : loaded 2 times (x 503B)
Class com.google.devtools.ksp.processing.KSPJvmConfig                                 : loaded 2 times (x 72B)
Class com.google.common.reflect.TypeToken$1                                           : loaded 2 times (x 110B)
Class com.google.common.cache.LocalCache$ComputingValueReference                      : loaded 2 times (x 96B)
Class [Lcom.google.wireless.android.sdk.stats.AndroidStudioEvent$EventKind;           : loaded 2 times (x 69B)
Class com.google.wireless.android.sdk.stats.SplittingTabsUsageEvent                   : loaded 2 times (x 201B)
Class com.google.wireless.android.sdk.stats.EditingMetricsEvent                       : loaded 2 times (x 203B)
Class com.google.wireless.android.sdk.stats.LldbSessionEndDetails                     : loaded 2 times (x 204B)
Class com.google.wireless.android.sdk.stats.UiDeviceSettingsEventOrBuilder            : loaded 2 times (x 70B)
Class com.google.wireless.android.sdk.stats.CoroutineDebuggerEventOrBuilder           : loaded 2 times (x 70B)
Class com.google.wireless.android.sdk.stats.DaemonCodeAnalyzerFinishedEventOrBuilder  : loaded 2 times (x 70B)
Class com.google.wireless.android.sdk.stats.GfxTracingDetailsOrBuilder                : loaded 2 times (x 70B)
Class com.google.wireless.android.sdk.stats.DebuggerEventOrBuilder                    : loaded 2 times (x 70B)
Class com.google.wireless.android.sdk.stats.PSDEventOrBuilder                         : loaded 2 times (x 70B)
Class com.google.protobuf.MessageLite$Builder                                         : loaded 2 times (x 70B)
Class [Lkotlin.script.experimental.host.ScriptingHostConfiguration;                   : loaded 2 times (x 69B)
Class org.jetbrains.kotlin.fir.analysis.diagnostics.FirErrorsDefaultMessages          : loaded 2 times (x 76B)
Class org.jetbrains.kotlin.diagnostics.LightTreePositioningStrategiesKt$keywordStrategy$1: loaded 2 times (x 75B)
Class org.jetbrains.kotlin.diagnostics.LightTreePositioningStrategies$ACTUAL_DECLARATION_NAME$1: loaded 2 times (x 74B)
Class [Lorg.jetbrains.kotlin.fir.declarations.FirClassLikeDeclaration;                : loaded 2 times (x 69B)
Class org.jetbrains.kotlin.fir.expressions.builder.FirImplicitInvokeCallBuilder       : loaded 2 times (x 160B)
Class org.jetbrains.kotlin.fir.expressions.FirTryExpression                           : loaded 2 times (x 137B)
Class kotlin.collections.builders.MapBuilderValues                                    : loaded 2 times (x 123B)
Class org.jetbrains.kotlin.fir.resolve.transformers.WhenOnSealedClassExhaustivenessChecker: loaded 2 times (x 73B)
Class org.jetbrains.kotlin.fir.declarations.FirErrorProperty                          : loaded 2 times (x 236B)
Class org.jetbrains.kotlin.fir.types.ConeStubTypeForTypeVariableInSubtyping           : loaded 2 times (x 82B)
Class org.jetbrains.kotlin.resolve.calls.inference.model.ConstraintKind               : loaded 2 times (x 79B)
Class org.jetbrains.kotlin.fir.references.FirResolvedNamedReference                   : loaded 2 times (x 91B)
Class org.jetbrains.kotlin.fir.java.scopes.JavaClassUseSiteMemberScope$Companion      : loaded 2 times (x 71B)
Class org.jetbrains.kotlin.fir.scopes.impl.FirIntersectionOverrideStorage$cacheByScope$1$1: loaded 2 times (x 74B)
Class org.jetbrains.kotlin.fir.declarations.builder.FirPropertyBuilder                : loaded 2 times (x 137B)
Class org.jetbrains.kotlin.types.ConstantValueKind$Boolean                            : loaded 2 times (x 72B)
Class [Lorg.jetbrains.kotlin.fir.deserialization.AnnotationDeserializer$CallableKind; : loaded 2 times (x 69B)
Class org.jetbrains.kotlin.psi.KtStringTemplateEntry                                  : loaded 2 times (x 442B)
Class org.jetbrains.kotlin.psi.KtContinueExpression                                   : loaded 2 times (x 436B)
Class org.jetbrains.kotlin.fir.declarations.FirTowerDataElement                       : loaded 2 times (x 72B)
Class org.jetbrains.kotlin.fir.resolve.calls.overloads.ConeEquivalentCallConflictResolver: loaded 2 times (x 73B)
Class org.jetbrains.kotlin.fir.resolve.FirSpecialTowerDataContexts                    : loaded 2 times (x 72B)
Class org.jetbrains.kotlin.fir.extensions.FirPredicateBasedProviderKt                 : loaded 2 times (x 71B)
Class [Lorg.jetbrains.kotlin.fir.types.ConeSimpleKotlinType;                          : loaded 2 times (x 69B)
Class org.jetbrains.kotlin.fir.extensions.FirDeclarationPredicateRegistrar            : loaded 2 times (x 73B)
Class org.jetbrains.kotlin.load.java.structure.impl.classFiles.BinaryClassSignatureParser: loaded 2 times (x 72B)
Class org.jetbrains.kotlin.fir.resolve.calls.jvm.JvmCallConflictResolverFactory       : loaded 2 times (x 72B)
Class org.jetbrains.kotlin.fir.analysis.jvm.checkers.FirJvmPrimaryConstructorSuperTypeCheckerPlatformComponent: loaded 2 times (x 72B)
Class org.jetbrains.kotlin.fir.analysis.checkers.expression.FirGenericArrayClassLiteralSupport: loaded 2 times (x 70B)
Class com.android.ide.common.resources.configuration.Configurable                     : loaded 2 times (x 70B)
Class org.jetbrains.kotlin.KtSourceElement                                            : loaded 2 times (x 78B)
Class org.jetbrains.kotlin.psi.UserDataProperty                                       : loaded 2 times (x 72B)
Class org.jetbrains.kotlin.parsing.AbstractTokenStreamPredicate                       : loaded 2 times (x 77B)
Class org.jetbrains.kotlin.protobuf.LazyStringList                                    : loaded 2 times (x 70B)
Class org.jetbrains.kotlin.name.SpecialNames                                          : loaded 2 times (x 71B)
Class com.android.ide.common.resources.configuration.SmallestScreenWidthQualifier     : loaded 2 times (x 88B)
Class org.jetbrains.kotlin.fir.declarations.FirClassLikeDeclaration                   : loaded 2 times (x 142B)
Class org.jetbrains.kotlin.utils.WrappedValues                                        : loaded 2 times (x 71B)
Class org.jetbrains.kotlin.fir.declarations.impl.FirDeclarationStatusImpl$Modifier    : loaded 2 times (x 79B)
Class org.jetbrains.kotlin.psi.KtStringInterpolationPrefix                            : loaded 2 times (x 441B)
Class [Lorg.jetbrains.kotlin.psi.KtStringTemplateEntryWithExpression;                 : loaded 2 times (x 69B)
Class org.jetbrains.kotlin.psi.KtTypeProjection                                       : loaded 2 times (x 582B)
Class org.jetbrains.kotlin.psi.stubs.KotlinFunctionTypeStub                           : loaded 2 times (x 70B)
Class org.jetbrains.org.objectweb.asm.tree.LocalVariableNode                          : loaded 2 times (x 73B)
Class org.jetbrains.kotlin.types.TypeMappingContext                                   : loaded 2 times (x 70B)
Class com.google.common.reflect.TypeToken$2                                           : loaded 2 times (x 110B)
Class [Lorg.jetbrains.kotlin.cli.common.messages.CompilerMessageSeverity;             : loaded 2 times (x 69B)
Class com.google.common.collect.AbstractMapBasedMultimap$AsMap$AsMapEntries           : loaded 2 times (x 138B)
Class com.google.common.cache.LocalCache$Segment                                      : loaded 2 times (x 154B)
Class com.google.wireless.android.sdk.stats.BrowserSurveyEvent                        : loaded 2 times (x 200B)
Class com.google.wireless.android.sdk.stats.TestScenarioEvent                         : loaded 2 times (x 204B)
Class com.google.wireless.android.sdk.stats.DeviceInfo                                : loaded 2 times (x 236B)
Class com.google.wireless.android.sdk.stats.EditorHighlightingStatsOrBuilder          : loaded 2 times (x 70B)
Class com.google.wireless.android.sdk.stats.SkillsEventOrBuilder                      : loaded 2 times (x 70B)
Class com.google.protobuf.Parser                                                      : loaded 2 times (x 70B)
Class org.jetbrains.kotlin.diagnostics.PositioningStrategies$COMMAS$1                 : loaded 2 times (x 74B)
Class [Lorg.jetbrains.kotlin.diagnostics.Severity;                                    : loaded 2 times (x 69B)
Class org.jetbrains.kotlin.diagnostics.Severity                                       : loaded 2 times (x 79B)
Class org.jetbrains.kotlin.fir.resolve.transformers.FirSyntheticCallGenerator$special$$inlined$createCache$1: loaded 2 times (x 75B)
Class org.jetbrains.kotlin.types.AbstractStrictEqualityTypeChecker                    : loaded 2 times (x 71B)
Class org.jetbrains.kotlin.fir.resolve.dfa.cfg.WhenBranchResultExitNode               : loaded 2 times (x 82B)
Class org.jetbrains.kotlin.fir.scopes.FirScopeKt$getProperties$1$1                    : loaded 2 times (x 80B)
Class org.jetbrains.kotlin.fir.declarations.ExpectActualAttributesKt                  : loaded 2 times (x 71B)
Class org.jetbrains.kotlin.fir.resolve.calls.ClassQualifierReceiver                   : loaded 2 times (x 74B)
Class org.jetbrains.kotlin.fir.visitors.FirVisitorVoid                                : loaded 2 times (x 389B)
Class org.jetbrains.kotlin.fir.types.builder.FirTypeProjectionWithVarianceBuilder     : loaded 2 times (x 72B)
Class org.jetbrains.kotlin.resolve.calls.inference.model.MutableVariableWithConstraints: loaded 2 times (x 77B)
Class org.jetbrains.kotlin.fir.resolve.calls.stages.ResolutionStagesKt                : loaded 2 times (x 71B)
Class org.jetbrains.kotlin.fir.resolve.calls.stages.MapArguments                      : loaded 2 times (x 72B)
Class org.jetbrains.kotlin.fir.resolve.dfa.cfg.PostponedPath                          : loaded 2 times (x 74B)
Class [Lorg.jetbrains.kotlin.fir.resolve.dfa.cfg.EdgeKind;                            : loaded 2 times (x 69B)
Class org.jetbrains.kotlin.fir.resolve.dfa.FlowPath                                   : loaded 2 times (x 71B)
Class org.jetbrains.kotlin.fir.resolve.transformers.TransformUtilsKt                  : loaded 2 times (x 71B)
Class org.jetbrains.kotlin.fir.scopes.impl.FirLazyNestedClassifierScope               : loaded 2 times (x 82B)
Class org.jetbrains.kotlin.builtins.PrimitiveType$Companion                           : loaded 2 times (x 71B)
Class org.jetbrains.kotlin.fir.types.ConeKotlinTypeProjectionOut                      : loaded 2 times (x 74B)
Class org.jetbrains.kotlin.fir.resolve.dfa.FirDataFlowAnalyzer                        : loaded 2 times (x 80B)
Class org.jetbrains.kotlin.fir.scopes.CallableCopyTypeCalculator$DeferredCallableCopyTypeCalculator: loaded 2 times (x 74B)
Class org.jetbrains.kotlin.fir.declarations.FirReplSnippet                            : loaded 2 times (x 128B)
Class org.jetbrains.kotlin.fir.scopes.impl.FirNestedClassifierScopeImpl               : loaded 2 times (x 85B)
Class org.jetbrains.kotlin.load.kotlin.VirtualFileFinderFactory$SERVICE               : loaded 2 times (x 71B)
Class org.jetbrains.kotlin.name.JvmStandardClassIds$Annotations                       : loaded 2 times (x 71B)
Class org.jetbrains.kotlin.fir.symbols.impl.FirClassSymbol                            : loaded 2 times (x 82B)
Class org.jetbrains.kotlin.fir.types.impl.FirImplicitFloatTypeRef                     : loaded 2 times (x 109B)
Class org.jetbrains.kotlin.fir.types.ConeAttribute                                    : loaded 2 times (x 79B)
Class org.jetbrains.kotlin.fir.references.FirSuperReference                           : loaded 2 times (x 90B)
Class [Lcom.android.ide.common.resources.DataFile$FileType;                           : loaded 2 times (x 69B)
Class com.android.ide.common.resources.ResourceFile                                   : loaded 2 times (x 87B)
Class org.jetbrains.kotlin.fir.ContainingClassKey                                     : loaded 2 times (x 71B)
Class com.android.ide.common.resources.configuration.HighDynamicRangeQualifier        : loaded 2 times (x 91B)
Class com.android.ide.common.resources.configuration.WideGamutColorQualifier          : loaded 2 times (x 91B)
Class org.jetbrains.kotlin.fir.declarations.FirBackingField                           : loaded 2 times (x 201B)
Class org.jetbrains.kotlin.fir.declarations.FirResolvePhaseKt$WhenMappings            : loaded 2 times (x 71B)
Class org.jetbrains.kotlin.protobuf.UnmodifiableLazyStringList$2                      : loaded 2 times (x 83B)
Class [Lorg.jetbrains.kotlin.fir.expressions.FirStatement;                            : loaded 2 times (x 69B)
Class org.jetbrains.kotlin.load.java.JavaTypeQualifiersByElementType                  : loaded 2 times (x 72B)
Class org.jetbrains.kotlin.fir.java.AnnotationData                                    : loaded 2 times (x 72B)
Class org.jetbrains.kotlin.mpp.EnumEntrySymbolMarker                                  : loaded 2 times (x 70B)
Class [Lorg.jetbrains.kotlin.config.LanguageFeature$State;                            : loaded 2 times (x 69B)
Class [Lorg.jetbrains.kotlin.config.ReturnValueCheckerMode;                           : loaded 2 times (x 69B)
Class org.jetbrains.kotlin.load.java.structure.JavaArrayType                          : loaded 2 times (x 70B)
Class kotlin.reflect.jvm.internal.ReflectProperties                                   : loaded 2 times (x 71B)
Class it.unimi.dsi.fastutil.objects.ObjectIterator                                    : loaded 2 times (x 70B)
Class kotlinx.coroutines.internal.LockFreeTaskQueueCore$Placeholder                   : loaded 2 times (x 71B)
Class org.jetbrains.kotlin.psi.KtCatchClause                                          : loaded 2 times (x 378B)
Class org.jetbrains.kotlin.psi.stubs.KotlinScriptStub                                 : loaded 2 times (x 70B)
Class [Lorg.jetbrains.kotlin.psi.KtDelegatedSuperTypeEntry;                           : loaded 2 times (x 69B)
Class org.jetbrains.kotlin.psi.stubs.elements.KtAnnotationUseSiteTargetElementType    : loaded 2 times (x 100B)
Class org.jetbrains.kotlin.psi.stubs.KotlinObjectStub                                 : loaded 2 times (x 70B)
Class org.jetbrains.kotlin.psi.stubs.elements.KtClassElementType                      : loaded 2 times (x 100B)
Class org.jetbrains.kotlin.codegen.state.KotlinTypeMapper$Companion                   : loaded 2 times (x 71B)
Class org.jetbrains.kotlin.cli.jvm.compiler.KotlinCoreEnvironment                     : loaded 2 times (x 72B)
Class org.jetbrains.kotlin.utils.DescriptionAware                                     : loaded 2 times (x 70B)
Class org.jetbrains.kotlin.fir.references.builder.FirSimpleNamedReferenceBuilder      : loaded 2 times (x 72B)
Class [Lcom.google.common.base.Supplier;                                              : loaded 2 times (x 69B)
Class com.google.common.collect.SortedIterable                                        : loaded 2 times (x 70B)
Class com.google.common.cache.CacheLoader                                             : loaded 2 times (x 74B)
Class org.gradle.api.internal.classpath.ModuleRegistry                                : loaded 2 times (x 70B)
Class org.gradle.internal.installation.GradleInstallation$1                           : loaded 2 times (x 75B)
Class com.google.protobuf.ByteString$LeafByteString                                   : loaded 2 times (x 103B)
Class com.google.wireless.android.sdk.stats.UserIdResetEvent                          : loaded 2 times (x 195B)
Class com.google.wireless.android.sdk.stats.JniInspectionEvent                        : loaded 2 times (x 201B)
Class com.google.wireless.android.sdk.stats.StudioRunEvent                            : loaded 2 times (x 234B)
Class com.google.wireless.android.sdk.stats.GradleSyncIssueOrBuilder                  : loaded 2 times (x 70B)
Class com.google.wireless.android.sdk.stats.OSMetricsOrBuilder                        : loaded 2 times (x 70B)
Class com.google.wireless.android.sdk.stats.RunEventOrBuilder                         : loaded 2 times (x 70B)
Class com.google.protobuf.Descriptors$GenericDescriptor                               : loaded 2 times (x 75B)
Class org.jetbrains.kotlin.fir.declarations.impl.FirScriptReceiverParameterImpl       : loaded 2 times (x 116B)
Class org.jetbrains.kotlin.fir.extensions.FirExtensionPointName                       : loaded 2 times (x 72B)
Class org.jetbrains.kotlin.diagnostics.PsiPositioningStrategies$ACTUAL_DECLARATION_NAME$1: loaded 2 times (x 74B)
Class org.jetbrains.kotlin.diagnostics.PositioningStrategies$CALL_EXPRESSION$1        : loaded 2 times (x 74B)
Class org.jetbrains.kotlin.diagnostics.PositioningStrategies$WHEN_EXPRESSION$1        : loaded 2 times (x 74B)
Class org.jetbrains.kotlin.fir.analysis.checkers.FirHelpersKt                         : loaded 2 times (x 71B)
Class org.jetbrains.kotlin.fir.renderer.FirRendererComponents                         : loaded 2 times (x 70B)
Class org.jetbrains.kotlin.fir.resolve.dfa.cfg.GraphExitNodeMarker                    : loaded 2 times (x 70B)
Class org.jetbrains.kotlin.fir.scopes.jvm.FirJvmPlatformDeclarationFilter             : loaded 2 times (x 71B)
Class org.jetbrains.kotlin.descriptors.InlineClassRepresentation                      : loaded 2 times (x 75B)
Class [Lorg.jetbrains.kotlin.types.TypeCheckerState$LowerCapturedTypePolicy;          : loaded 2 times (x 69B)
Class org.jetbrains.kotlin.fir.resolve.dfa.cfg.WhenEnterNode                          : loaded 2 times (x 82B)
Class org.jetbrains.kotlin.fir.java.enhancement.FirSignatureEnhancement$enhanceTypeParameterBoundsSecondRound$$inlined$enhanceTypeParameterBounds$1: loaded 2 times (x 75B)
Class org.jetbrains.kotlin.fir.java.JavaScopeProvider$findClosestJavaSuperTypes$2     : loaded 2 times (x 80B)
Class org.jetbrains.kotlin.fir.references.FirPropertyWithExplicitBackingFieldResolvedNamedReference: loaded 2 times (x 92B)
Class org.jetbrains.kotlin.fir.expressions.FirSamConversionExpression                 : loaded 2 times (x 118B)
Class [Lorg.jetbrains.kotlin.types.SmartcastStability;                                : loaded 2 times (x 69B)
Class org.jetbrains.kotlin.fir.resolve.transformers.ExpectedArgumentType              : loaded 2 times (x 72B)
Class org.jetbrains.kotlin.resolve.calls.inference.components.ConstraintInjector$TypeCheckerStateForConstraintInjector$addNewIncorporatedConstraint$1: loaded 2 times (x 125B)
Class org.jetbrains.kotlin.fir.expressions.FirPropertyAccessExpression                : loaded 2 times (x 160B)
Class org.jetbrains.kotlin.fir.resolve.calls.AbstractCallInfo                         : loaded 2 times (x 77B)
Class org.jetbrains.kotlin.fir.java.declarations.FirJavaMethod                        : loaded 2 times (x 219B)
Class org.jetbrains.kotlin.fir.java.MutableJavaTypeParameterStack                     : loaded 2 times (x 81B)
Class org.jetbrains.kotlin.fir.expressions.InaccessibleReceiverKind                   : loaded 2 times (x 79B)
Class org.jetbrains.kotlin.fir.IntersectionOverrideOriginalKey                        : loaded 2 times (x 71B)
Class org.jetbrains.kotlin.fir.pipeline.IrGenerationExtensionException                : loaded 2 times (x 82B)
Class org.jetbrains.kotlin.fir.deserialization.AbstractFirDeserializedSymbolProvider$special$$inlined$createCache$1: loaded 2 times (x 75B)
Class org.jetbrains.kotlin.fir.java.deserialization.FirJvmDeserializationExtension    : loaded 2 times (x 77B)
Class org.jetbrains.kotlin.storage.SimpleLock$Companion                               : loaded 2 times (x 71B)
Class org.jetbrains.kotlin.resolve.calls.inference.components.PostponedArgumentInputTypesResolver$Companion: loaded 2 times (x 71B)
Class org.jetbrains.kotlin.util.ArrayMapAccessor                                      : loaded 2 times (x 75B)
Class org.jetbrains.kotlin.util.AbstractArrayMapOwner$AbstractArrayMapAccessor        : loaded 2 times (x 71B)
Class org.jetbrains.kotlin.fir.FirModuleData                                          : loaded 2 times (x 82B)
Class org.jetbrains.kotlin.fir.types.impl.ConeClassLikeTypeImpl                       : loaded 2 times (x 83B)
Class org.jetbrains.kotlin.fir.resolve.calls.tower.FirInvokeResolveTowerExtension$enqueueResolveTasksForNoReceiver$$inlined$enqueueInvokeReceiverTask$default$1: loaded 2 times (x 95B)
Class com.android.resources.ResourceType$Kind                                         : loaded 2 times (x 79B)
Class org.jetbrains.kotlin.parsing.BindAll                                            : loaded 2 times (x 76B)
Class org.jetbrains.kotlin.fir.resolve.inference.model.ConeLambdaArgumentConstraintPosition: loaded 2 times (x 73B)
Class org.jetbrains.kotlin.cli.jvm.modules.JavaModuleGraph                            : loaded 2 times (x 72B)
Class org.jetbrains.kotlin.scripting.compiler.plugin.definitions.CliScriptDefinitionProvider: loaded 2 times (x 87B)
Class org.jetbrains.kotlin.utils.PlatformUtilsKt                                      : loaded 2 times (x 71B)
Class org.jetbrains.kotlin.psi.KtStatementExpression                                  : loaded 2 times (x 70B)
Class org.jetbrains.kotlin.psi.KtDeclarationContainer                                 : loaded 2 times (x 70B)
Class org.jetbrains.kotlin.cli.jvm.modules.CoreJrtFileSystem                          : loaded 2 times (x 101B)
Class org.jetbrains.kotlin.cli.jvm.compiler.KotlinCoreApplicationEnvironmentMode      : loaded 2 times (x 70B)
Class org.jetbrains.kotlin.fir.renderer.FirResolvedQualifierRendererWithLabel         : loaded 2 times (x 73B)
Class com.android.ide.common.repository.AgpVersion$PreviewKind$Companion              : loaded 2 times (x 71B)
Class com.android.ProgressManagerAdapter                                              : loaded 2 times (x 73B)
Class org.jetbrains.kotlin.fir.declarations.SealedClassInheritorsKt                   : loaded 2 times (x 71B)
Class org.jetbrains.kotlin.diagnostics.AbstractKtDiagnosticFactory                    : loaded 2 times (x 72B)
Class com.google.devtools.ksp.processing.KSPLogger                                    : loaded 2 times (x 70B)
Class org.apache.commons.io.output.NullWriter                                         : loaded 2 times (x 99B)
Class com.google.common.util.concurrent.internal.InternalFutureFailureAccess          : loaded 2 times (x 72B)
Class com.google.wireless.android.sdk.stats.GeminiAdvertiserEvent                     : loaded 2 times (x 197B)
Class com.google.wireless.android.sdk.stats.LiveLiteralsEventOrBuilder                : loaded 2 times (x 70B)
Class com.google.wireless.android.sdk.stats.ManifestMergerStatsOrBuilder              : loaded 2 times (x 70B)
Class com.google.wireless.android.sdk.stats.FirebaseContextDetailsOrBuilder           : loaded 2 times (x 70B)
Class com.google.wireless.android.sdk.stats.CppHeadersViewEventOrBuilder              : loaded 2 times (x 70B)
Class com.google.wireless.android.sdk.stats.AndroidProfilerEventOrBuilder             : loaded 2 times (x 70B)
Class com.google.wireless.android.sdk.stats.FileTypeOrBuilder                         : loaded 2 times (x 70B)
Class com.google.common.hash.MessageDigestHashFunction                                : loaded 2 times (x 96B)
Class com.google.protobuf.AbstractMessageLite                                         : loaded 2 times (x 101B)
Class org.jetbrains.kotlin.resolve.jvm.AsmTypes                                       : loaded 2 times (x 71B)
Class org.jetbrains.kotlin.fir.DfaType$Cone                                           : loaded 2 times (x 72B)
Class org.jetbrains.kotlin.resolve.calls.results.TypeWithConversion                   : loaded 2 times (x 72B)
Class org.jetbrains.kotlin.fir.scopes.CallableCopyTypeCalculator$DoNothing            : loaded 2 times (x 72B)
Class org.jetbrains.kotlin.fir.resolve.calls.ConeAtomWithCandidate                    : loaded 2 times (x 73B)
Class org.jetbrains.kotlin.codegen.state.KotlinTypeMapperBase                         : loaded 2 times (x 74B)
Class org.jetbrains.kotlin.load.java.SpecialGenericSignatures$Companion               : loaded 2 times (x 71B)
Class org.jetbrains.kotlin.fir.resolve.transformers.AbstractFirStatusResolveTransformer: loaded 2 times (x 418B)
Class org.jetbrains.kotlin.diagnostics.PositioningStrategies$SECONDARY_CONSTRUCTOR_DELEGATION_CALL$1: loaded 2 times (x 74B)
Class org.jetbrains.kotlin.fir.scopes.FirDelegatingContainingNamesAwareScope          : loaded 2 times (x 82B)
Class org.jetbrains.kotlin.fir.java.enhancement.FirSignatureEnhancement$special$$inlined$compareByDescending$1: loaded 2 times (x 89B)
Class org.jetbrains.kotlin.fir.declarations.DeprecationInfoProvider                   : loaded 2 times (x 72B)
Class org.jetbrains.kotlin.diagnostics.PositioningStrategies$VARIABLE_INITIALIZER$1   : loaded 2 times (x 74B)
Class org.jetbrains.kotlin.cli.common.arguments.Argument                              : loaded 2 times (x 70B)
Class org.jetbrains.kotlin.fir.declarations.builder.FirScriptBuilder                  : loaded 2 times (x 76B)
Class com.google.wireless.android.sdk.stats.StartupPerformanceFrameBecameVisibleEventOrBuilder: loaded 2 times (x 70B)
Class com.google.wireless.android.sdk.stats.StudioCrash                               : loaded 2 times (x 209B)
Class com.google.wireless.android.sdk.stats.VirtualizationEvent                       : loaded 2 times (x 197B)
Class org.jetbrains.kotlin.fir.resolve.dfa.VariableStorage                            : loaded 2 times (x 72B)
Class org.jetbrains.kotlin.types.model.IntersectionTypeConstructorMarker              : loaded 2 times (x 70B)
Class org.jetbrains.kotlin.KtSourceElementOffsetStrategy$Default                      : loaded 2 times (x 71B)
Class org.jetbrains.kotlin.KtFakeSourceElementKind$EnumGeneratedDeclaration           : loaded 2 times (x 72B)
Class org.jetbrains.kotlin.mpp.TypeAliasSymbolMarker                                  : loaded 2 times (x 70B)
Class org.jetbrains.kotlin.fir.deserialization.AbstractFirDeserializedSymbolProvider$special$$inlined$createCache$2: loaded 2 times (x 75B)
Class org.jetbrains.kotlin.fir.java.FirJavaFacade$special$$inlined$createCache$1      : loaded 2 times (x 75B)
Class org.jetbrains.kotlin.fir.resolve.providers.FirProvider                          : loaded 2 times (x 85B)
Class org.jetbrains.kotlin.platform.jvm.JvmPlatformKt                                 : loaded 2 times (x 71B)
Class [Lorg.jetbrains.kotlin.fir.caches.FirCachesFactory$KeyReferenceStrength;        : loaded 2 times (x 69B)
Class org.jetbrains.kotlin.resolve.calls.inference.components.TrivialConstraintTypeInferenceOracle: loaded 2 times (x 549B)
Class org.jetbrains.kotlin.fir.util.ConeTypeRegistry                                  : loaded 2 times (x 73B)
Class com.google.wireless.android.sdk.stats.GarbageCollectionStats$1                  : loaded 2 times (x 151B)
Class org.jetbrains.kotlin.load.java.structure.impl.source.JavaElementSourceFactory$Companion: loaded 2 times (x 71B)
Class org.jetbrains.kotlin.resolve.extensions.AssignResolutionAltererExtension        : loaded 2 times (x 70B)
Class org.jetbrains.kotlin.extensions.ProjectExtensionDescriptor                      : loaded 2 times (x 72B)
Class org.jetbrains.kotlin.cli.jvm.compiler.CliVirtualFileFinderFactory               : loaded 2 times (x 76B)
Class org.gradle.api.internal.ClassPathProvider                                       : loaded 2 times (x 70B)
Class [Lorg.gradle.api.internal.ClassPathProvider;                                    : loaded 2 times (x 69B)
Class com.google.common.collect.Maps$ViewCachingAbstractMap                           : loaded 2 times (x 125B)
Class org.jetbrains.kotlin.descriptors.DescriptorVisibilities$2                       : loaded 2 times (x 79B)
Class kotlin.text.MatchResult                                                         : loaded 2 times (x 70B)
Class kotlin.reflect.jvm.internal.KDeclarationContainerImpl                           : loaded 2 times (x 84B)
Class it.unimi.dsi.fastutil.ints.IntIterable                                          : loaded 2 times (x 70B)
Class it.unimi.dsi.fastutil.ints.IntSet                                               : loaded 2 times (x 70B)
Class org.jetbrains.kotlin.psi.KtAnnotationUseSiteTarget                              : loaded 2 times (x 441B)
Class [Lorg.jetbrains.kotlin.psi.KtPrimaryConstructor;                                : loaded 2 times (x 69B)
Class org.jetbrains.kotlin.psi.KtPropertyAccessor                                     : loaded 2 times (x 953B)
Class org.jetbrains.kotlin.psi.KtElement                                              : loaded 2 times (x 70B)
Class org.jetbrains.kotlin.parsing.KotlinParserDefinition                             : loaded 2 times (x 95B)
Class org.jetbrains.kotlin.config.LanguageVersionSettingsImpl$Companion               : loaded 2 times (x 71B)
Class org.jetbrains.kotlin.psi.KtImportInfo$ImportContent$ExpressionBased             : loaded 2 times (x 72B)
Class kotlin.text.RegexKt                                                             : loaded 2 times (x 71B)
Class [Lorg.jetbrains.kotlin.psi.KtValueArgumentList;                                 : loaded 2 times (x 69B)
Class com.google.common.collect.ImmutableMultimap$Values                              : loaded 2 times (x 126B)
Class com.google.common.cache.LocalCache$LocalManualCache$1                           : loaded 2 times (x 75B)
Class ijKotlinCoroutineJvmDebugInit1_cm195bt44q3i5izc2mg8taang                        : loaded 2 times (x 171B)
Class com.google.wireless.android.sdk.stats.StartupPerformanceFrameBecameVisibleEvent : loaded 2 times (x 199B)
Class com.google.wireless.android.sdk.stats.GoogleLoginPluginEvent                    : loaded 2 times (x 203B)
Class com.google.wireless.android.sdk.stats.SentimentSurveyEventOrBuilder             : loaded 2 times (x 70B)
Class com.google.wireless.android.sdk.stats.GradleJdkInvalidEventOrBuilder            : loaded 2 times (x 70B)
Class com.google.wireless.android.sdk.stats.StudioPerformanceStatsOrBuilder           : loaded 2 times (x 70B)
Class com.google.wireless.android.sdk.stats.FileUsageOrBuilder                        : loaded 2 times (x 70B)
Class org.jetbrains.kotlin.scripting.compiler.plugin.services.FirScriptDefinitionProviderService$Companion: loaded 2 times (x 71B)
Class org.jetbrains.kotlin.scripting.definitions.ScriptEvaluationConfigurationFromHostConfiguration: loaded 2 times (x 72B)
Class org.jetbrains.kotlin.diagnostics.KtDiagnosticFactoryN                           : loaded 2 times (x 72B)
Class org.jetbrains.kotlin.fir.resolve.dfa.LogicSystem$WhenMappings                   : loaded 2 times (x 71B)
Class org.jetbrains.kotlin.types.TypeCheckerState$LowerCapturedTypePolicy             : loaded 2 times (x 79B)
Class org.jetbrains.kotlin.fir.FirEnumWhenTrackerComponent                            : loaded 2 times (x 72B)
Class org.jetbrains.kotlin.fir.scopes.FirTypeScope$Empty                              : loaded 2 times (x 84B)
Class org.jetbrains.kotlin.fir.expressions.builder.FirBlockBuilder                    : loaded 2 times (x 84B)
Class org.jetbrains.kotlin.fir.extensions.FirExpressionResolutionExtensionKt          : loaded 2 times (x 71B)
Class org.jetbrains.kotlin.fir.resolve.transformers.FirCallCompletionResultsWriterTransformer: loaded 2 times (x 396B)
Class org.jetbrains.kotlin.fir.expressions.impl.FirResolvedArgumentList               : loaded 2 times (x 91B)
Class org.jetbrains.kotlin.fir.resolve.dfa.cfg.NormalPath                             : loaded 2 times (x 74B)
Class com.google.common.collect.Multimaps$CustomListMultimap                          : loaded 2 times (x 174B)
Class org.jetbrains.kotlin.descriptors.Visibilities                                   : loaded 2 times (x 71B)
Class org.jetbrains.kotlin.fir.java.enhancement.InheritedKtPrivateClassDataKey        : loaded 2 times (x 71B)
Class org.jetbrains.kotlin.fir.java.FirSyntheticPropertiesStorageKt                   : loaded 2 times (x 71B)
Class org.jetbrains.kotlin.fir.declarations.impl.FirEnumEntryImpl                     : loaded 2 times (x 189B)
Class org.jetbrains.kotlin.psi.KtDoWhileExpression                                    : loaded 2 times (x 441B)
Class org.jetbrains.kotlin.fir.resolve.TypeExpansionUtilsKt                           : loaded 2 times (x 71B)
Class org.jetbrains.kotlin.fir.java.enhancement.SignatureEnhancementKt                : loaded 2 times (x 71B)
Class org.jetbrains.kotlin.fir.java.JavaTypeParameterStack$Companion                  : loaded 2 times (x 71B)
Class org.jetbrains.kotlin.types.ConstantValueKind$Short                              : loaded 2 times (x 72B)
Class [Lorg.jetbrains.kotlin.fir.resolve.dfa.cfg.ElvisRhsEnterNode;                   : loaded 2 times (x 69B)
Class org.jetbrains.kotlin.fir.resolve.dfa.cfg.SplitPostponedLambdasNode              : loaded 2 times (x 83B)
Class org.jetbrains.kotlin.load.java.structure.impl.source.JavaSourceFactoryOwner     : loaded 2 times (x 70B)
Class org.jetbrains.kotlin.load.java.structure.MapBasedJavaAnnotationOwner            : loaded 2 times (x 70B)
Class org.jetbrains.kotlin.fir.builder.DestructuringContext                           : loaded 2 times (x 70B)
Class org.jetbrains.kotlin.KtSourceElementKind                                        : loaded 2 times (x 72B)
Class org.jetbrains.kotlin.cli.jvm.index.JvmDependenciesIndexImpl$ClassSearchRequest  : loaded 2 times (x 72B)
Class org.jetbrains.kotlin.fir.deserialization.AbstractFirDeserializedSymbolProvider$special$$inlined$createCache$3: loaded 2 times (x 75B)
Class org.jetbrains.kotlin.fir.java.FirJavaFacade$special$$inlined$createCache$2      : loaded 2 times (x 75B)
Class org.jetbrains.kotlin.fir.extensions.FirExtensionRegistrar                       : loaded 2 times (x 73B)
Class org.jetbrains.kotlin.fir.resolve.inference.ConeConstraintSystemUtilContext      : loaded 2 times (x 91B)
Class org.jetbrains.kotlin.fir.types.ConeAttributes$Companion                         : loaded 2 times (x 73B)
Class com.android.resources.HighDynamicRange                                          : loaded 2 times (x 86B)
Class com.android.ide.common.resources.configuration.NavigationStateQualifier         : loaded 2 times (x 90B)
Class com.android.utils.PositionXmlParser$SaxParserPool                               : loaded 2 times (x 79B)
Class org.jetbrains.kotlin.metadata.ProtoBuf$StringTable$1                            : loaded 2 times (x 144B)
Class org.jetbrains.kotlin.config.AnalysisFlag                                        : loaded 2 times (x 72B)
Class org.jetbrains.kotlin.resolve.jvm.modules.JavaModuleResolver                     : loaded 2 times (x 70B)
Class org.jetbrains.kotlin.storage.LockBasedStorageManager$1                          : loaded 2 times (x 108B)
Class kotlinx.coroutines.internal.intellij.IntellijKt                                 : loaded 2 times (x 71B)
Class org.jetbrains.kotlin.psi.stubs.elements.KtUserTypeElementType                   : loaded 2 times (x 103B)
Class org.jetbrains.kotlin.psi.KtPackageDirective                                     : loaded 2 times (x 590B)
Class org.jetbrains.kotlin.cli.jvm.compiler.DummyJavaFileCodeStyleFacadeFactory       : loaded 2 times (x 74B)
Class it.unimi.dsi.fastutil.objects.Reference2ObjectOpenHashMap                       : loaded 2 times (x 184B)
Class kotlin.reflect.jvm.internal.impl.builtins.jvm.JavaToKotlinClassMap$PlatformMutabilityMapping: loaded 2 times (x 72B)
Class org.jetbrains.kotlin.load.kotlin.JvmPackagePartProviderBase$ModuleMappingInfo   : loaded 2 times (x 72B)
Class [Lcom.android.prefs.Global;                                                     : loaded 2 times (x 69B)
Class org.jetbrains.kotlin.parsing.KotlinParsing$NameParsingMode                      : loaded 2 times (x 79B)
Class org.jetbrains.kotlin.parsing.KotlinWhitespaceAndCommentsBindersKt               : loaded 2 times (x 71B)
Class com.google.common.hash.HashCode$BytesHashCode                                   : loaded 2 times (x 81B)
Class com.google.common.collect.Multimaps$CustomSetMultimap                           : loaded 2 times (x 178B)
Class ijKotlinCoroutineJvmDebugInit1_cm195bt44q3i5izc2mg8taang$_run_closure1          : loaded 2 times (x 139B)
Class org.gradle.api.internal.classpath.DefaultModuleRegistry                         : loaded 2 times (x 84B)
Class com.google.protobuf.CodedOutputStream$ArrayEncoder                              : loaded 2 times (x 110B)
Class com.google.wireless.android.sdk.stats.ScreenshotTestComposePreviewEvent         : loaded 2 times (x 202B)
Class com.google.wireless.android.sdk.stats.GlassesPairingEvent                       : loaded 2 times (x 195B)
Class com.google.wireless.android.sdk.stats.SmlCompletionEvent                        : loaded 2 times (x 210B)
Class com.google.wireless.android.sdk.stats.AdbAssistantStats                         : loaded 2 times (x 195B)
Class com.google.wireless.android.sdk.stats.ScreenshotTestComposePreviewEventOrBuilder: loaded 2 times (x 70B)
Class org.jetbrains.kotlin.diagnostics.LightTreePositioningStrategies$IF_EXPRESSION$1 : loaded 2 times (x 74B)
Class com.google.common.collect.LinkedHashMultimap$ValueSetLink                       : loaded 2 times (x 70B)
Class org.jetbrains.kotlin.fir.diagnostics.ConeDiagnostic                             : loaded 2 times (x 70B)
Class org.jetbrains.kotlin.fir.declarations.SealedClassInheritorsKt$setSealedClassInheritors$$inlined$sortedBy$1: loaded 2 times (x 89B)
Class org.jetbrains.kotlin.resolve.constants.ClassLiteralValue                        : loaded 2 times (x 72B)
Class [Lorg.jetbrains.kotlin.fir.declarations.CallToPotentiallyHiddenSymbolResult;    : loaded 2 times (x 69B)
Class org.jetbrains.kotlin.fir.scopes.jvm.SignatureUtilsKt$computeJvmDescriptor$1     : loaded 2 times (x 125B)
Class org.jetbrains.kotlin.fir.types.ConeTypeContext$substitutionSupertypePolicy$1    : loaded 2 times (x 73B)
Class org.jetbrains.kotlin.fir.java.enhancement.EnhancedTypeForWarningAttributeKt     : loaded 2 times (x 71B)
Class org.jetbrains.kotlin.fir.types.ConeIntegerConstantOperatorType                  : loaded 2 times (x 84B)
Class org.jetbrains.kotlin.resolve.calls.inference.components.ConstraintInjector$TypeCheckerStateForConstraintInjector: loaded 2 times (x 707B)
Class org.jetbrains.kotlin.resolve.calls.inference.model.ConstraintPosition           : loaded 2 times (x 71B)
Class org.jetbrains.kotlin.fir.resolve.calls.tower.TowerGroupKind$ImplicitOrNonLocal  : loaded 2 times (x 77B)
Class org.jetbrains.kotlin.fir.resolve.dfa.cfg.Edge                                   : loaded 2 times (x 72B)
Class [Lorg.jetbrains.kotlin.fir.resolve.dfa.cfg.ControlFlowGraph$Kind;               : loaded 2 times (x 69B)
Class org.jetbrains.kotlin.fir.resolve.dfa.FirDataFlowAnalyzer$Companion              : loaded 2 times (x 71B)
Class org.jetbrains.kotlin.fir.scopes.impl.FirAbstractOverrideCheckerKt               : loaded 2 times (x 71B)
Class org.jetbrains.kotlin.fir.declarations.FirDeclarationOrigin$BuiltInsFallback     : loaded 2 times (x 72B)
Class org.jetbrains.kotlin.fir.java.enhancement.FirSignatureEnhancement$special$$inlined$thenByDescending$1: loaded 2 times (x 90B)
Class com.android.ide.common.resources.configuration.EnumBasedResourceQualifier       : loaded 2 times (x 89B)
Class org.jetbrains.kotlin.util.OneElementArrayMap                                    : loaded 2 times (x 84B)
Class org.jetbrains.kotlin.fir.resolve.providers.FirSymbolNamesProvider               : loaded 2 times (x 82B)
Class org.jetbrains.kotlin.fir.symbols.impl.FirRegularClassSymbol                     : loaded 2 times (x 84B)
Class org.jetbrains.kotlin.fir.resolve.calls.tower.TowerGroupKind$Start               : loaded 2 times (x 76B)
Class org.jetbrains.kotlin.fir.resolve.FirRegularTowerDataContexts                    : loaded 2 times (x 72B)
Class org.jetbrains.kotlin.fir.scopes.CallableCopyTypeCalculator                      : loaded 2 times (x 72B)
Class org.jetbrains.kotlin.fir.declarations.FirTypeAlias                              : loaded 2 times (x 150B)
Class org.jetbrains.kotlin.fir.declarations.FirDeclarationOrigin$ImportedFromObjectOrStatic: loaded 2 times (x 72B)
Class org.jetbrains.kotlin.fir.deserialization.AbstractFirDeserializedSymbolProvider$special$$inlined$createCache$4: loaded 2 times (x 75B)
Class org.jetbrains.kotlin.fir.declarations.FirDeclarationOrigin$Synthetic$JavaProperty: loaded 2 times (x 72B)
Class org.jetbrains.kotlin.fir.declarations.builder.FirDeclarationBuilder             : loaded 2 times (x 70B)
Class org.jetbrains.kotlin.fir.resolve.calls.FirSyntheticNamesProvider                : loaded 2 times (x 74B)
Class org.jetbrains.kotlin.name.JvmStandardClassIds                                   : loaded 2 times (x 71B)
Class org.jetbrains.kotlin.fir.resolve.transformers.PublishedApiEffectiveVisibilityKey: loaded 2 times (x 71B)
Class org.jetbrains.kotlin.fir.symbols.impl.FirCallableSymbol                         : loaded 2 times (x 77B)
Class org.jetbrains.kotlin.fir.scopes.impl.FirDeclaredMemberScopeProvider$nestedClassifierCache$1: loaded 2 times (x 75B)
Class org.jetbrains.kotlin.fir.types.impl.FirImplicitBooleanTypeRef                   : loaded 2 times (x 109B)
Class [Lcom.android.resources.Keyboard;                                               : loaded 2 times (x 69B)
Class com.android.resources.ScreenRatio                                               : loaded 2 times (x 86B)
Class [Lcom.android.ide.common.resources.configuration.ResourceQualifier;             : loaded 2 times (x 69B)
Class org.jetbrains.kotlin.fir.types.CompilerConeAttributes$RawType                   : loaded 2 times (x 79B)
Class org.jetbrains.kotlin.metadata.jvm.JvmModuleProtoBuf$Module$1                    : loaded 2 times (x 144B)
Class [Lorg.jetbrains.kotlin.load.java.SpecialGenericSignatures$TypeSafeBarrierDescription;: loaded 2 times (x 69B)
Class org.jetbrains.kotlin.cli.jvm.index.JvmDependenciesIndexImpl                     : loaded 2 times (x 77B)
Class kotlin.reflect.jvm.internal.impl.name.SpecialNames                              : loaded 2 times (x 71B)
Class kotlin.reflect.jvm.internal.impl.builtins.functions.FunctionTypeKind$KFunction  : loaded 2 times (x 72B)
Class kotlin.sequences.SequencesKt__SequencesKt$sequenceOf$$inlined$Sequence$1        : loaded 2 times (x 75B)
Class org.jetbrains.kotlin.psi.KtFinallySection                                       : loaded 2 times (x 376B)
Class org.jetbrains.kotlin.psi.KtCallElement                                          : loaded 2 times (x 70B)
Class org.jetbrains.kotlin.psi.stubs.KotlinParameterStub                              : loaded 2 times (x 70B)
Class org.jetbrains.kotlin.psi.KtTypeAlias                                            : loaded 2 times (x 1069B)
Class org.jetbrains.kotlin.fir.resolve.transformers.body.resolve.ImplicitBodyResolveComputationStatus$NotComputed: loaded 2 times (x 71B)
Class org.jetbrains.kotlin.fir.resolve.dfa.cfg.ControlFlowGraphNodeBuilderKt          : loaded 2 times (x 71B)
Class org.jetbrains.kotlin.fir.expressions.FirQualifiedErrorAccessExpression          : loaded 2 times (x 129B)
Class org.jetbrains.kotlin.fir.resolve.calls.ConstructorProcessingKt$getFirstClassifierOrNull$2: loaded 2 times (x 126B)
Class org.jetbrains.kotlin.fir.types.ConeTypeVariableType                             : loaded 2 times (x 80B)
Class org.jetbrains.kotlin.fir.expressions.builder.FirRegularWhenBranchBuilder        : loaded 2 times (x 81B)
Class org.jetbrains.kotlin.fir.resolve.dfa.cfg.CFGNodeWithCfgOwner                    : loaded 2 times (x 83B)
Class org.jetbrains.kotlin.build.report.metrics.GradleBuildTime$Companion             : loaded 2 times (x 71B)
Class org.jetbrains.kotlin.fir.expressions.impl.FirGetClassCallImpl                   : loaded 2 times (x 135B)
Class kotlinx.coroutines.EventLoop                                                    : loaded 2 times (x 105B)
Class com.google.common.util.concurrent.ListenableFuture                              : loaded 2 times (x 70B)
Class com.google.common.cache.ReferenceEntry                                          : loaded 2 times (x 70B)
Class com.google.wireless.android.sdk.stats.OptOutOfMetrics                           : loaded 2 times (x 193B)
Class com.google.wireless.android.sdk.stats.EmulatorDetails                           : loaded 2 times (x 308B)
Class com.google.wireless.android.sdk.stats.TestRun                                   : loaded 2 times (x 223B)
Class com.google.wireless.android.sdk.stats.HypervisorOrBuilder                       : loaded 2 times (x 70B)
Class com.google.gson.Strictness                                                      : loaded 2 times (x 79B)
Class kotlin.script.experimental.jvm.JvmGetScriptingClass$Companion                   : loaded 2 times (x 71B)
Class org.jetbrains.kotlin.diagnostics.PositioningStrategies$NAME_OF_NAMED_ARGUMENT$1 : loaded 2 times (x 74B)
Class org.jetbrains.kotlin.diagnostics.LightTreePositioningStrategies$PROPERTY_DELEGATE_BY_KEYWORD$1: loaded 2 times (x 74B)
Class org.jetbrains.kotlin.types.ConstantValueKind$UnsignedInt                        : loaded 2 times (x 72B)
Class org.jetbrains.kotlin.fir.types.ConeIntegerLiteralIntersector                    : loaded 2 times (x 71B)
Class org.jetbrains.kotlin.fir.resolve.ContextSensitiveResolutionUtilsKt              : loaded 2 times (x 71B)
Class org.jetbrains.kotlin.fir.expressions.impl.FirSingleExpressionBlock              : loaded 2 times (x 122B)
Class org.jetbrains.kotlin.fir.resolve.dfa.cfg.FunctionCallEnterNode                  : loaded 2 times (x 82B)
Class org.jetbrains.kotlin.fir.resolve.calls.candidate.CandidateFactory               : loaded 2 times (x 72B)
Class org.jetbrains.kotlin.codegen.state.KotlinTypeMapper                             : loaded 2 times (x 75B)
Class org.jetbrains.kotlin.fir.symbols.impl.FirIntersectionOverrideFunctionSymbol     : loaded 2 times (x 86B)
Class org.jetbrains.kotlin.fir.java.declarations.FirJavaFieldBuilder                  : loaded 2 times (x 175B)
Class org.jetbrains.kotlin.fir.declarations.IsHiddenToOvercomeSignatureClash          : loaded 2 times (x 71B)
Class org.jetbrains.kotlin.fir.declarations.FirScript                                 : loaded 2 times (x 128B)
Class kotlin.ranges.LongRange$Companion                                               : loaded 2 times (x 71B)
Class org.jetbrains.kotlin.KtSourceFile                                               : loaded 2 times (x 70B)
Class org.jetbrains.kotlin.util.PhaseSideType                                         : loaded 2 times (x 79B)
Class org.jetbrains.kotlin.fir.java.JavaSymbolProvider$symbolNamesProvider$1          : loaded 2 times (x 83B)
Class org.jetbrains.kotlin.fir.resolve.providers.FirCompositeCachedSymbolNamesProvider$Companion: loaded 2 times (x 71B)
Class org.jetbrains.kotlin.fir.resolve.FirTypeResolver                                : loaded 2 times (x 72B)
Class org.jetbrains.kotlin.fir.renderer.FirSupertypeRenderer                          : loaded 2 times (x 72B)
Class org.jetbrains.kotlin.KtFakeSourceElementKind$CheckedSafeCallSubject             : loaded 2 times (x 72B)
Class org.jetbrains.kotlin.fir.java.deserialization.FirJvmDeserializationExtension$Companion: loaded 2 times (x 71B)
Class org.jetbrains.kotlin.name.JvmStandardClassIdsKt                                 : loaded 2 times (x 71B)
Class org.jetbrains.kotlin.fir.java.JvmSupertypeUpdater$DelegatedConstructorCallTransformer: loaded 2 times (x 390B)
Class org.jetbrains.kotlin.fir.extensions.FirFunctionTypeKindExtensionKt              : loaded 2 times (x 71B)
Class org.jetbrains.kotlin.fir.symbols.impl.FirNamedFunctionSymbol                    : loaded 2 times (x 81B)
Class org.jetbrains.kotlin.fir.symbols.impl.FirClassifierSymbol                       : loaded 2 times (x 79B)
Class org.jetbrains.kotlin.fir.types.impl.FirImplicitNullableAnyTypeRef               : loaded 2 times (x 109B)
Class org.jetbrains.kotlin.fir.FirEvaluatorResult$Evaluated                           : loaded 2 times (x 72B)
Class org.jetbrains.kotlin.fir.expressions.FirTypeOperatorCall                        : loaded 2 times (x 140B)
Class com.google.common.hash.HashFunction                                             : loaded 2 times (x 70B)
Class [Lcom.android.resources.ResourceFolderType;                                     : loaded 2 times (x 69B)
Class org.jetbrains.kotlin.serialization.deserialization.builtins.BuiltInSerializerProtocol: loaded 2 times (x 72B)
Class org.jetbrains.kotlin.kdoc.lexer.KDocTokens                                      : loaded 2 times (x 70B)
Class com.google.common.collect.LinkedHashMultimapGwtSerializationDependencies        : loaded 2 times (x 174B)
Class org.jetbrains.kotlin.diagnostics.LightTreePositioningStrategies$OPERATOR$1      : loaded 2 times (x 74B)
Class org.jetbrains.kotlin.diagnostics.PositioningStrategies$DECLARATION_SIGNATURE_OR_DEFAULT_WITH_VALIDITY_CHECK$1: loaded 2 times (x 74B)
Class org.jetbrains.kotlin.psi.KtContractEffect                                       : loaded 2 times (x 441B)
Class org.jetbrains.kotlin.diagnostics.PositioningStrategies$VALUE_ARGUMENTS$1        : loaded 2 times (x 74B)
Class com.android.tools.lint.model.LintModelSerialization                             : loaded 2 times (x 75B)
Class kotlin.script.experimental.dependencies.DependenciesResolver$NoDependencies     : loaded 2 times (x 77B)
Class org.jetbrains.kotlin.com.intellij.openapi.diagnostic.Logger$DefaultFactory      : loaded 2 times (x 74B)
Class jdk.internal.jimage.BasicImageReader$2                                          : loaded 2 times (x 77B)
Class com.google.common.util.concurrent.AbstractFuture                                : loaded 2 times (x 106B)
Class com.google.wireless.android.sdk.stats.CommitMetricsEvent                        : loaded 2 times (x 199B)
Class com.google.wireless.android.sdk.stats.GradleBuildProfileOrBuilder               : loaded 2 times (x 70B)
Class com.google.wireless.android.sdk.stats.ProjectViewDefaultViewEventOrBuilder      : loaded 2 times (x 70B)
Class org.jetbrains.kotlin.diagnostics.PositioningStrategies$USELESS_ELVIS_LEFT$1     : loaded 2 times (x 74B)
Class org.jetbrains.kotlin.utils.SmartList$1                                          : loaded 2 times (x 71B)
Class org.jetbrains.kotlin.fir.types.InferenceUtilsKt                                 : loaded 2 times (x 71B)
Class org.jetbrains.kotlin.fir.expressions.FirWhenExpression                          : loaded 2 times (x 138B)
Class org.jetbrains.kotlin.fir.expressions.FirWhenSubjectExpression                   : loaded 2 times (x 164B)
Class org.jetbrains.kotlin.fir.resolve.dfa.FirControlFlowGraphReferenceImpl           : loaded 2 times (x 88B)
Class org.jetbrains.kotlin.fir.resolve.transformers.body.resolve.FirExpressionsResolveTransformerKt: loaded 2 times (x 71B)
Class org.jetbrains.kotlin.fir.resolve.inference.FirTypeVariablesAfterPCLATransformer : loaded 2 times (x 390B)
Class org.jetbrains.kotlin.resolve.calls.model.LambdaWithTypeVariableAsExpectedTypeMarker: loaded 2 times (x 70B)
Class org.jetbrains.kotlin.fir.resolve.calls.candidate.CandidateFactory$WhenMappings  : loaded 2 times (x 71B)
Class org.jetbrains.kotlin.fir.resolve.calls.tower.TowerDataElementsForName           : loaded 2 times (x 72B)
Class org.jetbrains.kotlin.fir.resolve.calls.candidate.CandidateFactoryKt             : loaded 2 times (x 71B)
Class org.jetbrains.kotlin.fir.resolve.ResolutionModeKt                               : loaded 2 times (x 71B)
Class org.jetbrains.org.objectweb.asm.signature.SignatureVisitor                      : loaded 2 times (x 87B)
Class org.jetbrains.kotlin.load.java.typeEnhancement.SignatureEnhancementBuilder$ClassEnhancementBuilder$FunctionEnhancementBuilder: loaded 2 times (x 72B)
Class org.jetbrains.kotlin.KtFakeSourceElementKind$Enhancement                        : loaded 2 times (x 72B)
Class org.jetbrains.kotlin.builtins.jvm.JvmBuiltInsSignatures                         : loaded 2 times (x 71B)
Class org.jetbrains.kotlin.fir.declarations.utils.IsFromPrimaryConstructor            : loaded 2 times (x 71B)
Class org.jetbrains.kotlin.fir.expressions.builder.FirAnnotationArgumentMappingBuilder: loaded 2 times (x 72B)
Class org.jetbrains.kotlin.fir.scopes.DefaultStarImportKey                            : loaded 2 times (x 72B)
Class org.jetbrains.kotlin.fir.resolve.calls.tower.TowerGroup                         : loaded 2 times (x 76B)
Class org.jetbrains.kotlin.resolve.jvm.NotFoundPackagesCachingStrategy$CacheType      : loaded 2 times (x 79B)
Class org.jetbrains.kotlin.fir.builder.PsiRawFirBuilder$Visitor$buildOrLazyBlock$1    : loaded 2 times (x 125B)
Class org.jetbrains.kotlin.diagnostics.DiagnosticMarker                               : loaded 2 times (x 70B)
Class org.jetbrains.kotlin.fir.serialization.FirProvidedDeclarationsForMetadataService: loaded 2 times (x 75B)
Class org.jetbrains.kotlin.fir.extensions.FirExtension                                : loaded 2 times (x 75B)
Class org.jetbrains.kotlin.fir.types.TypeConstructionUtilsKt                          : loaded 2 times (x 71B)
Class com.google.protobuf.AbstractMessage                                             : loaded 2 times (x 164B)
Class com.google.common.hash.HashCode                                                 : loaded 2 times (x 80B)
Class org.jetbrains.kotlin.config.ExplicitApiMode                                     : loaded 2 times (x 79B)
Class com.google.wireless.android.sdk.stats.SmlRagEventOrBuilder                      : loaded 2 times (x 70B)
Class com.google.wireless.android.sdk.stats.AdvertiserNotificationEventOrBuilder      : loaded 2 times (x 70B)
Class org.jetbrains.kotlin.psi.KtNameReferenceExpression                              : loaded 2 times (x 630B)
Class com.google.wireless.android.sdk.stats.BuildOutputDownloadsInfoEventOrBuilder    : loaded 2 times (x 70B)
Class org.jetbrains.kotlin.cli.jvm.compiler.KotlinCoreApplicationEnvironment$Companion: loaded 2 times (x 71B)
Class com.google.wireless.android.sdk.stats.ApplyChangesAgentErrorOrBuilder           : loaded 2 times (x 70B)
Class com.google.common.reflect.TypeResolver$TypeTable                                : loaded 2 times (x 73B)
Class com.google.common.io.CharStreams                                                : loaded 2 times (x 71B)
Class com.google.common.collect.ImmutableMultiset                                     : loaded 2 times (x 163B)
Class com.google.common.cache.CacheLoader$SupplierToCacheLoader                       : loaded 2 times (x 75B)
Class com.google.wireless.android.sdk.stats.SoongRunEvent                             : loaded 2 times (x 204B)
Class com.google.wireless.android.sdk.stats.GradleDaemonJvmCriteriaErrorEvent         : loaded 2 times (x 195B)
Class com.google.wireless.android.sdk.stats.DeviceManagerEvent                        : loaded 2 times (x 197B)
Class com.google.wireless.android.sdk.stats.StudioDeprecationNotificationEventOrBuilder: loaded 2 times (x 70B)
Class com.google.protobuf.SingleFieldBuilderV3                                        : loaded 2 times (x 84B)
Class com.google.protobuf.IterableByteBufferInputStream                               : loaded 2 times (x 92B)
Class kotlin.script.experimental.jvm.JvmScriptCompilationKt                           : loaded 2 times (x 71B)
Class org.jetbrains.kotlin.scripting.compiler.plugin.services.FirScriptResolutionConfigurationExtensionImpl$Companion: loaded 2 times (x 71B)
Class org.jetbrains.kotlin.scripting.compiler.plugin.impl.CompilationContextKt        : loaded 2 times (x 71B)
Class org.jetbrains.kotlin.scripting.definitions.CachingSequence$CachingIterator      : loaded 2 times (x 79B)
Class org.jetbrains.kotlin.fir.resolve.calls.ImplicitExtensionReceiverValue           : loaded 2 times (x 85B)
Class com.google.wireless.android.sdk.stats.ModelProviderEvent                        : loaded 2 times (x 197B)
Class org.jetbrains.kotlin.fir.expressions.ExhaustivenessStatusKt                     : loaded 2 times (x 71B)
Class org.jetbrains.kotlin.fir.resolve.dfa.cfg.Edge$Companion$WhenMappings            : loaded 2 times (x 71B)
Class org.jetbrains.kotlin.fir.resolve.calls.FirSyntheticPropertiesScope$WhenMappings : loaded 2 times (x 71B)
Class org.jetbrains.kotlin.utils.DFS$NodeHandler                                      : loaded 2 times (x 70B)
Class org.jetbrains.kotlin.KtSourceElementOffsetStrategy$Custom$Delegated             : loaded 2 times (x 74B)
Class org.jetbrains.kotlin.fir.resolve.calls.tower.TowerResolveManager$enqueueResolverTask$continuation$1: loaded 2 times (x 75B)
Class org.jetbrains.kotlin.fir.resolve.calls.ConeSimpleLeafResolutionAtom             : loaded 2 times (x 73B)
Class org.jetbrains.kotlin.load.java.structure.JavaLoadingKt                          : loaded 2 times (x 71B)
Class org.jetbrains.kotlin.fir.java.declarations.FirJavaClass$typeParameters$2$1      : loaded 2 times (x 125B)
Class [Lorg.jetbrains.kotlin.fir.FirElement;                                          : loaded 2 times (x 69B)
Class org.jetbrains.kotlin.fir.symbols.impl.FirBackingFieldSymbol                     : loaded 2 times (x 77B)
Class com.google.wireless.android.sdk.stats.EmulatorPerformanceStats                  : loaded 2 times (x 214B)
Class org.jetbrains.kotlin.fir.resolve.transformers.FirImportResolveTransformer       : loaded 2 times (x 396B)
Class org.jetbrains.kotlin.fir.types.FirErrorTypeRef                                  : loaded 2 times (x 119B)
Class org.jetbrains.kotlin.fir.java.FirJavaFacade                                     : loaded 2 times (x 73B)
Class org.jetbrains.kotlin.load.java.ReportLevel$Companion                            : loaded 2 times (x 71B)
Class org.jetbrains.kotlin.types.model.TypeSystemContext                              : loaded 2 times (x 70B)
Class org.jetbrains.kotlin.fir.types.impl.FirImplicitUByteTypeRef                     : loaded 2 times (x 109B)
Class org.jetbrains.kotlin.fir.symbols.impl.ConeClassLikeLookupTagImpl                : loaded 2 times (x 76B)
Class org.jetbrains.kotlin.fir.types.FirResolvedTypeRef                               : loaded 2 times (x 107B)
Class com.android.ide.common.rendering.api.StyleableResourceValue                     : loaded 2 times (x 70B)
Class org.jetbrains.kotlin.codegen.extensions.ClassBuilderInterceptorExtension$Companion: loaded 2 times (x 72B)
Class org.jetbrains.kotlin.metadata.ProtoBuf$QualifiedNameTable$QualifiedName$Kind    : loaded 2 times (x 82B)
Class com.google.wireless.android.sdk.stats.BuildOutputDownloadsInfoEvent             : loaded 2 times (x 201B)
Class com.android.tools.analytics.HostDataKt                                          : loaded 2 times (x 71B)
Class org.jetbrains.kotlin.config.AnalysisFlag$Delegates$ReturnValueCheckerDisabledByDefault: loaded 2 times (x 71B)
Class kotlin.time.TimeSource$Monotonic$ValueTimeMark                                  : loaded 2 times (x 89B)
Class org.gradle.api.internal.DefaultClassPathProvider                                : loaded 2 times (x 76B)
Class com.google.common.collect.ImmutableSet$SerializedForm                           : loaded 2 times (x 73B)
Class kotlinx.coroutines.EventLoop_commonKt                                           : loaded 2 times (x 71B)
Class org.jetbrains.kotlin.descriptors.DescriptorVisibilities$1                       : loaded 2 times (x 79B)
Class org.jetbrains.kotlin.psi.KtConstructorDelegationReferenceExpression             : loaded 2 times (x 498B)
Class org.jetbrains.kotlin.psi.stubs.KotlinNameReferenceExpressionStub                : loaded 2 times (x 70B)
Class org.jetbrains.kotlin.psi.KtModifierList                                         : loaded 2 times (x 512B)
Class org.jetbrains.kotlin.util.ModuleVisibilityHelper                                : loaded 2 times (x 70B)
Class com.android.ide.common.gradle.Numeric                                           : loaded 2 times (x 77B)
Class [Lorg.jetbrains.kotlin.config.LanguageVersion;                                  : loaded 2 times (x 69B)
Class org.jetbrains.kotlin.psi.KtUserType                                             : loaded 2 times (x 510B)
Class org.jetbrains.kotlin.psi.stubs.elements.KtEnumEntrySuperClassReferenceExpressionElementType: loaded 2 times (x 100B)
Class kotlin.text.MatchNamedGroupCollection                                           : loaded 2 times (x 70B)
Class kotlin.reflect.jvm.internal.impl.builtins.functions.FunctionTypeKind$Function   : loaded 2 times (x 72B)
Class org.jetbrains.kotlin.storage.CacheWithNullableValues                            : loaded 2 times (x 70B)
Class com.android.ide.common.resources.configuration.NavigationMethodQualifier        : loaded 2 times (x 90B)
Class com.android.ide.common.rendering.api.PluralsResourceValueImpl                   : loaded 2 times (x 119B)
Class com.google.common.reflect.TypeResolver$TypeTable$1                              : loaded 2 times (x 73B)
Class org.gradle.internal.service.ServiceLookupException                              : loaded 2 times (x 82B)
Class [Lorg.jetbrains.kotlin.mpp.DeclarationSymbolMarker;                             : loaded 2 times (x 69B)
Class com.google.protobuf.NioByteString                                               : loaded 2 times (x 104B)
Class com.google.wireless.android.sdk.stats.DeviceMirroringAbnormalAgentTermination   : loaded 2 times (x 197B)
Class com.google.wireless.android.sdk.stats.DeclarativeWatchFaceEvent                 : loaded 2 times (x 199B)
Class com.google.wireless.android.sdk.stats.LintTooltipLinkEventOrBuilder             : loaded 2 times (x 70B)
Class com.google.wireless.android.sdk.stats.WindowsDefenderStatusOrBuilder            : loaded 2 times (x 70B)
Class com.google.wireless.android.sdk.stats.InteractivePreviewEventOrBuilder          : loaded 2 times (x 70B)
Class com.google.common.hash.AbstractByteHasher                                       : loaded 2 times (x 147B)
Class com.google.protobuf.FieldSet$FieldDescriptorLite                                : loaded 2 times (x 70B)
Class com.google.protobuf.ExtensionLite                                               : loaded 2 times (x 77B)
Class org.jetbrains.kotlin.fir.scopes.FirScopeKt$getDeclaredConstructors$1$1          : loaded 2 times (x 80B)
Class org.jetbrains.kotlin.types.UtilsKt                                              : loaded 2 times (x 71B)
Class org.jetbrains.kotlin.resolve.calls.results.FlatSignatureKt                      : loaded 2 times (x 71B)
Class org.jetbrains.kotlin.fir.resolve.inference.model.ConeReceiverConstraintPosition : loaded 2 times (x 72B)
Class org.jetbrains.kotlin.types.TypeCheckerState$SupertypesPolicy$DoCustomTransform  : loaded 2 times (x 72B)
Class org.jetbrains.kotlin.types.TypeCheckerState$SupertypesPolicy$None               : loaded 2 times (x 72B)
Class org.jetbrains.kotlin.fir.resolve.calls.tower.ScopeBasedTowerLevel$processObjectsByName$$inlined$processClassifiersByName$1: loaded 2 times (x 75B)
Class org.jetbrains.kotlin.metadata.deserialization.VersionRequirement$Version        : loaded 2 times (x 71B)
Class com.android.ide.common.rendering.api.TextResourceValue                          : loaded 2 times (x 70B)
Class org.jetbrains.kotlin.load.java.FakePureImplementationsProvider                  : loaded 2 times (x 71B)
Class org.jetbrains.kotlin.metadata.jvm.deserialization.JvmFlags                      : loaded 2 times (x 71B)
Class org.jetbrains.kotlin.fir.deserialization.AnnotationDeserializationUtilKt        : loaded 2 times (x 71B)
Class org.jetbrains.kotlin.load.java.structure.JavaPackage                            : loaded 2 times (x 70B)
Class org.jetbrains.kotlin.resolve.jvm.KotlinSafeClassFinder                          : loaded 2 times (x 70B)
Class org.jetbrains.kotlin.KtSourceFileLinesMapping                                   : loaded 2 times (x 70B)
Class org.jetbrains.kotlin.load.java.AbstractJavaClassFinder$FilterOutKotlinSourceFilesScope: loaded 2 times (x 109B)
Class org.jetbrains.kotlin.fir.extensions.FirExtensionDeclarationsSymbolProvider      : loaded 2 times (x 81B)
Class org.jetbrains.kotlin.mpp.RegularClassSymbolMarker                               : loaded 2 times (x 70B)
Class org.jetbrains.kotlin.fir.analysis.jvm.checkers.FirJvmInlineCheckerComponent     : loaded 2 times (x 74B)
Class org.jetbrains.kotlin.fir.visitors.FirVisitor                                    : loaded 2 times (x 230B)
Class [Lorg.jetbrains.kotlin.builtins.functions.FunctionTypeKind;                     : loaded 2 times (x 69B)
Class com.google.common.collect.StandardTable                                         : loaded 2 times (x 124B)
Class [Lcom.android.resources.ResourceEnum;                                           : loaded 2 times (x 69B)
Class org.jetbrains.kotlin.parsing.AllCommentsBinder                                  : loaded 2 times (x 76B)
Class org.jetbrains.kotlin.fir.resolve.scopes.JvmMappedScopesKt                       : loaded 2 times (x 71B)
Class org.jetbrains.kotlin.fir.FirAnnotationContainer                                 : loaded 2 times (x 70B)
Class kotlinx.coroutines.channels.BufferedChannel$emitAllInternal$1                   : loaded 2 times (x 88B)
Class org.jetbrains.kotlin.mpp.ClassLikeSymbolMarker                                  : loaded 2 times (x 70B)
Class org.jetbrains.kotlin.psi.stubs.KotlinContractEffectStub                         : loaded 2 times (x 70B)
Class org.jetbrains.kotlin.psi.KtClassBody                                            : loaded 2 times (x 444B)
Class kotlinx.coroutines.JobKt                                                        : loaded 2 times (x 71B)
Class org.jetbrains.kotlin.name.StandardClassIds$Annotations                          : loaded 2 times (x 71B)
Class org.jetbrains.kotlin.cli.common.CompilerSystemProperties$value$2                : loaded 2 times (x 125B)
Class org.jetbrains.kotlin.config.JvmDefaultModeKt                                    : loaded 2 times (x 71B)
Class com.android.tools.lint.model.LintModelBuildFeatures                             : loaded 2 times (x 70B)
Class org.jetbrains.kotlin.com.intellij.openapi.diagnostic.LogLevel                   : loaded 2 times (x 79B)
Class org.jetbrains.kotlin.fir.resolve.providers.impl.FirFallbackBuiltinSymbolProvider$Companion: loaded 2 times (x 71B)
Class kotlin.internal.PlatformImplementations                                         : loaded 2 times (x 76B)
Class com.google.common.collect.ImmutableSortedSet                                    : loaded 2 times (x 300B)
Class com.google.common.io.Resources$UrlByteSource                                    : loaded 2 times (x 85B)
Class com.google.common.collect.Lists$ReverseList                                     : loaded 2 times (x 200B)
Class [Lcom.google.common.cache.LocalCache$EntryFactory;                              : loaded 2 times (x 69B)
Class org.gradle.internal.classloader.ClassLoaderFactory                              : loaded 2 times (x 70B)
Class com.google.wireless.android.sdk.stats.ComposeMultiPreviewEvent                  : loaded 2 times (x 201B)
Class com.google.wireless.android.sdk.stats.CreateDiagnosticReportAction              : loaded 2 times (x 195B)
Class com.google.wireless.android.sdk.stats.IntelliJNewUISwitch                       : loaded 2 times (x 197B)
Class com.google.wireless.android.sdk.stats.StudioProjectChangeOrBuilder              : loaded 2 times (x 70B)
Class com.google.wireless.android.sdk.stats.SmlCompletionRequestErrorEventOrBuilder   : loaded 2 times (x 70B)
Class com.google.protobuf.UnsafeUtil                                                  : loaded 2 times (x 71B)
Class org.jetbrains.kotlin.cli.common.arguments.ArgumentParseErrors                   : loaded 2 times (x 72B)
Class kotlin.jvm.internal.EnumCompanionObject                                         : loaded 2 times (x 71B)
Class org.jetbrains.kotlin.diagnostics.LightTreePositioningStrategies$PACKAGE_DIRECTIVE_NAME_EXPRESSION$1: loaded 2 times (x 74B)
Class org.jetbrains.kotlin.load.java.structure.JavaLiteralAnnotationArgument          : loaded 2 times (x 70B)
Class org.jetbrains.kotlin.fir.resolve.inference.FirPCLAInferenceSession              : loaded 2 times (x 81B)
Class org.jetbrains.kotlin.fir.resolve.calls.tower.FirTowerResolveTask$runResolverForExpressionReceiver$1: loaded 2 times (x 88B)
Class org.jetbrains.kotlin.descriptors.EffectiveVisibility$Local                      : loaded 2 times (x 75B)
Class org.jetbrains.kotlin.fir.types.CompilerConeAttributes$Exact                     : loaded 2 times (x 79B)
Class org.jetbrains.kotlin.fir.resolve.calls.stages.CheckVisibility$check$1           : loaded 2 times (x 88B)
Class org.jetbrains.kotlin.fir.resolve.dfa.cfg.FinallyBlockExitNode                   : loaded 2 times (x 82B)
Class org.jetbrains.kotlin.fir.deserialization.FirBuiltinAnnotationDeserializer       : loaded 2 times (x 88B)
Class org.jetbrains.kotlin.load.kotlin.LibraryContainerAwareVirtualFile               : loaded 2 times (x 70B)
Class org.jetbrains.kotlin.fir.resolve.transformers.plugin.FirPartialImportResolveTransformer: loaded 2 times (x 396B)
Class org.jetbrains.kotlin.fir.diagnostics.DiagnosticKind                             : loaded 2 times (x 79B)
Class org.jetbrains.kotlin.fir.builder.ConversionUtilsKt                              : loaded 2 times (x 71B)
Class [Lorg.jetbrains.kotlin.fir.types.ConeRigidType;                                 : loaded 2 times (x 69B)
Class org.jetbrains.kotlin.fir.extensions.FirExtensionSessionComponent                : loaded 2 times (x 76B)
Class [Lorg.jetbrains.kotlin.fir.extensions.BunchOfRegisteredExtensions;              : loaded 2 times (x 69B)
Class org.jetbrains.kotlin.fir.scopes.impl.TypeAliasConstructorsSubstitutingScope     : loaded 2 times (x 79B)
Class org.jetbrains.kotlin.fir.types.TypeComponents                                   : loaded 2 times (x 72B)
Class org.jetbrains.kotlin.util.EmptyArrayMap                                         : loaded 2 times (x 83B)
Class org.jetbrains.kotlin.fir.scopes.FirScopeProvider                                : loaded 2 times (x 76B)
Class it.unimi.dsi.fastutil.ints.IntArrayList                                         : loaded 2 times (x 414B)
Class org.jetbrains.kotlin.asJava.finder.JavaElementFinder$Companion                  : loaded 2 times (x 71B)
Class org.jetbrains.kotlin.config.AnalysisFlag$Delegates$Boolean                      : loaded 2 times (x 71B)
Class kotlin.reflect.jvm.internal.impl.builtins.PrimitiveType                         : loaded 2 times (x 79B)
Class org.jetbrains.kotlin.cli.jvm.compiler.MockInferredAnnotationsManager$Companion  : loaded 2 times (x 71B)
Class org.jetbrains.kotlin.fir.scopes.FirKotlinScopeProviderKt$special$$inlined$scopeSessionKey$1: loaded 2 times (x 71B)
Class org.jetbrains.kotlin.fir.extensions.BunchOfRegisteredExtensions$Companion       : loaded 2 times (x 71B)
Class org.jetbrains.kotlin.psi.KtWhenConditionWithExpression                          : loaded 2 times (x 376B)
Class org.jetbrains.kotlin.utils.exceptions.KotlinIllegalArgumentExceptionWithAttachments: loaded 2 times (x 92B)
Class org.jetbrains.kotlin.psi.ValueArgument                                          : loaded 2 times (x 70B)
Class [Lorg.jetbrains.kotlin.psi.KtEnumEntrySuperclassReferenceExpression;            : loaded 2 times (x 69B)
Class org.jetbrains.kotlin.psi.KtDotQualifiedExpression                               : loaded 2 times (x 571B)
Class org.jetbrains.kotlin.psi.KtReferenceExpression                                  : loaded 2 times (x 70B)
Class org.jetbrains.kotlin.psi.KtImportList                                           : loaded 2 times (x 442B)
Class [Lorg.jetbrains.kotlin.psi.KtParameterList;                                     : loaded 2 times (x 69B)
Class org.jetbrains.kotlin.psi.stubs.KotlinFunctionStub                               : loaded 2 times (x 70B)
Class org.jetbrains.kotlin.psi.impl.KotlinElementTypeProviderImpl                     : loaded 2 times (x 150B)
Class org.jetbrains.kotlin.cli.jvm.modules.CoreJrtVirtualFile                         : loaded 2 times (x 156B)
Class org.jetbrains.kotlin.cli.jvm.modules.CoreJrtFileSystem$Companion                : loaded 2 times (x 71B)
Class org.jetbrains.kotlin.platform.jvm.JdkPlatform                                   : loaded 2 times (x 75B)
Class org.jetbrains.kotlin.fir.builder.PsiRawFirBuilder$Visitor                       : loaded 2 times (x 263B)
Class org.jetbrains.kotlin.fir.resolve.FirDoubleColonExpressionResolver               : loaded 2 times (x 72B)
Class org.gradle.kotlin.dsl.Accessorsbz9oxxunjdyua9kcpj4s66c1eKt                      : loaded 2 times (x 71B)
Class com.google.common.collect.ImmutableMap$SerializedForm                           : loaded 2 times (x 73B)
Class org.apache.commons.io.CloseableURLConnection                                    : loaded 2 times (x 116B)
Class com.google.common.cache.LocalCache$LocalManualCache                             : loaded 2 times (x 99B)
Class org.gradle.internal.service.CachingServiceLocator                               : loaded 2 times (x 82B)
Class com.google.wireless.android.sdk.stats.StartupPerformanceCodeLoadedAndVisibleInEditor: loaded 2 times (x 207B)
Class com.google.wireless.android.sdk.stats.ProjectViewDefaultViewEvent               : loaded 2 times (x 195B)
Class com.google.wireless.android.sdk.stats.ConnectionAssistantEvent                  : loaded 2 times (x 199B)
Class com.google.wireless.android.sdk.stats.ManifestMergerStats                       : loaded 2 times (x 203B)
Class com.google.wireless.android.sdk.stats.BackupAndSyncEventOrBuilder               : loaded 2 times (x 70B)
Class com.google.wireless.android.sdk.stats.ComposeSampleEventOrBuilder               : loaded 2 times (x 70B)
Class com.google.wireless.android.sdk.stats.GradleJdkConfigurationEventOrBuilder      : loaded 2 times (x 70B)
Class com.android.utils.DateProvider                                                  : loaded 2 times (x 70B)
Class org.jetbrains.kotlin.fir.declarations.FirDanglingModifierList                   : loaded 2 times (x 120B)
Class org.jetbrains.kotlin.KtFakeSourceElementKind$DesugaredDivAssign                 : loaded 2 times (x 72B)
Class org.jetbrains.kotlin.diagnostics.KtDiagnosticFactoryForDeprecation0             : loaded 2 times (x 72B)
Class org.jetbrains.kotlin.diagnostics.PositioningStrategies$ELSE_ENTRY$1             : loaded 2 times (x 74B)
Class org.jetbrains.kotlin.diagnostics.PositioningStrategies$DECLARATION_WITH_BODY$1  : loaded 2 times (x 74B)
Class com.google.common.collect.LinkedHashMultimap$ValueEntry                         : loaded 2 times (x 89B)
Class org.jetbrains.kotlin.fir.expressions.SubstitutionUtilsKt                        : loaded 2 times (x 71B)
Class org.jetbrains.kotlin.fir.resolve.dfa.Operation                                  : loaded 2 times (x 79B)
Class org.jetbrains.kotlin.fir.declarations.FirDeclarationOrigin$BuiltIns             : loaded 2 times (x 72B)
Class org.jetbrains.kotlin.fir.resolve.transformers.WhenOnNothingExhaustivenessChecker: loaded 2 times (x 73B)
Class org.jetbrains.kotlin.fir.expressions.ReferenceUtilsKt                           : loaded 2 times (x 71B)
Class org.jetbrains.kotlin.fir.resolve.inference.FirDelegatedPropertyInferenceSessionKt: loaded 2 times (x 71B)
Class org.jetbrains.kotlin.fir.resolve.calls.ResolvedCallArgument$VarargArgument      : loaded 2 times (x 73B)
Class kotlin.jvm.internal.Intrinsics$Kotlin                                           : loaded 2 times (x 71B)
Class org.jetbrains.kotlin.fir.resolve.dfa.cfg.ControlFlowGraphBuilderKt              : loaded 2 times (x 71B)
Class org.jetbrains.kotlin.fir.resolve.transformers.mpp.FirExpectActualMatcherTransformer: loaded 2 times (x 404B)
Class org.jetbrains.kotlin.fir.scopes.impl.AbstractFirOverrideScope                   : loaded 2 times (x 86B)
Class org.jetbrains.kotlin.fir.expressions.impl.FirEnumEntryDeserializedAccessExpressionImpl: loaded 2 times (x 119B)
Class org.jetbrains.kotlin.fir.symbols.ConeTypeParameterLookupTag                     : loaded 2 times (x 76B)
Class org.jetbrains.kotlin.fir.scopes.impl.FirAbstractImportingScopeKt                : loaded 2 times (x 71B)
Class org.jetbrains.kotlin.fir.scopes.impl.FirDefaultSimpleImportingScope             : loaded 2 times (x 85B)
Class org.jetbrains.kotlin.types.ConstantValueKind$Float                              : loaded 2 times (x 72B)
Class org.jetbrains.kotlin.fir.resolve.providers.impl.FirExtensionSyntheticFunctionInterfaceProviderKt: loaded 2 times (x 71B)
Class org.jetbrains.kotlin.fir.extensions.FirExpressionResolutionExtension            : loaded 2 times (x 76B)
Class org.jetbrains.kotlin.fir.declarations.utils.OriginalReplSnippet                 : loaded 2 times (x 71B)
Class kotlin.uuid.SecureRandomHolder                                                  : loaded 2 times (x 71B)
Class com.android.ide.common.resources.configuration.ScreenDimensionQualifier         : loaded 2 times (x 89B)
Class org.jetbrains.kotlin.psi.KtPsiUtil                                              : loaded 2 times (x 71B)
Class org.jetbrains.kotlin.parsing.PrecedingDocCommentsBinder                         : loaded 2 times (x 76B)
Class it.unimi.dsi.fastutil.ints.IntListIterator                                      : loaded 2 times (x 70B)
Class org.jetbrains.kotlin.load.java.typeEnhancement.TypeEnhancementInfo              : loaded 2 times (x 72B)
Class org.jetbrains.kotlin.fir.java.scopes.JavaClassUseSiteMemberScope                : loaded 2 times (x 92B)
Class kotlin.io.path.PathsKt__PathRecursiveFunctionsKt                                : loaded 2 times (x 71B)
Class kotlinx.coroutines.scheduling.CoroutineScheduler$WorkerState                    : loaded 2 times (x 79B)
Class kotlinx.coroutines.scheduling.ParallelismCompensation                           : loaded 2 times (x 70B)
Class org.jetbrains.kotlin.load.kotlin.KotlinBinaryClassCache                         : loaded 2 times (x 75B)
Class [Lorg.jetbrains.kotlin.psi.KtEscapeStringTemplateEntry;                         : loaded 2 times (x 69B)
Class org.jetbrains.kotlin.psi.KtBlockCodeFragmentType                                : loaded 2 times (x 84B)
Class org.jetbrains.kotlin.psi.stubs.KotlinTypeParameterStub                          : loaded 2 times (x 70B)
Class org.jetbrains.kotlin.psi.stubs.KotlinPropertyStub                               : loaded 2 times (x 70B)
Class it.unimi.dsi.fastutil.objects.AbstractObjectCollection                          : loaded 2 times (x 143B)
Class org.jetbrains.kotlin.types.AbstractTypeRefiner                                  : loaded 2 times (x 72B)
Class org.jetbrains.kotlin.codegen.signature.AsmTypeFactory                           : loaded 2 times (x 79B)
Class kotlin.collections.AbstractList$SubList                                         : loaded 2 times (x 198B)
Class org.jetbrains.kotlin.fir.resolve.dfa.RealVariable                               : loaded 2 times (x 73B)
Class com.google.common.collect.RegularImmutableSortedSet                             : loaded 2 times (x 300B)
Class com.google.wireless.android.sdk.stats.StudioPatchUpdaterEvent                   : loaded 2 times (x 205B)
Class com.google.wireless.android.sdk.stats.GradleSyncIssue                           : loaded 2 times (x 199B)
Class com.google.wireless.android.sdk.stats.ComposeMultiPreviewEventOrBuilder         : loaded 2 times (x 70B)
Class org.jetbrains.kotlin.scripting.compiler.plugin.services.FirScriptResolutionConfigurationExtensionImpl: loaded 2 times (x 76B)
Class kotlin.script.dependencies.ScriptDependenciesResolver                           : loaded 2 times (x 70B)
Class [Lkotlin.script.experimental.api.ScriptAcceptedLocation;                        : loaded 2 times (x 69B)
Class kotlin.script.experimental.host.HostConfigurationKt                             : loaded 2 times (x 71B)
Class org.jetbrains.kotlin.diagnostics.KtDiagnosticFactoryForDeprecation1             : loaded 2 times (x 72B)
Class org.jetbrains.kotlin.diagnostics.PositioningStrategies$OBJECT_KEYWORD$1         : loaded 2 times (x 74B)
Class org.jetbrains.kotlin.diagnostics.PositioningStrategies$DECLARATION_NAME_ONLY$1  : loaded 2 times (x 74B)
Class org.jetbrains.kotlin.fir.declarations.SealedClassInheritorsKey                  : loaded 2 times (x 71B)
Class org.jetbrains.kotlin.fir.resolve.dfa.cfg.FirAnonymousFunctionReturnExpressionInfo: loaded 2 times (x 72B)
Class org.jetbrains.kotlin.fir.impl.FirLabelImpl                                      : loaded 2 times (x 89B)
Class org.jetbrains.kotlin.resolve.calls.inference.model.NewConstraintSystemImpl$State: loaded 2 times (x 79B)
Class org.jetbrains.kotlin.fir.expressions.FirCallableReferenceAccess                 : loaded 2 times (x 162B)
Class org.jetbrains.kotlin.fir.expressions.FirImplicitInvokeCall                      : loaded 2 times (x 183B)
Class org.jetbrains.kotlin.fir.resolve.calls.stages.TypeParameterAsCallable           : loaded 2 times (x 72B)
Class org.jetbrains.kotlin.fir.expressions.builder.FirStringConcatenationCallBuilder  : loaded 2 times (x 92B)
Class org.jetbrains.kotlin.builtins.StandardNames$FqNames                             : loaded 2 times (x 71B)
Class org.jetbrains.kotlin.fir.declarations.utils.LambdaArgumentHoldsInTruths         : loaded 2 times (x 71B)
Class org.jetbrains.kotlin.fir.expressions.FirAnnotation                              : loaded 2 times (x 126B)
Class org.jetbrains.kotlin.SpecialJvmAnnotations                                      : loaded 2 times (x 71B)
Class org.jetbrains.kotlin.fir.deserialization.ClassDeserializationKt                 : loaded 2 times (x 71B)
Class org.jetbrains.kotlin.resolve.calls.inference.NewConstraintSystem                : loaded 2 times (x 70B)
Class org.jetbrains.kotlin.fir.resolve.calls.tower.TowerLevelProcessor                : loaded 2 times (x 72B)
Class org.jetbrains.kotlin.fir.types.CompilerConeAttributes$NoInfer                   : loaded 2 times (x 79B)
Class org.jetbrains.kotlin.fir.scopes.FirDefaultImportsProviderHolderKt               : loaded 2 times (x 71B)
Class org.jetbrains.kotlin.fir.resolve.inference.FirInferenceSession$Companion$DEFAULT$1: loaded 2 times (x 80B)
Class org.jetbrains.kotlin.fir.resolve.dfa.cfg.CFGNode                                : loaded 2 times (x 82B)
Class org.jetbrains.kotlin.fir.types.ConeIntersectionType                             : loaded 2 times (x 84B)
Class org.jetbrains.kotlin.fir.expressions.FirOperation$Companion                     : loaded 2 times (x 71B)
Class org.jetbrains.kotlin.resolve.calls.inference.model.MutableVariableWithConstraints$WhenMappings: loaded 2 times (x 71B)
Class org.jetbrains.kotlin.fir.expressions.FirDesugaredAssignmentValueReferenceExpression: loaded 2 times (x 117B)
Class org.jetbrains.kotlin.fir.resolve.providers.FirCompositeSymbolNamesProvider      : loaded 2 times (x 83B)
Class org.jetbrains.kotlin.load.java.NullabilityAnnotationStates                      : loaded 2 times (x 70B)
Class org.jetbrains.kotlin.fir.types.impl.FirImplicitULongTypeRef                     : loaded 2 times (x 109B)
Class org.jetbrains.kotlin.fir.types.impl.FirImplicitAnnotationTypeRef                : loaded 2 times (x 109B)
Class org.jetbrains.kotlin.psi.KtCodeFragment                                         : loaded 2 times (x 1268B)
Class org.jetbrains.kotlin.types.model.TypeSystemContextKt$WhenMappings               : loaded 2 times (x 71B)
Class org.jetbrains.kotlin.fir.resolve.QualifiedNameResolutionKt$getUnambiguousCandidate$$inlined$processClassifiersByName$1: loaded 2 times (x 75B)
Class org.jetbrains.kotlin.cli.jvm.index.SingleJavaFileRootsIndex$Companion           : loaded 2 times (x 71B)
Class org.jetbrains.kotlin.config.LanguageFeature$Companion                           : loaded 2 times (x 71B)
Class org.jetbrains.kotlin.fir.scopes.impl.FirClassSubstitutionScope                  : loaded 2 times (x 85B)
Class org.jetbrains.kotlin.cli.jvm.compiler.CliJavaModuleUtilsKt                      : loaded 2 times (x 71B)
Class kotlin.reflect.jvm.internal.impl.descriptors.runtime.structure.ReflectClassUtilKt: loaded 2 times (x 71B)
Class kotlin.reflect.jvm.internal.impl.name.FqName$Companion                          : loaded 2 times (x 71B)
Class org.jetbrains.kotlin.psi.KtIfExpression                                         : loaded 2 times (x 443B)
Class org.jetbrains.kotlin.psi.KtAnonymousInitializer                                 : loaded 2 times (x 70B)
Class org.jetbrains.kotlin.fir.scopes.FirPlatformDeclarationFilter                    : loaded 2 times (x 71B)
Class org.jetbrains.kotlin.fir.renderer.FirRenderer$Companion                         : loaded 2 times (x 71B)
Class org.jetbrains.org.objectweb.asm.tree.AnnotationNode                             : loaded 2 times (x 80B)
Class org.jetbrains.kotlin.build.report.metrics.BuildTime                             : loaded 2 times (x 70B)
Class kotlinx.coroutines.BlockingEventLoop                                            : loaded 2 times (x 117B)
Class kotlinx.coroutines.ThreadLocalEventLoop                                         : loaded 2 times (x 71B)
Class com.google.common.reflect.Types$TypeVariableInvocationHandler                   : loaded 2 times (x 75B)
Class org.objectweb.asm.commons.InstructionAdapter                                    : loaded 2 times (x 188B)
Class com.google.wireless.android.sdk.stats.AdbUsageEvent                             : loaded 2 times (x 204B)
Class com.google.wireless.android.sdk.stats.BuildOutputWindowStats                    : loaded 2 times (x 199B)
Class com.google.wireless.android.sdk.stats.DeviceConnectedNotificationEvent          : loaded 2 times (x 203B)
Class com.google.wireless.android.sdk.stats.DeviceConnectedNotificationEventOrBuilder : loaded 2 times (x 70B)
Class kotlin.script.experimental.api.ScriptDataKt                                     : loaded 2 times (x 71B)
Class org.jetbrains.kotlin.scripting.compiler.plugin.FirScriptingSamWithReceiverExtensionRegistrar$FirScriptSamWithReceiverConventionTransformer: loaded 2 times (x 76B)
Class org.jetbrains.kotlin.diagnostics.KtDiagnosticFactoryForDeprecation2             : loaded 2 times (x 72B)
Class org.jetbrains.kotlin.diagnostics.PositioningStrategies$NOT_SUPPORTED_IN_INLINE_MOST_RELEVANT$1: loaded 2 times (x 74B)
Class org.jetbrains.kotlin.parsing.DoNotBindAnything                                  : loaded 2 times (x 76B)
Class org.jetbrains.kotlin.KtFakeSourceElementKind$LambdaReceiver                     : loaded 2 times (x 72B)
Class org.jetbrains.kotlin.fir.resolve.inference.model.ConeLambdaArgumentConstraintPositionWithCoercionToUnit: loaded 2 times (x 73B)
Class org.jetbrains.kotlin.fir.renderer.FirGetClassCallRendererForDebugging           : loaded 2 times (x 73B)
Class org.jetbrains.kotlin.fir.resolve.calls.FirSyntheticPropertiesScope$SyntheticGetterCompatibility: loaded 2 times (x 79B)
Class org.jetbrains.kotlin.fir.declarations.CallToPotentiallyHiddenSymbolResult       : loaded 2 times (x 79B)
Class org.jetbrains.kotlin.fir.resolve.calls.tower.TowerResolveManager$stopResolverTask$1: loaded 2 times (x 88B)
Class org.jetbrains.kotlin.fir.resolve.transformers.body.resolve.BodyResolveUtilsKt   : loaded 2 times (x 71B)
Class org.jetbrains.kotlin.fir.resolve.transformers.body.resolve.ImplicitBodyResolveComputationStatus$Computing: loaded 2 times (x 71B)
Class org.jetbrains.kotlin.fir.expressions.FirFunctionCallOrigin                      : loaded 2 times (x 79B)
Class org.jetbrains.kotlin.fir.scopes.impl.FirClassUseSiteMemberScope                 : loaded 2 times (x 92B)
Class org.jetbrains.kotlin.fir.java.JavaScopeProviderKt$special$$inlined$scopeSessionKey$1: loaded 2 times (x 71B)
Class org.jetbrains.kotlin.fir.java.JavaScopeProviderKt                               : loaded 2 times (x 71B)
Class org.jetbrains.kotlin.fir.expressions.impl.FirEmptyExpressionBlock               : loaded 2 times (x 122B)
Class org.jetbrains.kotlin.fir.declarations.utils.HasBackingFieldKey                  : loaded 2 times (x 71B)
Class org.jetbrains.kotlin.fir.declarations.DeprecationsProviderImpl$special$$inlined$createCache$1: loaded 2 times (x 75B)
Class org.jetbrains.kotlin.name.StandardClassIds$Annotations$ParameterNames           : loaded 2 times (x 71B)
Class org.jetbrains.kotlin.fir.java.deserialization.AnnotationsLoader                 : loaded 2 times (x 72B)
Class org.jetbrains.kotlin.fir.resolve.calls.overloads.ConeCompositeConflictResolver  : loaded 2 times (x 73B)
Class org.jetbrains.kotlin.fir.resolve.transformers.plugin.FirSpecificAnnotationResolveTransformer: loaded 2 times (x 414B)
Class org.jetbrains.kotlin.fir.declarations.synthetic.FirSyntheticPropertyAccessor    : loaded 2 times (x 222B)
Class org.jetbrains.kotlin.KtSourceElementKt                                          : loaded 2 times (x 71B)
Class org.jetbrains.kotlin.fir.session.SourcesToPathsMapper                           : loaded 2 times (x 72B)
Class org.jetbrains.kotlin.fir.expressions.FirExpressionEvaluator                     : loaded 2 times (x 71B)
Class org.jetbrains.kotlin.fir.caches.FirCachesFactoryKt                              : loaded 2 times (x 71B)
Class org.jetbrains.kotlin.fir.types.impl.FirImplicitAnyTypeRef                       : loaded 2 times (x 109B)
Class org.jetbrains.kotlin.KtFakeSourceElementKind$DesugaredPostfixInc                : loaded 2 times (x 72B)
Class org.objectweb.asm.signature.SignatureVisitor                                    : loaded 2 times (x 87B)
Class org.jetbrains.kotlin.diagnostics.LightTreePositioningStrategies$LAST_CHILD$1    : loaded 2 times (x 74B)
Class org.jetbrains.kotlin.parsing.KotlinParsing$AnnotationParsingMode                : loaded 2 times (x 79B)
Class org.jetbrains.kotlin.diagnostics.PositioningStrategies$InlineFunPositioningStrategy: loaded 2 times (x 75B)
Class org.jetbrains.kotlin.fir.extensions.FirExtensionRegistrarAdapter                : loaded 2 times (x 71B)
Class org.jetbrains.kotlin.diagnostics.PositioningStrategies$PARAMETERS_WITH_DEFAULT_VALUE$1: loaded 2 times (x 74B)
Class it.unimi.dsi.fastutil.ints.Int2ObjectOpenHashMap$MapIterator                    : loaded 2 times (x 77B)
Class org.jetbrains.kotlin.config.AnalysisFlag$Delegates$ApiModeDisabledByDefault     : loaded 2 times (x 71B)
Class org.jetbrains.kotlin.scripting.compiler.plugin.definitions.CliScriptConfigurationsProvider: loaded 2 times (x 75B)
Class org.jetbrains.kotlin.psi.KtWhileExpressionBase                                  : loaded 2 times (x 440B)
Class org.jetbrains.kotlin.psi.KtEscapeStringTemplateEntry                            : loaded 2 times (x 443B)
Class org.jetbrains.kotlin.psi.KotlinStringLiteralTextEscaper                         : loaded 2 times (x 76B)
Class org.jetbrains.kotlin.psi.KtContextReceiver                                      : loaded 2 times (x 441B)
Class org.jetbrains.kotlin.psi.KtCallExpression                                       : loaded 2 times (x 637B)
Class [Lorg.jetbrains.kotlin.psi.KtQualifiedExpression;                               : loaded 2 times (x 69B)
Class org.jetbrains.kotlin.lexer.KtSingleValueToken                                   : loaded 2 times (x 77B)
Class [Lorg.jetbrains.kotlin.psi.KtClass;                                             : loaded 2 times (x 69B)
Class org.jetbrains.kotlin.KtNodeType$KtLeftBoundNodeType                             : loaded 2 times (x 76B)
Class org.jetbrains.kotlin.config.LanguageVersionSettingsImpl                         : loaded 2 times (x 82B)
Class org.jetbrains.kotlin.fir.analysis.diagnostics.jvm.FirJvmErrorsDefaultMessages   : loaded 2 times (x 76B)
Class com.android.sdklib.AndroidVersion$PreviewType                                   : loaded 2 times (x 79B)
Class com.android.prefs.LocationValue                                                 : loaded 2 times (x 70B)
Class com.google.wireless.android.sdk.stats.AndroidProfilerDbStatsOrBuilder           : loaded 2 times (x 70B)
Class com.google.wireless.android.sdk.stats.OptOutOfMetricsOrBuilder                  : loaded 2 times (x 70B)
Class org.jetbrains.kotlin.descriptors.CallableMemberDescriptor$Kind                  : loaded 2 times (x 79B)
Class org.jetbrains.kotlin.build.report.metrics.DoNothingBuildMetricsReporter         : loaded 2 times (x 86B)
Class com.google.common.collect.ImmutableMultimap                                     : loaded 2 times (x 147B)
Class com.google.wireless.android.sdk.stats.StudioDeprecationNotificationEvent        : loaded 2 times (x 197B)
Class com.google.wireless.android.sdk.stats.StudioUpdateFlowEvent                     : loaded 2 times (x 204B)
Class com.google.wireless.android.sdk.stats.ResourceManagerEventOrBuilder             : loaded 2 times (x 70B)
Class com.google.wireless.android.sdk.stats.LldbSessionEndDetailsOrBuilder            : loaded 2 times (x 70B)
Class com.google.wireless.android.sdk.stats.AndroidStudioEvent$TemplatesUsageOrBuilder: loaded 2 times (x 70B)
Class com.android.tools.analytics.AnalyticsSettingsData$DataTypeAdapter               : loaded 2 times (x 73B)
Class kotlin.script.experimental.api.IdeScriptCompilationConfigurationBuilder         : loaded 2 times (x 72B)
Class org.jetbrains.kotlin.fir.scopes.FirContainingNamesAwareScopeKt                  : loaded 2 times (x 71B)
Class org.jetbrains.kotlin.diagnostics.KtDiagnosticFactoryForDeprecation3             : loaded 2 times (x 72B)
Class org.jetbrains.kotlin.diagnostics.PositioningStrategies$TYPEALIAS_TYPE_REFERENCE$1: loaded 2 times (x 74B)
Class org.jetbrains.kotlin.KtFakeSourceElementKind$DesugaredComponentFunctionCall     : loaded 2 times (x 72B)
Class org.jetbrains.kotlin.KtFakeSourceElementKind$DesugaredSafeCallExpression        : loaded 2 times (x 72B)
Class org.jetbrains.kotlin.fir.visitors.TransformData$Data                            : loaded 2 times (x 72B)
Class org.jetbrains.kotlin.fir.java.scopes.JavaClassMembersEnhancementScope$processDirectOverriddenFunctionsWithBaseScope$1: loaded 2 times (x 125B)
Class org.jetbrains.kotlin.fir.java.enhancement.FirSignatureEnhancement$enhanceTypeParameterBoundsSecondRound$lambda$0$$inlined$replaceEnhancedBounds$1: loaded 2 times (x 82B)
Class org.jetbrains.kotlin.KtFakeSourceElementKind$ArrayAccessNameReference           : loaded 2 times (x 72B)
Class com.google.wireless.android.sdk.stats.DialogStats                               : loaded 2 times (x 199B)
Class org.jetbrains.kotlin.fir.resolve.calls.ConePostponedResolvedAtom                : loaded 2 times (x 85B)
Class org.jetbrains.kotlin.resolve.calls.inference.model.FixVariableConstraintPosition: loaded 2 times (x 72B)
Class org.jetbrains.kotlin.types.model.TypeVariableTypeConstructorMarker              : loaded 2 times (x 70B)
Class org.jetbrains.kotlin.fir.resolve.ResolutionMode$Companion                       : loaded 2 times (x 71B)
Class org.jetbrains.kotlin.KtFakeSourceElementKind$DelegatedPropertyAccessor          : loaded 2 times (x 72B)
Class org.jetbrains.kotlin.fir.java.JavaScopeProviderKt$special$$inlined$scopeSessionKey$2: loaded 2 times (x 71B)
Class org.jetbrains.kotlin.fir.resolve.transformers.FirStatusResolver                 : loaded 2 times (x 80B)
Class org.jetbrains.kotlin.fir.declarations.builder.FirEnumEntryBuilder               : loaded 2 times (x 76B)
Class com.google.wireless.android.sdk.stats.ResourceManagerEvent                      : loaded 2 times (x 197B)
Class org.jetbrains.kotlin.fir.java.JavaAnnotationsMappingKt                          : loaded 2 times (x 71B)
Class org.jetbrains.kotlin.fir.CopyUtilsKt                                            : loaded 2 times (x 71B)
Class org.jetbrains.kotlin.fir.deserialization.FirContractDeserializer                : loaded 2 times (x 77B)
Class com.google.wireless.android.sdk.stats.UserTierUpgradeEvent                      : loaded 2 times (x 202B)
Class com.google.wireless.android.sdk.stats.StartupPerformanceFrameBecameInteractiveEvent: loaded 2 times (x 195B)
Class org.apache.commons.io.output.StringBuilderWriter                                : loaded 2 times (x 100B)
Class [Lorg.apache.commons.io.StandardLineSeparator;                                  : loaded 2 times (x 69B)
Class org.jetbrains.kotlin.fir.scopes.impl.FirExplicitStarImportingScope              : loaded 2 times (x 86B)
Class org.jetbrains.kotlin.fir.resolve.transformers.body.resolve.FirControlFlowStatementsResolveTransformer: loaded 2 times (x 404B)
Class [Lorg.jetbrains.kotlin.fir.resolve.dfa.cfg.FunctionCallArgumentsExitNode;       : loaded 2 times (x 69B)
Class org.jetbrains.kotlin.fir.expressions.FirDelegatedConstructorCall                : loaded 2 times (x 166B)
Class [Lorg.jetbrains.kotlin.fir.expressions.FirOperation;                            : loaded 2 times (x 69B)
Class org.jetbrains.kotlin.fir.extensions.FirScriptResolutionConfigurationExtension   : loaded 2 times (x 76B)
Class [Lorg.jetbrains.kotlin.fir.declarations.impl.FirDeclarationStatusImpl$Modifier; : loaded 2 times (x 69B)
Class org.jetbrains.kotlin.resolve.ImportPath                                         : loaded 2 times (x 72B)
Class com.android.ide.common.rendering.api.ArrayResourceValueImpl                     : loaded 2 times (x 125B)
Class com.google.common.collect.CollectSpliterators$1WithCharacteristics              : loaded 2 times (x 90B)
Class com.google.common.hash.Hashing                                                  : loaded 2 times (x 71B)
Class org.jetbrains.kotlin.parsing.Consumer                                           : loaded 2 times (x 70B)
Class com.google.common.collect.ImmutableRangeSet                                     : loaded 2 times (x 115B)
Class [Lorg.jetbrains.kotlin.descriptors.CallableMemberDescriptor$Kind;               : loaded 2 times (x 69B)
Class org.jetbrains.kotlin.config.LanguageFeatureBehaviorAfterSinceVersion$CannotBeDisabled: loaded 2 times (x 71B)
Class org.jetbrains.kotlin.config.AnalysisFlag$Delegates$Boolean$Companion            : loaded 2 times (x 71B)
Class org.jetbrains.kotlin.serialization.deserialization.DeserializationConfiguration : loaded 2 times (x 70B)
Class [Lorg.jetbrains.kotlin.config.LanguageOrApiVersion;                             : loaded 2 times (x 69B)
Class org.jetbrains.kotlin.psi.KtPureElement                                          : loaded 2 times (x 70B)
Class [Lorg.jetbrains.kotlin.psi.KtImportDirective;                                   : loaded 2 times (x 69B)
Class [Lorg.jetbrains.kotlin.psi.KtTypeElement;                                       : loaded 2 times (x 69B)
Class [Lorg.jetbrains.kotlin.psi.KtValueArgument;                                     : loaded 2 times (x 69B)
Class org.jetbrains.kotlin.BlockExpressionElementType                                 : loaded 2 times (x 98B)
Class org.jetbrains.kotlin.psi.stubs.KotlinConstantExpressionStub                     : loaded 2 times (x 70B)
Class org.jetbrains.kotlin.psi.KtImportAlias                                          : loaded 2 times (x 558B)
Class [Lorg.jetbrains.kotlin.psi.KtTypeParameter;                                     : loaded 2 times (x 69B)
Class org.jetbrains.kotlin.psi.stubs.elements.KtScriptInitializerElementType          : loaded 2 times (x 103B)
Class org.jetbrains.kotlin.KotlinElementTypeProvider                                  : loaded 2 times (x 70B)
Class it.unimi.dsi.fastutil.objects.AbstractReference2ObjectMap                       : loaded 2 times (x 176B)
Class kotlin.reflect.jvm.internal.impl.SpecialJvmAnnotations                          : loaded 2 times (x 71B)
Class org.jetbrains.kotlin.config.AnalysisFlag$Delegates$ListOfStrings                : loaded 2 times (x 71B)
Class com.google.gson.JsonParseException                                              : loaded 2 times (x 82B)
Class com.android.tools.lint.model.DefaultLintModelJavaLibrary                        : loaded 2 times (x 103B)
Class com.android.prefs.PathLocator                                                   : loaded 2 times (x 73B)
Class org.apache.commons.io.output.AbstractByteArrayOutputStream                      : loaded 2 times (x 102B)
Class com.google.common.cache.CacheBuilder$OneWeigher                                 : loaded 2 times (x 82B)
Class ijJvmDebugger1_7sfvz360tqm6fbo7y3765vecg                                        : loaded 2 times (x 171B)
Class com.google.wireless.android.sdk.stats.ServerPushNotificationEvent               : loaded 2 times (x 204B)
Class com.google.wireless.android.sdk.stats.StudioLabsEvent                           : loaded 2 times (x 195B)
Class com.google.wireless.android.sdk.stats.AutoImportEvent                           : loaded 2 times (x 197B)
Class com.google.wireless.android.sdk.stats.KotlinProjectConfigurationOrBuilder       : loaded 2 times (x 70B)
Class org.jetbrains.kotlin.fir.builder.FirSyntaxErrors                                : loaded 2 times (x 72B)
Class kotlin.script.experimental.api.ScriptCollectedDataKeys                          : loaded 2 times (x 70B)
Class org.jetbrains.kotlin.diagnostics.KtDiagnosticFactoryForDeprecation4             : loaded 2 times (x 72B)
Class org.jetbrains.kotlin.diagnostics.LightTreePositioningStrategies$DEPRECATION$1   : loaded 2 times (x 74B)
Class kotlin.collections.builders.MapBuilder$ValuesItr                                : loaded 2 times (x 81B)
Class org.jetbrains.kotlin.fir.types.RefinedTypeForDataFlowTypeAttributeKt            : loaded 2 times (x 71B)
Class org.jetbrains.kotlin.resolve.calls.inference.model.SimpleConstraintSystemConstraintPosition: loaded 2 times (x 71B)
Class org.jetbrains.kotlin.fir.resolve.calls.FirSyntheticPropertiesScope$GetterCompatibilityResult: loaded 2 times (x 72B)
Class org.jetbrains.kotlin.fir.scopes.FirTypeScopeKt$processOverriddenFunctions$1     : loaded 2 times (x 125B)
Class org.jetbrains.kotlin.fir.java.enhancement.FirSignatureEnhancement$enhanceTypeParameterBoundsSecondRound$lambda$0$$inlined$replaceEnhancedBounds$2: loaded 2 times (x 82B)
Class org.jetbrains.kotlin.fir.resolve.calls.QualifierReceiver                        : loaded 2 times (x 74B)
Class org.jetbrains.kotlin.fir.symbols.impl.FirReceiverParameterSymbol                : loaded 2 times (x 76B)
Class org.jetbrains.kotlin.fir.symbols.impl.FirReplSnippetSymbol                      : loaded 2 times (x 72B)
Class org.jetbrains.kotlin.types.ConstantValueKind$IntegerLiteral                     : loaded 2 times (x 72B)
Class org.jetbrains.kotlin.fir.util.PersistentMultimap                                : loaded 2 times (x 72B)
Class org.jetbrains.kotlin.fir.scopes.impl.AbstractFirUseSiteMemberScope              : loaded 2 times (x 92B)
Class org.jetbrains.kotlin.fir.java.JavaScopeProviderKt$special$$inlined$scopeSessionKey$3: loaded 2 times (x 71B)
Class org.jetbrains.kotlin.fir.resolve.providers.impl.AbstractFirBuiltinSymbolProvider$BuiltInsPackageFragmentWrapper: loaded 2 times (x 72B)
Class org.jetbrains.kotlin.fir.java.enhancement.FirEmptyJavaDeclarationList           : loaded 2 times (x 74B)
Class org.jetbrains.kotlin.fir.declarations.utils.ScriptTopLevelDeclaration           : loaded 2 times (x 71B)
Class org.jetbrains.kotlin.backend.jvm.extensions.ClassGeneratorExtension             : loaded 2 times (x 70B)
Class org.jetbrains.kotlin.fir.resolve.calls.overloads.ConeCallConflictResolverKt     : loaded 2 times (x 71B)
Class org.jetbrains.kotlin.fir.resolve.transformers.body.resolve.FirArrayOfCallTransformer$Companion: loaded 2 times (x 71B)
Class org.jetbrains.kotlin.fir.util.PersistentSetMultimap                             : loaded 2 times (x 72B)
Class org.jetbrains.kotlin.fir.IsJavaRecordKey                                        : loaded 2 times (x 71B)
Class org.jetbrains.kotlin.fir.declarations.impl.FirPrimaryConstructor                : loaded 2 times (x 211B)
Class org.jetbrains.kotlin.fir.builder.FirPackageDirectiveBuilder                     : loaded 2 times (x 72B)
Class org.jetbrains.kotlin.fir.scopes.FirTypeScope                                    : loaded 2 times (x 84B)
Class org.jetbrains.kotlin.builtins.functions.FunctionTypeKind$Function               : loaded 2 times (x 77B)
Class org.jetbrains.kotlin.fir.declarations.FirTypeParameterRefsOwner                 : loaded 2 times (x 70B)
Class org.jetbrains.kotlin.types.model.TypeSystemCommonSuperTypesContext              : loaded 2 times (x 70B)
Class org.jetbrains.kotlin.fir.FirPlatformSpecificCastChecker                         : loaded 2 times (x 72B)
Class org.jetbrains.kotlin.util.ArrayMapImpl                                          : loaded 2 times (x 84B)
Class [Lcom.android.resources.ScreenSize;                                             : loaded 2 times (x 69B)
Class com.android.ide.common.resources.configuration.ScreenRoundQualifier             : loaded 2 times (x 91B)
Class com.android.ide.common.resources.configuration.KeyboardStateQualifier           : loaded 2 times (x 90B)
Class org.jetbrains.kotlin.asJava.KotlinAsJavaSupportBase                             : loaded 2 times (x 104B)
Class org.jetbrains.kotlin.psi.KtExpressionImpl$Companion                             : loaded 2 times (x 71B)
Class org.objectweb.asm.tree.ClassNode                                                : loaded 2 times (x 91B)
Class com.android.Version                                                             : loaded 2 times (x 71B)
Class kotlin.reflect.jvm.internal.KDeclarationContainerImpl$Companion                 : loaded 2 times (x 71B)
Class org.jetbrains.kotlin.psi.KtWhenEntry                                            : loaded 2 times (x 382B)
Class org.jetbrains.kotlin.psi.stubs.elements.KtBlockStringTemplateEntryElementType   : loaded 2 times (x 100B)
Class org.jetbrains.kotlin.psi.stubs.elements.KtFunctionTypeElementType               : loaded 2 times (x 100B)
Class [Lorg.jetbrains.kotlin.psi.KtFunction;                                          : loaded 2 times (x 69B)
Class org.jetbrains.kotlin.psi.KtTypeParameterListOwnerStub                           : loaded 2 times (x 994B)
Class com.android.sdklib.AndroidVersion                                               : loaded 2 times (x 75B)
Class com.android.tools.lint.model.LintModelLibraryResolver                           : loaded 2 times (x 70B)
Class kotlin.text.MatchResult$DefaultImpls                                            : loaded 2 times (x 71B)
Class com.android.tools.lint.model.LintModelSerialization$LintModelSerializationAdapter: loaded 2 times (x 70B)
Class org.jetbrains.kotlin.com.intellij.openapi.diagnostic.Logger$Factory             : loaded 2 times (x 70B)
Class org.jetbrains.kotlin.fir.FirSessionComponent                                    : loaded 2 times (x 70B)
Class org.jetbrains.kotlin.fir.scopes.FirPlatformClassMapper                          : loaded 2 times (x 75B)
Class org.gradle.kotlin.dsl.TestImplementationConfigurationAccessorsKt                : loaded 2 times (x 71B)
Class com.google.common.reflect.Types$ClassOwnership$1LocalClass                      : loaded 2 times (x 71B)
Class org.gradle.internal.classloader.ClasspathUtil                                   : loaded 2 times (x 71B)
Class com.google.wireless.android.sdk.stats.NavSafeArgsEventOrBuilder                 : loaded 2 times (x 70B)
Class com.google.wireless.android.sdk.stats.LayoutInspectorEventOrBuilder             : loaded 2 times (x 70B)
Class com.google.wireless.android.sdk.stats.UIActionStatsOrBuilder                    : loaded 2 times (x 70B)
Class com.google.common.base.Charsets                                                 : loaded 2 times (x 71B)
Class com.android.tools.analytics.Anonymizer                                          : loaded 2 times (x 71B)
Class org.jetbrains.kotlin.scripting.resolve.ScriptCompilationConfigurationWrapper    : loaded 2 times (x 79B)
Class org.jetbrains.kotlin.cli.common.arguments.ParseCommandLineArgumentsKt           : loaded 2 times (x 71B)
Class org.jetbrains.kotlin.diagnostics.LightTreePositioningStrategies$TYPEALIAS_TYPE_REFERENCE$1: loaded 2 times (x 74B)
Class org.jetbrains.kotlin.diagnostics.LightTreePositioningStrategies$OPERATION_TO_END$1: loaded 2 times (x 74B)
Class org.jetbrains.kotlin.fir.renderer.FirGetClassCallRenderer                       : loaded 2 times (x 73B)
Class org.jetbrains.kotlin.resolve.calls.results.FlatSignature$Companion              : loaded 2 times (x 71B)
Class org.jetbrains.kotlin.fir.scopes.impl.FirSubstitutionOverrideStorage$SubstitutionOverrideCache: loaded 2 times (x 72B)
Class org.jetbrains.kotlin.types.SmartcastStability                                   : loaded 2 times (x 79B)
Class org.jetbrains.kotlin.fir.resolve.calls.stages.FirCallArgumentsProcessor         : loaded 2 times (x 72B)
Class org.jetbrains.kotlin.resolve.calls.tasks.ExplicitReceiverKind                   : loaded 2 times (x 79B)
Class [Lorg.jetbrains.kotlin.resolve.jvm.diagnostics.JvmDeclarationOriginKind;        : loaded 2 times (x 69B)
Class org.jetbrains.kotlin.fir.java.JavaScopeProviderKt$special$$inlined$scopeSessionKey$4: loaded 2 times (x 71B)
Class org.jetbrains.kotlin.fir.types.ConeInferenceContext                             : loaded 2 times (x 70B)
Class org.jetbrains.kotlin.fir.declarations.utils.KlibSourceFile                      : loaded 2 times (x 71B)
Class org.jetbrains.kotlin.types.ConstantValueKind$Char                               : loaded 2 times (x 72B)
Class org.jetbrains.kotlin.fir.java.deserialization.JvmBinaryAnnotationDeserializerKt$loadMemberAnnotations$1: loaded 2 times (x 76B)
Class org.jetbrains.kotlin.types.AbstractTypeApproximator$Companion                   : loaded 2 times (x 71B)
Class org.jetbrains.kotlin.fir.deserialization.FirDeserializationUtilsKt              : loaded 2 times (x 71B)
Class org.jetbrains.kotlin.resolve.calls.inference.components.ConstraintSystemUtilContext: loaded 2 times (x 70B)
Class org.jetbrains.kotlin.load.java.JavaTypeEnhancementState$Companion               : loaded 2 times (x 71B)
Class org.jetbrains.kotlin.fir.resolve.SupertypeSupplier                              : loaded 2 times (x 73B)
Class org.jetbrains.kotlin.fir.declarations.builder.FirResolvedImportBuilder          : loaded 2 times (x 72B)
Class org.jetbrains.kotlin.utils.WrappedValues$1                                      : loaded 2 times (x 71B)
Class org.jetbrains.kotlin.metadata.ProtoBuf$PackageFragment                          : loaded 2 times (x 125B)
Class org.jetbrains.kotlin.fir.types.FirMissingDependencyStorage$cache$1              : loaded 2 times (x 75B)
Class org.jetbrains.kotlin.fir.types.FirCorrespondingSupertypesCache                  : loaded 2 times (x 72B)
Class org.jetbrains.kotlin.fir.caches.FirCachesFactory                                : loaded 2 times (x 78B)
Class [Lcom.android.resources.Navigation;                                             : loaded 2 times (x 69B)
Class com.android.utils.PositionXmlParser$SaxParserFactoryFunction                    : loaded 2 times (x 70B)
Class org.objectweb.asm.tree.MethodNode                                               : loaded 2 times (x 110B)
Class org.jetbrains.kotlin.resolve.jvm.KotlinJavaPsiFacade$KotlinPsiElementFinderWrapper: loaded 2 times (x 70B)
Class [Lorg.jetbrains.kotlin.metadata.ProtoBuf$QualifiedNameTable$QualifiedName$Kind; : loaded 2 times (x 69B)
Class org.jetbrains.kotlin.fir.resolve.FirJvmDefaultImportsProvider                   : loaded 2 times (x 75B)
Class org.jetbrains.kotlin.fir.FirModuleDataKt                                        : loaded 2 times (x 71B)
Class kotlin.jvm.internal.PropertyReference0                                          : loaded 2 times (x 127B)
Class [Lorg.jetbrains.kotlin.psi.KtStringInterpolationPrefix;                         : loaded 2 times (x 69B)
Class org.jetbrains.kotlin.psi.KtContractEffectList                                   : loaded 2 times (x 441B)
Class [Lorg.jetbrains.kotlin.psi.KtNamed;                                             : loaded 2 times (x 69B)
Class org.jetbrains.kotlin.fir.FirExpectActualMatchingContextFactory                  : loaded 2 times (x 70B)
Class it.unimi.dsi.fastutil.Hash                                                      : loaded 2 times (x 70B)
Class org.jetbrains.kotlin.fir.java.deserialization.JvmClassFileBasedSymbolProvider   : loaded 2 times (x 89B)
Class [Lorg.jetbrains.kotlin.fir.declarations.FirValueParameterKind;                  : loaded 2 times (x 69B)
Class com.google.common.util.concurrent.Uninterruptibles                              : loaded 2 times (x 71B)
Class org.jetbrains.kotlin.fir.declarations.FirAnonymousObject                        : loaded 2 times (x 169B)
Class com.google.protobuf.ByteString$2                                                : loaded 2 times (x 91B)
Class com.android.tools.analytics.HostData$garbageCollectorBeans$2                    : loaded 2 times (x 78B)
Class com.google.wireless.android.sdk.stats.UserSentiment                             : loaded 2 times (x 197B)
Class com.google.wireless.android.sdk.stats.IntelliJNewUIState                        : loaded 2 times (x 195B)
Class com.google.wireless.android.sdk.stats.LldbSessionStartDetails                   : loaded 2 times (x 211B)
Class com.google.wireless.android.sdk.stats.MultiViewEvent                            : loaded 2 times (x 199B)
Class com.google.wireless.android.sdk.stats.ParallelAndroidTestReportUiEventOrBuilder : loaded 2 times (x 70B)
Class com.google.wireless.android.sdk.stats.FirebaseManagementEventOrBuilder          : loaded 2 times (x 70B)
Class com.google.wireless.android.sdk.stats.ResizeComposePreviewEventOrBuilder        : loaded 2 times (x 70B)
Class com.google.wireless.android.sdk.stats.LiveEditEventOrBuilder                    : loaded 2 times (x 70B)
Class com.google.wireless.android.sdk.stats.RunFinishDataOrBuilder                    : loaded 2 times (x 70B)
Class com.android.tools.analytics.UsageTracker                                        : loaded 2 times (x 71B)
Class org.jetbrains.kotlin.diagnostics.PositioningStrategies$FIELD_KEYWORD$1          : loaded 2 times (x 74B)
Class org.jetbrains.kotlin.diagnostics.PositioningStrategies$DECLARATION_RETURN_TYPE$1: loaded 2 times (x 74B)
Class org.jetbrains.kotlin.diagnostics.LightTreePositioningStrategies$TYPE_ARGUMENT_LIST_OR_SELF$1: loaded 2 times (x 74B)
Class org.jetbrains.kotlin.diagnostics.AbstractSourceElementPositioningStrategy       : loaded 2 times (x 73B)
Class org.jetbrains.kotlin.fir.renderer.ConeIdRenderer                                : loaded 2 times (x 74B)
Class [Lorg.jetbrains.kotlin.fir.resolve.dfa.Operation;                               : loaded 2 times (x 69B)
Class org.jetbrains.kotlin.fir.resolve.dfa.cfg.WhenBranchConditionExitNode            : loaded 2 times (x 82B)
Class org.jetbrains.kotlin.fir.expressions.FirReturnExpression                        : loaded 2 times (x 121B)
Class org.jetbrains.kotlin.fir.expressions.builder.FirWhenExpressionBuilder           : loaded 2 times (x 84B)
Class org.jetbrains.kotlin.KtSourceElementOffsetStrategy$Custom                       : loaded 2 times (x 73B)
Class org.jetbrains.kotlin.fir.resolve.inference.model.ConeFixVariableConstraintPosition: loaded 2 times (x 72B)
Class org.jetbrains.kotlin.resolve.calls.tower.CandidateApplicabilityKt               : loaded 2 times (x 71B)
Class org.jetbrains.kotlin.fir.resolve.calls.stages.InitializeEmptyArgumentMap        : loaded 2 times (x 72B)
Class org.jetbrains.kotlin.fir.resolve.transformers.body.resolve.FirExpressionsResolveTransformer$CallResolutionMode: loaded 2 times (x 79B)
Class org.jetbrains.kotlin.fir.expressions.FirEmptyArgumentList                       : loaded 2 times (x 89B)
Class org.jetbrains.kotlin.fir.scopes.DefaultSimpleImportKey                          : loaded 2 times (x 72B)
Class org.jetbrains.kotlin.fir.types.ConeCapturedType                                 : loaded 2 times (x 82B)
Class org.jetbrains.kotlin.fir.resolve.providers.impl.FirTypeCandidateCollector$TypeCandidate: loaded 2 times (x 74B)
Class org.jetbrains.kotlin.serialization.deserialization.ValueClassUtilKt             : loaded 2 times (x 71B)
Class org.jetbrains.kotlin.fir.java.deserialization.AnnotationsLoader$AnnotationsLoaderVisitorImpl$visitArray$1: loaded 2 times (x 79B)
Class org.jetbrains.kotlin.fir.resolve.ScopeUtilsKt                                   : loaded 2 times (x 71B)
Class org.jetbrains.kotlin.fir.expressions.impl.FirAnnotationArgumentMappingImpl      : loaded 2 times (x 89B)
Class org.jetbrains.kotlin.fir.resolve.DeclarationUtilsKt                             : loaded 2 times (x 71B)
Class org.jetbrains.kotlin.fir.scopes.impl.FirAbstractProviderBasedScope              : loaded 2 times (x 80B)
Class org.jetbrains.kotlin.fir.resolve.transformers.plugin.CompilerRequiredAnnotationsComputationSession: loaded 2 times (x 76B)
Class org.jetbrains.kotlin.fir.symbols.impl.FirVariableSymbol                         : loaded 2 times (x 77B)
Class org.jetbrains.kotlin.fir.builder.Context                                        : loaded 2 times (x 72B)
Class org.jetbrains.kotlin.fir.extensions.FirExtensionRegistrarKt                     : loaded 2 times (x 71B)
Class org.jetbrains.kotlin.metadata.ProtoBuf$PackageFragment$1                        : loaded 2 times (x 144B)
Class org.jetbrains.kotlin.fir.scopes.jvm.FirJvmDelegatedMembersFilter$Companion      : loaded 2 times (x 71B)
Class org.jetbrains.kotlin.mpp.FunctionSymbolMarker                                   : loaded 2 times (x 70B)
Class org.jetbrains.kotlin.fir.declarations.FirDeclaration                            : loaded 2 times (x 106B)
Class org.jetbrains.kotlin.fir.symbols.FirLazyDeclarationResolver                     : loaded 2 times (x 77B)
Class org.jetbrains.kotlin.psi.KtCodeFragmentBase                                     : loaded 2 times (x 70B)
Class com.google.common.collect.HashBasedTable$Factory                                : loaded 2 times (x 79B)
Class org.jetbrains.kotlin.psi.KtVisitor                                              : loaded 2 times (x 194B)
Class org.jetbrains.kotlin.fir.expressions.FirEnumEntryDeserializedAccessExpression   : loaded 2 times (x 118B)
Class kotlin.reflect.jvm.internal.impl.builtins.functions.FunctionTypeKind$KSuspendFunction: loaded 2 times (x 72B)
Class kotlin.reflect.jvm.internal.KClassImpl$$Lambda$0                                : loaded 2 times (x 76B)
Class org.jetbrains.kotlin.fir.resolve.dfa.FirDataFlowAnalyzer$Companion$createFirDataFlowAnalyzer$1: loaded 2 times (x 80B)
Class kotlin.reflect.full.IllegalCallableAccessException                              : loaded 2 times (x 82B)
Class org.jetbrains.kotlin.fir.resolve.calls.tower.InvokeReceiverResolveTask          : loaded 2 times (x 74B)
Class kotlinx.coroutines.scheduling.WorkQueue                                         : loaded 2 times (x 72B)
Class org.jetbrains.kotlin.types.TypeApproximatorConfiguration$AbstractCapturedTypesAndILTApproximation: loaded 2 times (x 86B)
Class [Lorg.jetbrains.kotlin.psi.KtCallExpression;                                    : loaded 2 times (x 69B)
Class [Lorg.jetbrains.kotlin.psi.KtAnnotationUseSiteTarget;                           : loaded 2 times (x 69B)
Class org.jetbrains.kotlin.psi.KtClassInitializer                                     : loaded 2 times (x 782B)
Class it.unimi.dsi.fastutil.ints.IntList                                              : loaded 2 times (x 70B)
Class org.jetbrains.kotlin.cli.jvm.compiler.IdeaStandaloneExecutionSetup              : loaded 2 times (x 71B)
Class com.android.utils.StdLogger                                                     : loaded 2 times (x 86B)
Class org.jetbrains.kotlin.fir.resolve.transformers.FirCallCompletionResultsWriterTransformer$transformArgumentList$ArgumentTransformer: loaded 2 times (x 390B)
Class org.jetbrains.kotlin.resolve.scopes.receivers.ReceiverValue                     : loaded 2 times (x 70B)
Class org.jetbrains.kotlin.fir.resolve.calls.tower.FirInvokeResolveTowerExtension$enqueueResolveForExplicitReceiver$$inlined$enqueueInvokeReceiverTask$2: loaded 2 times (x 95B)
Class com.google.common.collect.AbstractMapBasedMultimap$WrappedSet                   : loaded 2 times (x 142B)
Class com.google.common.util.concurrent.LazyLogger                                    : loaded 2 times (x 72B)
Class org.gradle.api.specs.Spec                                                       : loaded 2 times (x 70B)
Class com.android.tools.analytics.UsageTracker$log$1                                  : loaded 2 times (x 79B)
Class com.google.wireless.android.sdk.stats.EmulatorHost                              : loaded 2 times (x 221B)
Class com.google.wireless.android.sdk.stats.MotionLayoutEditorEvent                   : loaded 2 times (x 195B)
Class com.google.wireless.android.sdk.stats.StudioPerformanceStats                    : loaded 2 times (x 209B)
Class com.google.wireless.android.sdk.stats.LintAction                                : loaded 2 times (x 205B)
Class com.google.protobuf.LazyStringArrayList                                         : loaded 2 times (x 314B)
Class com.google.wireless.android.sdk.stats.StartupPerformanceFrameBecameInteractiveEventOrBuilder: loaded 2 times (x 70B)
Class com.google.wireless.android.sdk.stats.GoogleLoginPluginEventOrBuilder           : loaded 2 times (x 70B)
Class com.google.wireless.android.sdk.stats.LayoutEditorEventOrBuilder                : loaded 2 times (x 70B)
Class [Lcom.google.protobuf.ProtocolMessageEnum;                                      : loaded 2 times (x 69B)
Class org.jetbrains.kotlin.diagnostics.KtDiagnosticsContainer                         : loaded 2 times (x 72B)
Class org.jetbrains.kotlin.fir.FirEvaluatorResult                                     : loaded 2 times (x 71B)
Class org.jetbrains.kotlin.fir.resolve.dfa.cfg.ElvisLhsExitNode                       : loaded 2 times (x 82B)
Class org.jetbrains.kotlin.fir.DfaType                                                : loaded 2 times (x 71B)
Class org.jetbrains.kotlin.fir.resolve.dfa.cfg.EqualityOperatorCallNode               : loaded 2 times (x 82B)
Class org.jetbrains.kotlin.fir.resolve.transformers.ExpectedArgumentType$ExpectedType : loaded 2 times (x 72B)
Class org.jetbrains.kotlin.types.TypeCheckerState$SupertypesPolicy$LowerIfFlexible    : loaded 2 times (x 72B)
Class org.jetbrains.kotlin.fir.expressions.impl.FirPropertyAccessExpressionImpl       : loaded 2 times (x 161B)
Class org.jetbrains.kotlin.fir.extensions.CaptureValueInAnalyzeKey                    : loaded 2 times (x 71B)
Class org.jetbrains.kotlin.fir.expressions.FirThisReceiverExpression                  : loaded 2 times (x 161B)
Class org.jetbrains.kotlin.fir.resolve.calls.stages.CheckContextArguments             : loaded 2 times (x 72B)
Class org.jetbrains.kotlin.fir.builder.ConversionUtilsKt$pullUpSafeCallIfNecessary$1  : loaded 2 times (x 127B)
Class org.jetbrains.kotlin.fir.FirExpectActualMatchingContextKt                       : loaded 2 times (x 71B)
Class org.jetbrains.kotlin.fir.FirVisibilityCheckerKt                                 : loaded 2 times (x 71B)
Class org.jetbrains.kotlin.fir.types.ConeBuiltinTypeUtilsKt                           : loaded 2 times (x 71B)
Class org.jetbrains.kotlin.resolve.calls.results.SimpleConstraintSystem               : loaded 2 times (x 70B)
Class org.jetbrains.kotlin.fir.scopes.impl.DefaultStarImportingScopeMarker            : loaded 2 times (x 70B)
Class org.jetbrains.kotlin.resolve.calls.inference.model.ConstraintSystemError        : loaded 2 times (x 72B)
Class org.jetbrains.kotlin.fir.java.scopes.JavaOverridabilityRules                    : loaded 2 times (x 77B)
Class org.jetbrains.kotlin.fir.types.impl.FirImplicitDoubleTypeRef                    : loaded 2 times (x 109B)
Class org.jetbrains.kotlin.fir.types.ConeSimpleKotlinType                             : loaded 2 times (x 79B)
Class org.jetbrains.kotlin.fir.types.ConeRigidType                                    : loaded 2 times (x 77B)
Class com.android.ide.common.rendering.api.StyleResourceValueImpl                     : loaded 2 times (x 121B)
Class com.android.ide.common.resources.configuration.GrammaticalGenderQualifier       : loaded 2 times (x 91B)
Class org.jetbrains.kotlin.name.CallableId                                            : loaded 2 times (x 72B)
Class org.jetbrains.kotlin.psi.KtDotQualifiedExpression$Companion                     : loaded 2 times (x 71B)
Class org.jetbrains.kotlin.diagnostics.PositioningStrategies$RETURN_WITH_LABEL$1      : loaded 2 times (x 74B)
Class org.jetbrains.kotlin.protobuf.ProtocolStringList                                : loaded 2 times (x 70B)
Class org.jetbrains.kotlin.scripting.definitions.LazyScriptDefinitionProvider         : loaded 2 times (x 87B)
Class kotlin.reflect.jvm.internal.CachesKt$$Lambda$0                                  : loaded 2 times (x 75B)
Class kotlin.script.experimental.api.ScriptCollectedData$Companion                    : loaded 2 times (x 71B)
Class kotlin.jvm.internal.PropertyReference2                                          : loaded 2 times (x 127B)
Class org.jetbrains.kotlin.psi.KtSafeQualifiedExpression                              : loaded 2 times (x 507B)
Class [Lorg.jetbrains.kotlin.psi.KtTypeArgumentList;                                  : loaded 2 times (x 69B)
Class [Lorg.jetbrains.kotlin.psi.KtPackageDirective;                                  : loaded 2 times (x 69B)
Class org.jetbrains.kotlin.psi.stubs.elements.KtImportAliasElementType                : loaded 2 times (x 100B)
Class [Lorg.jetbrains.kotlin.psi.KtAnnotationsContainer;                              : loaded 2 times (x 69B)
Class org.jetbrains.kotlin.scripting.compiler.plugin.ScriptingK2CompilerPluginRegistrar: loaded 2 times (x 74B)
Class org.jetbrains.kotlin.fir.resolve.calls.tower.FirInvokeResolveTowerExtension$enqueueResolveTasksForImplicitInvokeCall$3: loaded 2 times (x 95B)
Class com.google.protobuf.Internal                                                    : loaded 2 times (x 71B)
Class com.google.wireless.android.sdk.stats.EditorCompletionStatsOrBuilder            : loaded 2 times (x 70B)
Class com.android.tools.lint.model.LintModelExternalLibrary                           : loaded 2 times (x 70B)
Class org.jetbrains.kotlin.descriptors.DelegatedDescriptorVisibility                  : loaded 2 times (x 79B)
Class kotlin.io.FileTreeWalk$FileTreeWalkIterator                                     : loaded 2 times (x 83B)
Class com.google.common.reflect.Types$JavaVersion                                     : loaded 2 times (x 83B)
Class org.apache.commons.io.file.PathFilter                                           : loaded 2 times (x 70B)
Class com.google.wireless.android.sdk.stats.StartupPerformanceFirstUiShownEvent       : loaded 2 times (x 197B)
Class com.google.wireless.android.sdk.stats.UpgradeAndroidStudioDialogStats           : loaded 2 times (x 195B)
Class com.google.wireless.android.sdk.stats.AndroidProfilerEvent                      : loaded 2 times (x 282B)
Class com.google.wireless.android.sdk.stats.GeminiAdvertiserEventOrBuilder            : loaded 2 times (x 70B)
Class com.google.wireless.android.sdk.stats.DesignEditorHelpPanelEventOrBuilder       : loaded 2 times (x 70B)
Class com.android.tools.analytics.AnonymousUsageTrackerWriter                         : loaded 2 times (x 83B)
Class com.google.protobuf.UninitializedMessageException                               : loaded 2 times (x 84B)
Class org.jetbrains.kotlin.fir.analysis.diagnostics.jvm.FirJvmErrors                  : loaded 2 times (x 72B)
Class org.jetbrains.kotlin.load.java.structure.JavaEnumValueAnnotationArgument        : loaded 2 times (x 70B)
Class org.jetbrains.kotlin.diagnostics.PositioningStrategies$UNUSED_VALUE$1           : loaded 2 times (x 74B)
Class org.jetbrains.kotlin.diagnostics.LightTreePositioningStrategies$IMPORT_ALIAS$1  : loaded 2 times (x 74B)
Class org.jetbrains.kotlin.diagnostics.LightTreePositioningStrategies$TYPE_PARAMETERS_LIST$1: loaded 2 times (x 74B)
Class org.jetbrains.kotlin.fir.scopes.DeferredCallableCopyReturnTypeKey               : loaded 2 times (x 71B)
Class org.jetbrains.kotlin.fir.resolve.dfa.Implication                                : loaded 2 times (x 72B)
Class org.jetbrains.kotlin.fir.expressions.ExhaustivenessStatus                       : loaded 2 times (x 71B)
Class org.jetbrains.kotlin.fir.java.deserialization.AnnotationsLoader$AnnotationsLoaderVisitorImpl$visitAnnotation$1: loaded 2 times (x 80B)
Class org.jetbrains.kotlin.fir.expressions.impl.FirWhenExpressionImpl                 : loaded 2 times (x 139B)
Class org.jetbrains.kotlin.util.EmptyArrayMap$iterator$1                              : loaded 2 times (x 78B)
Class org.jetbrains.kotlin.fir.resolve.calls.ConeLambdaWithTypeVariableAsExpectedTypeAtom: loaded 2 times (x 96B)
Class org.jetbrains.kotlin.fir.resolve.calls.candidate.CallInfo                       : loaded 2 times (x 79B)
Class org.jetbrains.kotlin.fir.resolve.calls.stages.CheckIncompatibleTypeVariableUpperBounds: loaded 2 times (x 72B)
Class org.jetbrains.kotlin.fir.resolve.calls.stages.CreateFreshTypeVariableSubstitutorStage: loaded 2 times (x 72B)
Class org.jetbrains.kotlin.fir.builder.ConversionUtilsKt$pullUpSafeCallIfNecessary$2  : loaded 2 times (x 125B)
Class org.jetbrains.kotlin.KtFakeSourceElementKind$DefaultAccessor                    : loaded 2 times (x 72B)
Class org.jetbrains.kotlin.fir.scopes.impl.FirTypeIntersectionScopeContext$collectMembersGroupedByScope$1$1: loaded 2 times (x 75B)
Class jdk.internal.jrtfs.ExplodedImage                                                : loaded 2 times (x 77B)
Class org.jetbrains.kotlin.fir.declarations.impl.FirFileImpl                          : loaded 2 times (x 127B)
Class org.jetbrains.kotlin.fir.declarations.FirVariable                               : loaded 2 times (x 176B)
Class org.jetbrains.kotlin.fir.ContainingReplKey                                      : loaded 2 times (x 71B)
Class org.jetbrains.kotlin.KtFakePsiSourceElement                                     : loaded 2 times (x 80B)
Class org.jetbrains.kotlin.fir.types.FirFunctionTypeKindServiceKt                     : loaded 2 times (x 71B)
Class org.jetbrains.kotlin.builtins.functions.FunctionTypeKindExtractor               : loaded 2 times (x 72B)
Class org.jetbrains.kotlin.fir.types.ConeKotlinTypeProjection                         : loaded 2 times (x 73B)
Class org.jetbrains.kotlin.name.FqNamesUtilKt                                         : loaded 2 times (x 71B)
Class com.android.resources.Keyboard                                                  : loaded 2 times (x 86B)
Class com.android.ide.common.resources.configuration.ScreenWidthQualifier             : loaded 2 times (x 88B)
Class org.jetbrains.kotlin.kdoc.parser.KDocElementType                                : loaded 2 times (x 76B)
Class org.jetbrains.org.objectweb.asm.tree.FrameNode                                  : loaded 2 times (x 79B)
Class org.jetbrains.kotlin.cli.jvm.index.JvmDependenciesIndexImpl$Cache               : loaded 2 times (x 72B)
Class [Lkotlin.reflect.jvm.internal.impl.builtins.jvm.JavaToKotlinClassMap$PlatformMutabilityMapping;: loaded 2 times (x 69B)
Class kotlin.reflect.jvm.internal.CachesKt$$Lambda$1                                  : loaded 2 times (x 75B)
Class kotlin.reflect.full.IllegalPropertyDelegateAccessException                      : loaded 2 times (x 82B)
Class [Lcom.android.ide.common.repository.AgpVersion$PreviewKind;                     : loaded 2 times (x 69B)
Class it.unimi.dsi.fastutil.ints.Int2ObjectMap                                        : loaded 2 times (x 70B)
Class org.jetbrains.kotlin.psi.KtElementImpl                                          : loaded 2 times (x 375B)
Class org.jetbrains.kotlin.psi.KtDelegatedSuperTypeEntry                              : loaded 2 times (x 445B)
Class org.jetbrains.kotlin.psi.KtPrimaryConstructor                                   : loaded 2 times (x 1344B)
Class [Lorg.jetbrains.kotlin.psi.KtModifierListOwner;                                 : loaded 2 times (x 69B)
Class it.unimi.dsi.fastutil.HashCommon                                                : loaded 2 times (x 71B)
Class org.jetbrains.kotlin.utils.PathUtil                                             : loaded 2 times (x 71B)
Class com.android.tools.lint.model.LintModelVariant                                   : loaded 2 times (x 70B)
Class [Lorg.jetbrains.kotlin.psi.KtAnonymousInitializer;                              : loaded 2 times (x 69B)
Class org.jetbrains.kotlin.psi.KtScriptInitializer                                    : loaded 2 times (x 782B)
Class com.google.common.cache.LocalCache$LoadingValueReference                        : loaded 2 times (x 96B)
Class [Lorg.jetbrains.kotlin.psi.KtUserType;                                          : loaded 2 times (x 69B)
Class com.google.wireless.android.sdk.stats.BackupUsageEvent                          : loaded 2 times (x 202B)
Class com.google.wireless.android.sdk.stats.LogcatUsageEvent                          : loaded 2 times (x 211B)
Class com.google.wireless.android.sdk.stats.SurveyResponse                            : loaded 2 times (x 200B)
Class com.google.wireless.android.sdk.stats.OomDialogEventOrBuilder                   : loaded 2 times (x 70B)
Class com.google.protobuf.GeneratedMessageV3$1                                        : loaded 2 times (x 78B)
Class org.jetbrains.kotlin.diagnostics.KtDiagnostic                                   : loaded 2 times (x 75B)
Class org.jetbrains.kotlin.fir.declarations.builder.FirScriptReceiverParameterBuilder : loaded 2 times (x 76B)
Class kotlin.script.experimental.api.ScriptCompilationConfiguration$Builder           : loaded 2 times (x 72B)
Class org.jetbrains.kotlin.diagnostics.LightTreePositioningStrategies$REDUNDANT_NULLABLE$1: loaded 2 times (x 74B)
Class org.jetbrains.kotlin.diagnostics.LightTreePositioningStrategies$DECLARATION_START_TO_NAME$1: loaded 2 times (x 74B)
Class org.jetbrains.kotlin.diagnostics.LightTreePositioningStrategies$SECONDARY_CONSTRUCTOR_DELEGATION_CALL$1: loaded 2 times (x 74B)
Class org.jetbrains.kotlin.fir.expressions.ExhaustivenessStatus$NotExhaustive$Companion: loaded 2 times (x 71B)
Class org.jetbrains.kotlin.fir.resolve.transformers.FirWhenExhaustivenessComputer     : loaded 2 times (x 71B)
Class org.jetbrains.kotlin.fir.expressions.builder.FirClassReferenceExpressionBuilder : loaded 2 times (x 84B)
Class org.jetbrains.kotlin.fir.java.enhancement.FirSignatureEnhancement$enhanceTypeParameterBoundsFirstRound$$inlined$enhanceTypeParameterBounds$1: loaded 2 times (x 75B)
Class org.jetbrains.kotlin.fir.resolve.calls.stages.CheckCallableReferenceExpectedType: loaded 2 times (x 72B)
Class org.jetbrains.kotlin.fir.resolve.dfa.cfg.QualifiedAccessNode                    : loaded 2 times (x 82B)
Class org.jetbrains.kotlin.fir.expressions.FirVarargArgumentsExpression               : loaded 2 times (x 118B)
Class org.jetbrains.kotlin.resolve.calls.inference.components.TypeVariableDirectionCalculator$ResolveDirection: loaded 2 times (x 79B)
Class org.jetbrains.kotlin.fir.scopes.impl.FirDefaultStarImportingScope$processPropertiesByName$1: loaded 2 times (x 125B)
Class org.jetbrains.kotlin.fir.java.declarations.FirJavaValueParameterBuilder         : loaded 2 times (x 72B)
Class org.jetbrains.kotlin.fir.expressions.builder.FirEmptyExpressionBlockBuilderKt   : loaded 2 times (x 71B)
Class org.jetbrains.kotlin.load.java.structure.impl.source.SingleFileRootPsiPackage   : loaded 2 times (x 795B)
Class org.jetbrains.kotlin.fir.declarations.utils.ReplSnippetTopLevelDeclaration      : loaded 2 times (x 71B)
Class org.jetbrains.kotlin.fir.declarations.impl.FirDefaultPropertyGetter             : loaded 2 times (x 240B)
Class org.jetbrains.kotlin.fir.expressions.FirArgumentList                            : loaded 2 times (x 89B)
Class org.jetbrains.kotlin.fir.deserialization.AnnotationDeserializer$CallableKind    : loaded 2 times (x 79B)
Class org.jetbrains.kotlin.fir.visitors.FirDefaultVisitor                             : loaded 2 times (x 230B)
Class [Lorg.jetbrains.kotlin.fir.resolve.dfa.cfg.CFGNode;                             : loaded 2 times (x 69B)
Class org.jetbrains.kotlin.fir.declarations.FirDeclarationOriginKt                    : loaded 2 times (x 71B)
Class org.jetbrains.kotlin.fir.SessionAndScopeSessionHolder                           : loaded 2 times (x 70B)
Class org.jetbrains.kotlin.fir.symbols.impl.FirClassLikeSymbol                        : loaded 2 times (x 82B)
Class org.jetbrains.kotlin.fir.types.impl.FirImplicitNothingTypeRef                   : loaded 2 times (x 109B)
Class com.android.resources.WideGamutColor                                            : loaded 2 times (x 86B)
Class com.android.ide.common.resources.configuration.ScreenSizeQualifier              : loaded 2 times (x 92B)
Class com.android.utils.PositionXmlParser$DomBuilder                                  : loaded 2 times (x 148B)
Class [Lorg.jetbrains.kotlin.psi.ValueArgument;                                       : loaded 2 times (x 69B)
Class org.jetbrains.kotlin.cli.jvm.compiler.KotlinCoreProjectEnvironment              : loaded 2 times (x 89B)
Class kotlin.reflect.jvm.internal.CachesKt$$Lambda$2                                  : loaded 2 times (x 75B)
Class org.jetbrains.kotlin.load.java.structure.impl.classFiles.BinaryClassSignatureParser$ClsFormatException: loaded 2 times (x 82B)
Class org.jetbrains.kotlin.psi.KtWhenConditionIsPattern                               : loaded 2 times (x 377B)
Class org.jetbrains.kotlin.psi.stubs.KotlinBlockStringTemplateEntryStub               : loaded 2 times (x 70B)
Class [Lorg.jetbrains.kotlin.psi.KtTypeReference;                                     : loaded 2 times (x 69B)
Class [Lorg.jetbrains.kotlin.psi.KtImportInfo;                                        : loaded 2 times (x 69B)
Class org.jetbrains.kotlin.psi.stubs.elements.KtContractEffectListElementType         : loaded 2 times (x 103B)
Class org.jetbrains.kotlin.cli.jvm.modules.CliJavaModuleResolver                      : loaded 2 times (x 78B)
Class org.jetbrains.kotlin.name.StandardClassIds                                      : loaded 2 times (x 71B)
Class org.jetbrains.kotlin.resolve.JvmCompilerDeserializationConfiguration$1          : loaded 2 times (x 125B)
Class org.jetbrains.kotlin.asJava.finder.JavaElementFinder                            : loaded 2 times (x 90B)
Class [Lcom.android.tools.lint.model.LintModelArtifactType;                           : loaded 2 times (x 69B)
Class com.android.tools.lint.model.LintModelMavenName                                 : loaded 2 times (x 70B)
Class org.jetbrains.kotlin.parsing.SemanticWhitespaceAwarePsiBuilder                  : loaded 2 times (x 70B)
Class org.jetbrains.kotlin.parsing.TrailingCommentsBinder                             : loaded 2 times (x 76B)
Class Build_gradle$1                                                                  : loaded 2 times (x 75B)
Class com.google.common.reflect.Invokable$MethodInvokable                             : loaded 2 times (x 107B)
Class com.google.common.collect.Multimaps$Entries                                     : loaded 2 times (x 118B)
Class com.google.common.io.LineReader$1                                               : loaded 2 times (x 75B)
Class com.google.common.collect.CollectSpliterators                                   : loaded 2 times (x 71B)
Class com.google.common.collect.MapMakerInternalMap$StrongKeyDummyValueEntry          : loaded 2 times (x 82B)
Class com.google.common.collect.AbstractMapBasedMultimap$AsMap                        : loaded 2 times (x 128B)
Class com.android.ide.common.rendering.api.ResourceNamespace$AaptNamespace            : loaded 2 times (x 80B)
Class com.google.wireless.android.sdk.stats.LintTooltipLinkEvent                      : loaded 2 times (x 200B)
Class com.google.wireless.android.sdk.stats.WindowsDefenderStatus                     : loaded 2 times (x 197B)
Class com.google.wireless.android.sdk.stats.StopEvent                                 : loaded 2 times (x 207B)
Class com.google.wireless.android.sdk.stats.IntelliJNewUIStateOrBuilder               : loaded 2 times (x 70B)
Class com.google.wireless.android.sdk.stats.LldbSessionStartDetailsOrBuilder          : loaded 2 times (x 70B)
Class com.google.wireless.android.sdk.stats.MultiViewEventOrBuilder                   : loaded 2 times (x 70B)
Class com.google.gson.JsonIOException                                                 : loaded 2 times (x 82B)
Class com.google.protobuf.Internal$LongList                                           : loaded 2 times (x 70B)
Class org.jetbrains.kotlin.KtFakeSourceElementKind$ImplicitImport                     : loaded 2 times (x 72B)
Class kotlin.script.experimental.jvm.GetScriptingClassByClassLoader                   : loaded 2 times (x 70B)
Class org.jetbrains.kotlin.diagnostics.PositioningStrategies$DeclarationName          : loaded 2 times (x 74B)
Class org.jetbrains.kotlin.fir.resolve.calls.tower.InvokeFunctionResolveTask$processLevelForRegularInvoke$1: loaded 2 times (x 88B)
Class org.jetbrains.kotlin.fir.resolve.transformers.WhenExhaustivenessChecker         : loaded 2 times (x 73B)
Class com.android.ide.common.resources.configuration.ScreenHeightQualifier            : loaded 2 times (x 88B)
Class org.jetbrains.kotlin.fir.scopes.jvm.JvmMappedScope$Companion                    : loaded 2 times (x 71B)
Class org.jetbrains.kotlin.fir.references.FirResolvedErrorReference                   : loaded 2 times (x 100B)
Class org.jetbrains.kotlin.types.model.TypeSystemContextKt                            : loaded 2 times (x 71B)
Class org.jetbrains.kotlin.fir.resolve.calls.ResolutionResultOverridesOtherToPreserveCompatibility: loaded 2 times (x 72B)
Class org.jetbrains.kotlin.resolve.calls.inference.model.OnlyInputTypeConstraintPosition: loaded 2 times (x 70B)
Class org.jetbrains.kotlin.fir.resolve.calls.stages.FirCallArgumentsProcessor$State   : loaded 2 times (x 79B)
Class org.jetbrains.kotlin.fir.resolve.calls.stages.FirArgumentsToParametersMapperKt  : loaded 2 times (x 71B)
Class org.jetbrains.kotlin.fir.resolve.calls.tower.TowerResolveManager$SuspendedResolverTask: loaded 2 times (x 75B)
Class org.jetbrains.kotlin.fir.expressions.builder.FirFunctionCallBuilder             : loaded 2 times (x 157B)
Class org.jetbrains.kotlin.resolve.calls.inference.components.PostponedArgumentInputTypesResolver: loaded 2 times (x 72B)
Class org.jetbrains.kotlin.fir.declarations.builder.FirPropertyAccessorBuilder        : loaded 2 times (x 118B)
Class org.jetbrains.kotlin.fir.declarations.utils.EvaluatedValue                      : loaded 2 times (x 71B)
Class org.jetbrains.kotlin.metadata.SerializationPluginMetadataExtensions             : loaded 2 times (x 71B)
Class org.jetbrains.kotlin.fir.analysis.checkers.FirPrimaryConstructorSuperTypeCheckerPlatformComponent: loaded 2 times (x 72B)
Class org.jetbrains.kotlin.fir.symbols.impl.FirAnonymousObjectSymbol                  : loaded 2 times (x 82B)
Class org.jetbrains.kotlin.fir.resolve.calls.FirSimpleSyntheticPropertySymbol         : loaded 2 times (x 85B)
Class org.jetbrains.kotlin.fir.resolve.dfa.DataFlowAnalyzerContext                    : loaded 2 times (x 72B)
Class org.jetbrains.kotlin.fir.types.ConeStubType                                     : loaded 2 times (x 82B)
Class org.jetbrains.kotlin.fir.scopes.impl.FirNestedClassifierScope                   : loaded 2 times (x 85B)
Class org.jetbrains.kotlin.fir.scopes.impl.FirClassDeclaredMemberScope                : loaded 2 times (x 83B)
Class org.jetbrains.kotlin.fir.symbols.impl.FirValueParameterSymbol                   : loaded 2 times (x 83B)
Class org.jetbrains.kotlin.fir.extensions.AbstractFirRegisteredPluginAnnotations      : loaded 2 times (x 79B)
Class org.jetbrains.kotlin.fir.scopes.jvm.FirJvmDelegatedMembersFilter                : loaded 2 times (x 73B)
Class org.jetbrains.kotlin.fir.FirLanguageSettingsComponentKt                         : loaded 2 times (x 71B)
Class org.jetbrains.kotlin.fir.scopes.impl.FirJvmEnumEntriesSupport                   : loaded 2 times (x 73B)
Class org.jetbrains.kotlin.fir.declarations.DeprecationsProvider                      : loaded 2 times (x 72B)
Class org.jetbrains.kotlin.load.java.structure.JavaModifierListOwner                  : loaded 2 times (x 70B)
Class org.jetbrains.kotlin.resolve.extensions.AnalysisHandlerExtension                : loaded 2 times (x 70B)
Class org.jetbrains.kotlin.fir.declarations.FirDeclarationOrigin$Source               : loaded 2 times (x 72B)
Class org.jetbrains.kotlin.fir.types.impl.FirImplicitTypeRefImplWithoutSource         : loaded 2 times (x 103B)
Class org.jetbrains.kotlin.fir.resolve.ToSymbolUtilsKt                                : loaded 2 times (x 71B)
Class kotlin.reflect.jvm.internal.CachesKt$$Lambda$3                                  : loaded 2 times (x 75B)
Class org.jetbrains.kotlin.fir.util.SetMultimap                                       : loaded 2 times (x 110B)
Class org.jetbrains.kotlin.lexer.KtKeywordToken                                       : loaded 2 times (x 78B)
Class [Lorg.jetbrains.kotlin.psi.KtPureElement;                                       : loaded 2 times (x 69B)
Class org.jetbrains.kotlin.config.LanguageVersionSettings$Companion                   : loaded 2 times (x 71B)
Class org.jetbrains.kotlin.name.StandardClassIdsKt                                    : loaded 2 times (x 71B)
Class com.android.tools.lint.model.LintModelLibrary                                   : loaded 2 times (x 70B)
Class org.jetbrains.kotlin.fir.resolve.FirTowerDataMode                               : loaded 2 times (x 79B)
Class [Lorg.jetbrains.kotlin.resolve.calls.tower.CandidateApplicability;              : loaded 2 times (x 69B)
Class org.jetbrains.kotlin.fir.resolve.calls.overloads.ConeCallConflictResolver       : loaded 2 times (x 72B)
Class org.jetbrains.kotlin.descriptors.EffectiveVisibility$WhenMappings               : loaded 2 times (x 71B)
Class org.jetbrains.kotlin.load.java.structure.ListBasedJavaAnnotationOwner           : loaded 2 times (x 70B)
Class kotlin.io.FilePathComponents                                                    : loaded 2 times (x 72B)
Class com.google.devtools.ksp.processing.KspGradleLogger$Companion                    : loaded 2 times (x 71B)
Class Build_gradle$2                                                                  : loaded 2 times (x 74B)
Class ijJvmDebugger1_7sfvz360tqm6fbo7y3765vecg$_run_closure1$_closure2                : loaded 2 times (x 140B)
Class com.google.wireless.android.sdk.stats.UiDeviceSettingsEvent                     : loaded 2 times (x 195B)
Class com.google.wireless.android.sdk.stats.StudioCoreGeminiActionsEventOrBuilder     : loaded 2 times (x 70B)
Class com.google.wireless.android.sdk.stats.DialogStatsOrBuilder                      : loaded 2 times (x 70B)
Class com.google.protobuf.InvalidProtocolBufferException                              : loaded 2 times (x 88B)
Class org.jetbrains.kotlin.scripting.resolve.KtFileScriptSource                       : loaded 2 times (x 85B)
Class org.jetbrains.kotlin.diagnostics.LightTreePositioningStrategies$PARAMETERS_WITH_DEFAULT_VALUE$1: loaded 2 times (x 74B)
Class org.jetbrains.kotlin.codegen.AsmUtil                                            : loaded 2 times (x 71B)
Class kotlin.collections.ArraysKt___ArraysKt$asIterable$$inlined$Iterable$1           : loaded 2 times (x 79B)
Class org.jetbrains.kotlin.contracts.description.EventOccurrencesRange                : loaded 2 times (x 79B)
Class org.jetbrains.kotlin.fir.scopes.jvm.JvmMappedScope$JDKMemberStatus              : loaded 2 times (x 79B)
Class org.jetbrains.kotlin.resolve.deprecation.CommonDeprecationUtilsKt$WhenMappings  : loaded 2 times (x 71B)
Class org.jetbrains.kotlin.fir.declarations.DeprecationsPerUseSite                    : loaded 2 times (x 72B)
Class org.jetbrains.kotlin.fir.resolve.FirDefaultParametersResolverKt                 : loaded 2 times (x 71B)
Class org.jetbrains.kotlin.fir.references.builder.FirImplicitThisReferenceBuilder     : loaded 2 times (x 72B)
Class [Lorg.jetbrains.kotlin.types.model.CaptureStatus;                               : loaded 2 times (x 69B)
Class org.jetbrains.kotlin.fir.resolve.calls.AbstractConeResolutionAtom               : loaded 2 times (x 72B)
Class org.jetbrains.kotlin.fir.types.jvm.FirJavaTypeRefBuilder                        : loaded 2 times (x 72B)
Class org.jetbrains.kotlin.fir.java.enhancement.FirSignatureEnhancement               : loaded 2 times (x 72B)
Class [Lorg.jetbrains.kotlin.fir.FirAnnotationContainer;                              : loaded 2 times (x 69B)
Class org.jetbrains.kotlin.util.WeakPair                                              : loaded 2 times (x 72B)
Class org.jetbrains.kotlin.fir.MatchingParameterFunctionTypeKey                       : loaded 2 times (x 71B)
Class org.jetbrains.kotlin.fir.expressions.FirContextArgumentListOwner                : loaded 2 times (x 70B)
Class org.jetbrains.kotlin.util.ArrayMapImpl$iterator$1                               : loaded 2 times (x 84B)
Class org.jetbrains.kotlin.fir.resolve.providers.FirCompositeCachedSymbolNamesProvider: loaded 2 times (x 89B)
Class [Lorg.jetbrains.kotlin.descriptors.ClassKind;                                   : loaded 2 times (x 69B)
Class org.jetbrains.kotlin.fir.resolve.transformers.body.resolve.ReturnTypeCalculatorWithJump$CallableCopyTypeCalculatorWithJump: loaded 2 times (x 75B)
Class org.jetbrains.kotlin.metadata.ProtoBuf$PackageFragmentOrBuilder                 : loaded 2 times (x 70B)
Class org.jetbrains.kotlin.fir.resolve.providers.impl.AbstractFirBuiltinSymbolProvider$BuiltInsPackageFragment: loaded 2 times (x 72B)
Class org.jetbrains.kotlin.fir.builder.FirAnnotationContainerBuilder                  : loaded 2 times (x 70B)
Class org.jetbrains.kotlin.fir.symbols.impl.FirThisOwnerSymbol                        : loaded 2 times (x 70B)
Class org.jetbrains.kotlin.fir.resolve.ResolutionMode$AssignmentLValue                : loaded 2 times (x 72B)
Class [Lcom.android.resources.KeyboardState;                                          : loaded 2 times (x 69B)
Class org.jetbrains.kotlin.parsing.TokenStreamPredicate                               : loaded 2 times (x 70B)
Class org.jetbrains.kotlin.metadata.jvm.JvmModuleProtoBuf$PackageParts                : loaded 2 times (x 128B)
Class [Lorg.jetbrains.kotlin.name.CallableId;                                         : loaded 2 times (x 69B)
Class org.jetbrains.kotlin.cli.jvm.compiler.JvmPackagePartProviderKt                  : loaded 2 times (x 71B)
Class org.jetbrains.kotlin.fir.expressions.builder.FirPropertyAccessExpressionBuilder : loaded 2 times (x 101B)
Class kotlin.reflect.jvm.internal.CachesKt$$Lambda$4                                  : loaded 2 times (x 75B)
Class org.jetbrains.kotlin.psi.KtFunctionLiteral                                      : loaded 2 times (x 1271B)
Class [Lorg.jetbrains.kotlin.psi.KtStringTemplateEntry;                               : loaded 2 times (x 69B)
Class org.jetbrains.kotlin.psi.stubs.elements.KtDotQualifiedExpressionElementType     : loaded 2 times (x 103B)
Class [Lorg.jetbrains.kotlin.psi.KtImportAlias;                                       : loaded 2 times (x 69B)
Class org.jetbrains.kotlin.psi.stubs.KotlinPropertyAccessorStub                       : loaded 2 times (x 70B)
Class [Lorg.jetbrains.kotlin.psi.KtNamedDeclaration;                                  : loaded 2 times (x 69B)
Class org.jetbrains.kotlin.fir.resolve.calls.overloads.ConeSimpleConstraintSystemImpl : loaded 2 times (x 80B)
Class org.jetbrains.kotlin.fir.scopes.jvm.JvmMappedScope$isOverrideOfKotlinDeclaredFunction$1: loaded 2 times (x 125B)
Class org.jetbrains.kotlin.fir.resolve.calls.candidate.CallKind$SyntheticSelect       : loaded 2 times (x 72B)
Class com.android.utils.EnvironmentProvider                                           : loaded 2 times (x 70B)
Class org.jetbrains.kotlin.fir.types.ConeInferenceContext$WhenMappings                : loaded 2 times (x 71B)
Class org.jetbrains.kotlin.diagnostics.PositioningStrategies$DECLARATION_START_TO_NAME$1: loaded 2 times (x 74B)
Class org.jetbrains.kotlin.descriptors.DescriptorVisibilities$10                      : loaded 2 times (x 76B)
Class org.jetbrains.org.objectweb.asm.tree.LineNumberNode                             : loaded 2 times (x 79B)
Class kotlinx.coroutines.EventLoopKt                                                  : loaded 2 times (x 71B)
Class com.google.common.collect.ImmutableRangeSet$Builder                             : loaded 2 times (x 77B)
Class org.jetbrains.kotlin.com.google.common.base.Function                            : loaded 2 times (x 70B)
Class com.google.common.collect.Lists$ReverseList$1                                   : loaded 2 times (x 99B)
Class com.google.common.cache.LocalCache$StrongValueReference                         : loaded 2 times (x 90B)
Class com.google.wireless.android.sdk.stats.NextEditPredictionEvent                   : loaded 2 times (x 213B)
Class com.google.wireless.android.sdk.stats.GradleBuildProfile                        : loaded 2 times (x 248B)
Class com.google.wireless.android.sdk.stats.StartupPerformanceFirstUiShownEventOrBuilder: loaded 2 times (x 70B)
Class com.google.wireless.android.sdk.stats.TestRecorderDetailsOrBuilder              : loaded 2 times (x 70B)
Class com.google.protobuf.Extension                                                   : loaded 2 times (x 85B)
Class com.google.protobuf.MessageOrBuilder                                            : loaded 2 times (x 70B)
Class org.jetbrains.kotlin.scripting.definitions.CachingSequence                      : loaded 2 times (x 75B)
Class kotlin.script.experimental.host.ScriptingHostConfiguration$Builder              : loaded 2 times (x 72B)
Class org.jetbrains.kotlin.diagnostics.LightTreePositioningStrategies$VALUE_ARGUMENTS$1: loaded 2 times (x 74B)
Class org.jetbrains.kotlin.diagnostics.LightTreePositioningStrategies$COMPANION_OBJECT$1: loaded 2 times (x 74B)
Class org.jetbrains.kotlin.fir.expressions.impl.FirCheckedSafeCallSubjectImpl         : loaded 2 times (x 118B)
Class org.jetbrains.kotlin.fir.DfaType$BooleanLiteral                                 : loaded 2 times (x 71B)
Class org.jetbrains.kotlin.fir.scopes.impl.FirOverrideUtilsKt                         : loaded 2 times (x 71B)
Class org.jetbrains.kotlin.fir.resolve.dfa.cfg.PostponedLambdaExitNode                : loaded 2 times (x 82B)
Class org.jetbrains.kotlin.types.AbstractNullabilityChecker                           : loaded 2 times (x 71B)
Class com.google.common.collect.RegularImmutableBiMap$Inverse                         : loaded 2 times (x 143B)
Class org.jetbrains.kotlin.fir.scopes.FirOverrideServiceKt                            : loaded 2 times (x 71B)
Class org.jetbrains.kotlin.serialization.deserialization.ProtoBufContractDeserializer : loaded 2 times (x 76B)
Class org.jetbrains.kotlin.load.java.structure.impl.JavaPackageImpl                   : loaded 2 times (x 104B)
Class org.jetbrains.kotlin.cli.common.localfs.KotlinLocalVirtualFile$getChildren$$inlined$sortedBy$1: loaded 2 times (x 89B)
Class org.jetbrains.kotlin.fir.deserialization.AbstractFirDeserializedSymbolProvider$symbolNamesProvider$1: loaded 2 times (x 88B)
Class org.jetbrains.kotlin.fir.declarations.builder.FirClassBuilder                   : loaded 2 times (x 70B)
Class org.jetbrains.kotlin.resolve.jvm.JvmConstants                                   : loaded 2 times (x 71B)
Class [Lorg.jetbrains.kotlin.fir.types.ConeKotlinTypeProjection;                      : loaded 2 times (x 69B)
Class org.jetbrains.kotlin.resolve.calls.inference.components.TrivialConstraintTypeInferenceOracle$Companion: loaded 2 times (x 71B)
Class org.jetbrains.kotlin.fir.scopes.FirLookupDefaultStarImportsInSourcesSettingHolder: loaded 2 times (x 71B)
Class org.jetbrains.kotlin.util.TypeRegistry                                          : loaded 2 times (x 73B)
Class org.jetbrains.kotlin.diagnostics.PositioningStrategies$OUTERMOST_PARENTHESES_IN_ASSIGNMENT_LHS$1: loaded 2 times (x 74B)
Class org.jetbrains.kotlin.parsing.AbstractKotlinParsing                              : loaded 2 times (x 101B)
Class org.jetbrains.kotlin.asJava.KotlinAsJavaSupportBase$Companion                   : loaded 2 times (x 71B)
Class org.jetbrains.kotlin.metadata.ProtoBuf$QualifiedNameTable$QualifiedName$1       : loaded 2 times (x 144B)
Class kotlin.script.experimental.api.ExternalSourceCode                               : loaded 2 times (x 70B)
Class org.jetbrains.kotlin.load.java.JavaModuleAnnotationsProvider                    : loaded 2 times (x 70B)
Class it.unimi.dsi.fastutil.ints.AbstractIntSet                                       : loaded 2 times (x 233B)
Class org.jetbrains.kotlin.scripting.definitions.ScriptDefinitionProvider$Companion   : loaded 2 times (x 71B)
Class kotlin.script.experimental.api.ScriptAcceptedLocation                           : loaded 2 times (x 79B)
Class org.jetbrains.kotlin.fir.resolve.calls.tower.FirInvokeResolveTowerExtension$enqueueResolveTasksForImplicitInvokeCall$2: loaded 2 times (x 95B)
Class [Lorg.jetbrains.kotlin.psi.ValueArgumentName;                                   : loaded 2 times (x 69B)
Class org.jetbrains.kotlin.cli.jvm.compiler.KotlinCoreApplicationEnvironment          : loaded 2 times (x 94B)
Class com.google.protobuf.UnknownFieldSet                                             : loaded 2 times (x 87B)
Class org.jetbrains.kotlin.descriptors.DescriptorVisibilities$11                      : loaded 2 times (x 76B)
Class kotlin.internal.jdk8.JDK8PlatformImplementations                                : loaded 2 times (x 76B)
Class org.gradle.internal.classloader.VisitableURLClassLoader$InstrumentingVisitableURLClassLoader: loaded 2 times (x 123B)
Class com.google.wireless.android.sdk.stats.ComposePreviewLiteModeEvent               : loaded 2 times (x 197B)
Class com.google.wireless.android.sdk.stats.AndroidViewShowBuildFilesInModuleEvent    : loaded 2 times (x 195B)
Class com.google.wireless.android.sdk.stats.AdbServerState                            : loaded 2 times (x 203B)
Class com.google.wireless.android.sdk.stats.EditorPickerEvent                         : loaded 2 times (x 201B)
Class com.google.wireless.android.sdk.stats.ComposeDeployEventOrBuilder               : loaded 2 times (x 70B)
Class com.google.wireless.android.sdk.stats.FirebaseErrorDetailsOrBuilder             : loaded 2 times (x 70B)
Class com.google.wireless.android.sdk.stats.WhatsNewAssistantEventOrBuilder           : loaded 2 times (x 70B)
Class com.google.wireless.android.sdk.stats.AndroidStudioEventOrBuilder               : loaded 2 times (x 70B)
Class org.jetbrains.kotlin.fir.renderer.ConeAttributeRenderer$ToString                : loaded 2 times (x 72B)
Class com.android.ide.common.gradle.DEV                                               : loaded 2 times (x 77B)
Class org.jetbrains.kotlin.diagnostics.KtDiagnosticFactoryToRendererMap               : loaded 2 times (x 72B)
Class org.jetbrains.kotlin.diagnostics.OffsetsOnlyPositioningStrategy                 : loaded 2 times (x 75B)
Class org.jetbrains.kotlin.diagnostics.PositioningStrategies$PROPERTY_DELEGATE_BY_KEYWORD$1: loaded 2 times (x 74B)
Class org.jetbrains.kotlin.diagnostics.LightTreePositioningStrategies$NAME_OF_NAMED_ARGUMENT$1: loaded 2 times (x 74B)
Class org.jetbrains.kotlin.types.TypeApproximatorConfiguration$PublicDeclaration$ApproximateAnonymousTypes: loaded 2 times (x 85B)
Class org.jetbrains.kotlin.fir.types.ConeIntegerLiteralTypeExtensions                 : loaded 2 times (x 71B)
Class org.jetbrains.kotlin.fir.expressions.ExhaustivenessStatus$NotExhaustive         : loaded 2 times (x 72B)
Class org.jetbrains.kotlin.fir.resolve.calls.stages.ImplicitKind                      : loaded 2 times (x 79B)
Class org.jetbrains.kotlin.KtFakePsiSourceElementWithCustomOffsetStrategy             : loaded 2 times (x 80B)
Class org.jetbrains.kotlin.resolve.calls.inference.model.IncorporationConstraintPosition: loaded 2 times (x 72B)
Class org.jetbrains.kotlin.fir.resolve.dfa.PropertyStability                          : loaded 2 times (x 80B)
Class kotlin.sequences.SequencesKt__SequencesKt$sequenceOf$1$1                        : loaded 2 times (x 79B)
Class org.jetbrains.kotlin.fir.java.JavaTypeConversionKt                              : loaded 2 times (x 71B)
Class org.jetbrains.kotlin.fir.declarations.impl.FirPropertyImpl                      : loaded 2 times (x 215B)
Class com.google.wireless.android.sdk.stats.PreviewRefreshEventOrBuilder              : loaded 2 times (x 70B)
Class org.jetbrains.kotlin.fir.symbols.impl.FirFunctionWithoutNameSymbol              : loaded 2 times (x 79B)
Class org.jetbrains.kotlin.fir.resolve.dfa.cfg.TailrecExitNodeMarker                  : loaded 2 times (x 70B)
Class org.jetbrains.kotlin.fir.declarations.FirDeclarationOrigin$IntersectionOverride : loaded 2 times (x 72B)
Class [Lorg.jetbrains.kotlin.resolve.jvm.KotlinJavaPsiFacade$KotlinPsiElementFinderWrapper;: loaded 2 times (x 69B)
Class org.jetbrains.kotlin.utils.SmartSet$Companion                                   : loaded 2 times (x 71B)
Class org.jetbrains.kotlin.fir.expressions.FirOperation                               : loaded 2 times (x 79B)
Class [Lorg.jetbrains.kotlin.KtSourceElementKind;                                     : loaded 2 times (x 69B)
Class org.jetbrains.kotlin.fir.extensions.FirRegisteredPluginAnnotationsKt            : loaded 2 times (x 71B)
Class com.google.common.collect.MapMakerInternalMap$AbstractWeakKeyEntry              : loaded 2 times (x 87B)
Class org.jetbrains.kotlin.fir.resolve.ScopeSessionKey                                : loaded 2 times (x 71B)
Class org.jetbrains.kotlin.fir.java.enhancement.FirEnhancedSymbolsStorage             : loaded 2 times (x 72B)
Class org.jetbrains.kotlin.builtins.functions.FunctionTypeKind$KSuspendFunction       : loaded 2 times (x 77B)
Class kotlin.uuid.Uuid$Companion                                                      : loaded 2 times (x 71B)
Class com.android.ide.common.rendering.api.TextResourceValueImpl                      : loaded 2 times (x 112B)
Class com.google.wireless.android.sdk.stats.SuppressedSyncEventOrBuilder              : loaded 2 times (x 70B)
Class org.jetbrains.kotlin.lexer._JetLexer                                            : loaded 2 times (x 83B)
Class com.google.wireless.android.sdk.stats.PromptLibraryEventOrBuilder               : loaded 2 times (x 70B)
Class com.google.wireless.android.sdk.stats.WearPairingEvent                          : loaded 2 times (x 195B)
Class org.jetbrains.kotlin.metadata.ProtoBuf$QualifiedNameTable$1                     : loaded 2 times (x 144B)
Class org.jetbrains.kotlin.storage.LockBasedStorageManager$MapBasedMemoizedFunction   : loaded 2 times (x 82B)
Class org.gradle.internal.classloader.ClassLoaderVisitor                              : loaded 2 times (x 76B)
Class [Lkotlin.reflect.jvm.internal.impl.resolve.jvm.JvmPrimitiveType;                : loaded 2 times (x 69B)
Class [Lcom.google.common.collect.AbstractIterator$State;                             : loaded 2 times (x 69B)
Class org.jetbrains.kotlin.psi.stubs.elements.KtCollectionLiteralExpressionElementType: loaded 2 times (x 100B)
Class org.jetbrains.kotlin.psi.KtValueArgumentName                                    : loaded 2 times (x 447B)
Class org.jetbrains.kotlin.psi.KtTypeConstraintList                                   : loaded 2 times (x 442B)
Class [Lorg.jetbrains.kotlin.psi.KtParameter;                                         : loaded 2 times (x 69B)
Class org.jetbrains.kotlin.psi.KtParameter                                            : loaded 2 times (x 1225B)
Class org.apache.commons.io.file.PathUtils                                            : loaded 2 times (x 71B)
Class Build_gradle$1$3$2                                                              : loaded 2 times (x 75B)
Class org.jetbrains.kotlin.config.LanguageVersionSettings                             : loaded 2 times (x 70B)
Class com.android.utils.EnvironmentProvider$DirectEnvironmentProvider                 : loaded 2 times (x 80B)
Class kotlin.text.MatcherMatchResult$groupValues$1                                    : loaded 2 times (x 198B)
Class com.android.tools.lint.model.LintModelArtifactType                              : loaded 2 times (x 79B)
Class org.jetbrains.kotlin.config.JVMConfigurationKeys                                : loaded 2 times (x 71B)
Class org.jetbrains.kotlin.cli.jvm.compiler.KotlinCoreEnvironment$Companion           : loaded 2 times (x 71B)
Class org.jetbrains.kotlin.resolve.jvm.KotlinCliJavaFileManager                       : loaded 2 times (x 70B)
Class org.jetbrains.kotlin.descriptors.DescriptorVisibilities$12                      : loaded 2 times (x 76B)
Class org.gradle.kotlin.dsl.AndroidTestImplementationConfigurationAccessorsKt         : loaded 2 times (x 71B)
Class org.apache.commons.io.FileUtils                                                 : loaded 2 times (x 71B)
Class com.google.common.collect.MapMakerInternalMap$StrongKeyDummyValueEntry$Helper   : loaded 2 times (x 79B)
Class [Lcom.google.common.cache.CacheBuilder$NullListener;                            : loaded 2 times (x 69B)
Class org.gradle.internal.classloader.VisitableURLClassLoader$Spec                    : loaded 2 times (x 74B)
Class org.gradle.internal.classpath.DefaultClassPath                                  : loaded 2 times (x 90B)
Class com.google.wireless.android.sdk.stats.TestScenarioEventOrBuilder                : loaded 2 times (x 70B)
Class com.google.wireless.android.sdk.stats.GradleVersionCatalogDetectorEventOrBuilder: loaded 2 times (x 70B)
Class com.google.wireless.android.sdk.stats.AutoSyncSettingChangeEventOrBuilder       : loaded 2 times (x 70B)
Class com.google.wireless.android.sdk.stats.GcPauseEventOrBuilder                     : loaded 2 times (x 70B)
Class com.google.wireless.android.sdk.stats.OptInToMetricsOrBuilder                   : loaded 2 times (x 70B)
Class com.google.wireless.android.sdk.stats.StopEventOrBuilder                        : loaded 2 times (x 70B)
Class com.google.wireless.android.sdk.stats.DeviceInfoOrBuilder                       : loaded 2 times (x 70B)
Class [Lcom.google.wireless.android.sdk.stats.AndroidStudioEvent$IdeBrand;            : loaded 2 times (x 69B)
Class com.google.protobuf.Utf8$Processor                                              : loaded 2 times (x 77B)
Class com.google.protobuf.Reader                                                      : loaded 2 times (x 70B)
Class org.jetbrains.kotlin.KtFakeSourceElementKind$ScriptParameter                    : loaded 2 times (x 72B)
Class org.jetbrains.kotlin.fir.renderer.ConeTypeRendererForDebugging                  : loaded 2 times (x 79B)
Class org.jetbrains.kotlin.fir.resolve.calls.ImplicitReceiverValueForScriptOrSnippet  : loaded 2 times (x 85B)
Class org.jetbrains.kotlin.scripting.resolve.ScriptReportSink                         : loaded 2 times (x 70B)
Class org.jetbrains.kotlin.scripting.compiler.plugin.services.FirScriptConfiguratorExtensionImpl$Companion: loaded 2 times (x 71B)
Class org.jetbrains.kotlin.scripting.compiler.plugin.services.FirScriptConfiguratorExtensionImpl: loaded 2 times (x 78B)
Class org.jetbrains.kotlin.fir.expressions.FirOperationNameConventions                : loaded 2 times (x 71B)
Class [Lorg.jetbrains.kotlin.fir.declarations.FirClass;                               : loaded 2 times (x 69B)
Class org.jetbrains.kotlin.fir.resolve.dfa.cfg.ControlFlowGraphVisitor                : loaded 2 times (x 160B)
Class org.jetbrains.kotlin.fir.types.FirCorrespondingSupertypesCacheKt                : loaded 2 times (x 71B)
Class org.jetbrains.kotlin.fir.expressions.FirGetClassCall                            : loaded 2 times (x 134B)
Class org.jetbrains.kotlin.fir.declarations.FirDeclarationOrigin$SubstitutionOverride$DeclarationSite: loaded 2 times (x 72B)
Class org.jetbrains.kotlin.fir.scopes.impl.FirNameAwareOnlyCallablesScope             : loaded 2 times (x 82B)
Class org.jetbrains.kotlin.fir.types.ConeIntegerLiteralTypeImplKt                     : loaded 2 times (x 71B)
Class org.jetbrains.kotlin.fir.resolve.substitution.ConeTypeSubstitutorByTypeConstructorKt: loaded 2 times (x 71B)
Class org.jetbrains.kotlin.fir.scopes.impl.IsUnsignedForWrappedIntegerOperator        : loaded 2 times (x 71B)
Class org.jetbrains.kotlin.resolve.calls.inference.components.VariableFixationFinder$Context: loaded 2 times (x 70B)
Class org.jetbrains.kotlin.fir.resolve.calls.stages.CheckVisibility                   : loaded 2 times (x 72B)
Class org.jetbrains.kotlin.fir.resolve.dfa.cfg.Edge$Companion                         : loaded 2 times (x 71B)
Class org.jetbrains.kotlin.util.MetadataHelpersKt                                     : loaded 2 times (x 71B)
Class org.jetbrains.kotlin.load.java.typeEnhancement.NullabilityQualifier             : loaded 2 times (x 79B)
Class org.jetbrains.kotlin.fir.declarations.utils.DeclarationAttributesKt             : loaded 2 times (x 71B)
Class org.jetbrains.kotlin.fir.resolve.transformers.PublishedApiEffectiveVisibilityKt : loaded 2 times (x 71B)
Class org.jetbrains.kotlin.fir.scopes.impl.FirPackageMemberScope                      : loaded 2 times (x 79B)
Class [Lorg.jetbrains.kotlin.KtFakeSourceElementKind;                                 : loaded 2 times (x 69B)
Class org.jetbrains.kotlin.fir.resolve.FirSamResolver                                 : loaded 2 times (x 80B)
Class org.jetbrains.kotlin.fir.scopes.FirScope                                        : loaded 2 times (x 78B)
Class org.jetbrains.kotlin.protobuf.LazyStringArrayList                               : loaded 2 times (x 280B)
Class org.jetbrains.kotlin.parsing.LastBefore                                         : loaded 2 times (x 84B)
Class org.jetbrains.kotlin.lexer._JetLexer$State                                      : loaded 2 times (x 71B)
Class it.unimi.dsi.fastutil.ints.IntArrays                                            : loaded 2 times (x 71B)
Class org.jetbrains.kotlin.resolve.jvm.modules.JavaModuleResolver$SERVICE             : loaded 2 times (x 71B)
Class org.jetbrains.kotlin.cli.jvm.compiler.JvmPackagePartProvider                    : loaded 2 times (x 93B)
Class org.jetbrains.kotlin.psi.KtVisitorVoid                                          : loaded 2 times (x 310B)
Class org.jetbrains.kotlin.util.OperatorNameConventions                               : loaded 2 times (x 71B)
Class org.jetbrains.kotlin.psi.KtIsExpression                                         : loaded 2 times (x 502B)
Class org.jetbrains.kotlin.psi.KtDeclaration                                          : loaded 2 times (x 70B)
Class it.unimi.dsi.fastutil.Hash$Strategy                                             : loaded 2 times (x 70B)
Class kotlin.text.MatchGroup                                                          : loaded 2 times (x 72B)
Class org.jetbrains.kotlin.name.NameUtils                                             : loaded 2 times (x 71B)
Class com.android.tools.lint.model.LintModelDependencies                              : loaded 2 times (x 70B)
Class com.google.common.hash.AbstractHasher                                           : loaded 2 times (x 142B)
Class org.jetbrains.kotlin.fir.types.impl.FirImplicitThrowableTypeRef                 : loaded 2 times (x 109B)
Class [Lorg.jetbrains.kotlin.fir.caches.FirCachesFactory$ValueReferenceStrength;      : loaded 2 times (x 69B)
Class org.jetbrains.kotlin.mpp.CallableSymbolMarker                                   : loaded 2 times (x 70B)
Class org.jetbrains.org.objectweb.asm.Handler                                         : loaded 2 times (x 72B)
Class [Lorg.jetbrains.kotlin.build.report.metrics.GradleBuildTime;                    : loaded 2 times (x 69B)
Class org.jetbrains.kotlin.fir.deserialization.FirDeserializationExtension            : loaded 2 times (x 77B)
Class com.google.devtools.ksp.processing.KspGradleLogger                              : loaded 2 times (x 79B)
Class com.google.common.reflect.Types$ClassOwnership                                  : loaded 2 times (x 80B)
Class com.google.wireless.android.sdk.stats.AndroidTestRetentionEvent                 : loaded 2 times (x 197B)
Class [Lcom.google.gson.Strictness;                                                   : loaded 2 times (x 69B)
Class org.jetbrains.kotlin.descriptors.EffectiveVisibility$Protected                  : loaded 2 times (x 75B)
Class com.google.protobuf.AbstractMessage$BuilderParent                               : loaded 2 times (x 70B)
Class org.jetbrains.kotlin.fir.renderer.ConeIdRendererForDebugging                    : loaded 2 times (x 74B)
Class kotlin.script.experimental.api.ScriptEvaluationConfiguration$Companion          : loaded 2 times (x 71B)
Class org.jetbrains.kotlin.diagnostics.PositioningStrategies$PARAMETER_DEFAULT_VALUE$1: loaded 2 times (x 74B)
Class org.jetbrains.kotlin.diagnostics.LightTreePositioningStrategies$START_TO_OPERATOR$1: loaded 2 times (x 74B)
Class org.jetbrains.kotlin.diagnostics.LightTreePositioningStrategies$VALUE_ARGUMENTS_LIST$1: loaded 2 times (x 74B)
Class org.jetbrains.kotlin.diagnostics.LightTreePositioningStrategies$SUPERTYPES_LIST$1: loaded 2 times (x 74B)
Class org.jetbrains.kotlin.fir.types.CompilerConeAttributes$ContextFunctionTypeParams$Companion: loaded 2 times (x 71B)
Class org.jetbrains.kotlin.fir.renderer.FirResolvedNamedReferenceRenderer             : loaded 2 times (x 73B)
Class [Lorg.jetbrains.kotlin.fir.resolve.dfa.FirLocalVariableAssignmentAnalyzer$Companion$MiniFlow;: loaded 2 times (x 69B)
Class org.jetbrains.kotlin.fir.resolve.dfa.FirLocalVariableAssignmentAnalyzer$Companion$MiniFlow$Companion: loaded 2 times (x 71B)
Class org.jetbrains.kotlin.fir.declarations.FirDeclarationOrigin$RenamedForOverride   : loaded 2 times (x 72B)
Class org.jetbrains.kotlin.fir.java.enhancement.FirSignatureEnhancement$enhanceTypeParameterBoundsFirstRound$1$1: loaded 2 times (x 125B)
Class org.jetbrains.kotlin.fir.resolve.calls.NoValueForParameter                      : loaded 2 times (x 72B)
Class org.jetbrains.kotlin.utils.NumbersKt                                            : loaded 2 times (x 71B)
Class org.jetbrains.kotlin.KtFakeSourceElementKind$DesugaredAugmentedAssign           : loaded 2 times (x 72B)
Class org.jetbrains.kotlin.fir.references.impl.FirResolvedNamedReferenceImpl          : loaded 2 times (x 92B)
Class org.jetbrains.kotlin.fir.resolve.inference.CompletionModeCalculatorKt           : loaded 2 times (x 71B)
Class org.jetbrains.kotlin.resolve.calls.inference.model.RegularArgumentConstraintPosition: loaded 2 times (x 72B)
Class org.jetbrains.kotlin.fir.expressions.impl.FirThisReceiverExpressionImpl         : loaded 2 times (x 162B)
Class org.jetbrains.kotlin.fir.resolve.calls.stages.NoTypeArguments                   : loaded 2 times (x 72B)
Class org.jetbrains.kotlin.types.model.CapturedTypeMarker                             : loaded 2 times (x 70B)
Class [Lorg.jetbrains.kotlin.fir.declarations.Check;                                  : loaded 2 times (x 69B)
Class org.jetbrains.kotlin.fir.resolve.substitution.ConeSubstitutorByMap$Companion    : loaded 2 times (x 71B)
Class [Lorg.jetbrains.kotlin.fir.types.ConeClassLikeType;                             : loaded 2 times (x 69B)
Class org.jetbrains.kotlin.fir.symbols.impl.FirEnumEntrySymbol                        : loaded 2 times (x 79B)
Class org.jetbrains.kotlin.fir.extensions.FirExtensionDeclarationsSymbolProvider$Companion: loaded 2 times (x 71B)
Class org.jetbrains.kotlin.fir.resolve.TypeExpansionUtilsKt$fullyExpandedType$1       : loaded 2 times (x 125B)
Class [Lorg.jetbrains.kotlin.builtins.jvm.JavaToKotlinClassMap$PlatformMutabilityMapping;: loaded 2 times (x 69B)
Class org.jetbrains.kotlin.fir.deserialization.FirDeserializationContext              : loaded 2 times (x 72B)
Class org.jetbrains.kotlin.fir.symbols.ConeClassifierLookupTagWithFixedSymbol         : loaded 2 times (x 75B)
Class org.jetbrains.kotlin.fir.expressions.builder.FirLazyBlockBuilderKt              : loaded 2 times (x 71B)
Class org.jetbrains.kotlin.serialization.deserialization.descriptors.DeserializedContainerAbiStability: loaded 2 times (x 79B)
Class org.jetbrains.kotlin.fir.resolve.FirRegularTowerDataContexts$Companion          : loaded 2 times (x 71B)
Class org.jetbrains.kotlin.fir.resolve.calls.overloads.ConeOverloadConflictResolver   : loaded 2 times (x 73B)
Class org.jetbrains.kotlin.fir.resolve.ImplicitValueStorage                           : loaded 2 times (x 72B)
Class org.jetbrains.kotlin.fir.util.MutableMultimap                                   : loaded 2 times (x 70B)
Class org.jetbrains.kotlin.fir.resolve.providers.FirSymbolNamesProviderKt             : loaded 2 times (x 71B)
Class org.jetbrains.kotlin.fir.IsCatchParameterProperty                               : loaded 2 times (x 71B)
Class org.jetbrains.kotlin.KtRealSourceElementKind                                    : loaded 2 times (x 72B)
Class org.jetbrains.kotlin.fir.serialization.FirMetadataSerializerPlugin              : loaded 2 times (x 76B)
Class org.jetbrains.kotlin.fir.java.JvmSupertypeUpdater$DelegatedConstructorCallTransformer$Companion: loaded 2 times (x 71B)
Class org.jetbrains.kotlin.fir.scopes.FirOverrideChecker                              : loaded 2 times (x 70B)
Class [Lorg.jetbrains.kotlin.fir.types.ConeKotlinType;                                : loaded 2 times (x 69B)
Class org.jetbrains.kotlin.fir.types.builder.FirResolvedTypeRefBuilder                : loaded 2 times (x 76B)
Class org.jetbrains.kotlin.fir.resolve.inference.FirInferenceLogger                   : loaded 2 times (x 79B)
Class org.jetbrains.kotlin.fir.session.ComponentsContainersKt                         : loaded 2 times (x 71B)
Class [Lorg.jetbrains.kotlin.fir.FirSession$Kind;                                     : loaded 2 times (x 69B)
Class com.android.utils.PositionXmlParser$ParserFactoryFunction                       : loaded 2 times (x 70B)
Class org.jetbrains.kotlin.load.kotlin.FileBasedKotlinClass$4$2                       : loaded 2 times (x 106B)
Class org.jetbrains.kotlin.asJava.KotlinAsJavaSupport$Companion                       : loaded 2 times (x 71B)
Class org.jetbrains.kotlin.resolve.jvm.KotlinJavaPsiFacade$KotlinPsiElementFinderWrapperImplDumbAware: loaded 2 times (x 82B)
Class [Lorg.jetbrains.kotlin.fir.declarations.FirMemberDeclaration;                   : loaded 2 times (x 69B)
Class org.jetbrains.kotlin.utils.addToStdlib.AddToStdlibKt                            : loaded 2 times (x 71B)
Class [Lorg.jetbrains.kotlin.resolve.jvm.JvmPrimitiveType;                            : loaded 2 times (x 69B)
Class kotlinx.coroutines.internal.ListClosed                                          : loaded 2 times (x 74B)
Class org.jetbrains.kotlin.psi.KtSuperExpression                                      : loaded 2 times (x 438B)
Class org.jetbrains.kotlin.psi.stubs.elements.KtContractEffectElementType             : loaded 2 times (x 100B)
Class [Lorg.jetbrains.kotlin.psi.KtFileAnnotationList;                                : loaded 2 times (x 69B)
Class org.jetbrains.kotlin.psi.KtAnnotation                                           : loaded 2 times (x 444B)
Class org.jetbrains.kotlin.psi.KtAnnotationEntry                                      : loaded 2 times (x 519B)
Class org.jetbrains.kotlin.psi.stubs.KotlinConstructorStub                            : loaded 2 times (x 70B)
Class org.jetbrains.kotlin.psi.stubs.elements.KtBackingFieldElementType               : loaded 2 times (x 103B)
Class org.jetbrains.kotlin.psi.KtClassLikeDeclaration                                 : loaded 2 times (x 70B)
Class org.jetbrains.kotlin.idea.KotlinFileType                                        : loaded 2 times (x 94B)
Class org.jetbrains.kotlin.builtins.CompanionObjectMapping                            : loaded 2 times (x 71B)
Class org.jetbrains.kotlin.config.ApiVersion$Companion                                : loaded 2 times (x 71B)
Class org.jetbrains.kotlin.fir.resolve.providers.impl.FirTypeCandidateCollector$TypeResolutionResult$Resolved: loaded 2 times (x 72B)
Class org.jetbrains.kotlin.fir.java.enhancement.FirLazyJavaAnnotationList             : loaded 2 times (x 198B)
Class org.jetbrains.kotlin.fir.java.enhancement.FirEnhancedSymbolsStorage$FunctionEnhancementContext: loaded 2 times (x 72B)
Class kotlin.UInt$Companion                                                           : loaded 2 times (x 71B)
Class kotlin.UInt                                                                     : loaded 2 times (x 74B)
Class com.google.common.io.Java8Compatibility                                         : loaded 2 times (x 71B)
Class org.gradle.internal.classloader.ClassLoaderSpec                                 : loaded 2 times (x 71B)
Class org.jetbrains.kotlin.metadata.deserialization.VersionRequirement$Version$Companion: loaded 2 times (x 71B)
Class com.google.protobuf.ByteString$CodedBuilder                                     : loaded 2 times (x 72B)
Class com.google.wireless.android.play.playlog.proto.ClientAnalytics                  : loaded 2 times (x 71B)
Class com.google.protobuf.ByteString                                                  : loaded 2 times (x 101B)
Class com.google.wireless.android.sdk.stats.SigningWizardEvent                        : loaded 2 times (x 203B)
Class com.google.wireless.android.sdk.stats.AppQualityInsightsUsageEventOrBuilder     : loaded 2 times (x 70B)
Class com.android.tools.analytics.Environment                                         : loaded 2 times (x 73B)
Class org.jetbrains.kotlin.fir.resolve.dfa.cfg.InitBlockExitNode                      : loaded 2 times (x 84B)
Class org.jetbrains.kotlin.diagnostics.PsiPositioningStrategies$UNREACHABLE_CODE$1    : loaded 2 times (x 74B)
Class org.jetbrains.kotlin.diagnostics.LightTreePositioningStrategies$LONG_LITERAL_SUFFIX$1: loaded 2 times (x 74B)
Class org.jetbrains.kotlin.diagnostics.LightTreePositioningStrategies$VAL_OR_VAR_NODE$1: loaded 2 times (x 74B)
Class org.jetbrains.kotlin.load.java.structure.JavaAnnotationArgument                 : loaded 2 times (x 70B)
Class org.jetbrains.kotlin.fir.java.declarations.FirJavaValueParameter                : loaded 2 times (x 208B)
Class org.jetbrains.kotlin.fir.resolve.ResolutionMode$ReceiverResolution              : loaded 2 times (x 71B)
Class org.jetbrains.kotlin.fir.expressions.builder.FirUnitExpressionBuilder           : loaded 2 times (x 76B)
Class org.jetbrains.kotlin.fir.expressions.builder.FirEqualityOperatorCallBuilder     : loaded 2 times (x 84B)
Class org.jetbrains.kotlin.fir.resolve.transformers.IntegerLiteralAndOperatorApproximationTransformer$Companion: loaded 2 times (x 71B)
Class org.jetbrains.kotlin.fir.resolve.calls.ConePostponedAtomWithRevisableExpectedType: loaded 2 times (x 92B)
Class org.jetbrains.kotlin.fir.expressions.FirNamedArgumentExpression                 : loaded 2 times (x 121B)
Class [Lorg.jetbrains.kotlin.fir.resolve.calls.candidate.ImplicitInvokeMode;          : loaded 2 times (x 69B)
Class org.jetbrains.kotlin.fir.resolve.TypeExpansionUtilsKt$fullyExpandedType$2       : loaded 2 times (x 125B)
Class org.jetbrains.kotlin.fir.java.declarations.FirJavaConstructor                   : loaded 2 times (x 212B)
Class org.jetbrains.kotlin.fir.java.FirSyntheticPropertiesStorage$cacheByOwner$1$1    : loaded 2 times (x 74B)
Class org.jetbrains.kotlin.utils.SmartList$SingletonIterator                          : loaded 2 times (x 82B)
Class org.jetbrains.kotlin.fir.java.enhancement.EnhancementSignatureParts             : loaded 2 times (x 93B)
Class org.jetbrains.kotlin.types.model.TypeParameterMarker                            : loaded 2 times (x 70B)
Class org.jetbrains.kotlin.fir.java.declarations.FirJavaTypeParameter$BoundsEnhancementState$NotFinished: loaded 2 times (x 74B)
Class org.jetbrains.kotlin.fir.declarations.FirTowerDataContext                       : loaded 2 times (x 72B)
Class org.jetbrains.kotlin.fir.visitors.FirTransformerUtilKt                          : loaded 2 times (x 71B)
Class org.jetbrains.kotlin.fir.builder.PsiRawFirBuilder$WhenMappings                  : loaded 2 times (x 71B)
Class org.jetbrains.kotlin.KtFakeSourceElementKind                                    : loaded 2 times (x 72B)
Class [Lorg.jetbrains.kotlin.resolve.deprecation.DeprecationLevelValue;               : loaded 2 times (x 69B)
Class org.jetbrains.kotlin.fir.declarations.FirResolvedDeclarationStatus              : loaded 2 times (x 70B)
Class org.jetbrains.kotlin.fir.declarations.FirMustUseReturnValueStatusComponent$Disabled: loaded 2 times (x 75B)
Class org.jetbrains.kotlin.fir.ScopeSessionHolder                                     : loaded 2 times (x 70B)
Class org.jetbrains.kotlin.fir.types.impl.FirImplicitByteTypeRef                      : loaded 2 times (x 109B)
Class com.google.common.collect.AbstractMapBasedMultimap$1                            : loaded 2 times (x 84B)
Class com.android.ide.common.rendering.api.ResourceNamespace                          : loaded 2 times (x 80B)
Class org.jetbrains.kotlin.fir.java.enhancement.InheritedKtPrivateClassDataKeyKt      : loaded 2 times (x 71B)
Class it.unimi.dsi.fastutil.ints.IntArrays$ForkJoinQuickSortComp                      : loaded 2 times (x 96B)
Class org.jetbrains.kotlin.types.AbstractTypeRefiner$Default                          : loaded 2 times (x 72B)
Class kotlin.time.TimeSource                                                          : loaded 2 times (x 70B)
Class kotlin.reflect.jvm.internal.ReflectProperties$Val$1                             : loaded 2 times (x 71B)
Class org.jetbrains.kotlin.fir.resolve.dfa.LogicSystem                                : loaded 2 times (x 74B)
Class [Lorg.jetbrains.kotlin.psi.KtDoubleColonExpression;                             : loaded 2 times (x 69B)
Class [Lorg.jetbrains.kotlin.psi.KtElementImplStub;                                   : loaded 2 times (x 69B)
Class org.jetbrains.kotlin.psi.KtClass                                                : loaded 2 times (x 1099B)
Class org.jetbrains.kotlin.psi.KtAnnotated                                            : loaded 2 times (x 70B)
Class org.jetbrains.kotlin.fir.resolve.calls.tower.DispatchReceiverMemberScopeTowerLevel: loaded 2 times (x 75B)
Class com.android.tools.lint.model.LintModelSerialization$LintModelSerializationFileAdapter: loaded 2 times (x 87B)
Class org.jetbrains.kotlin.KtFakeSourceElementKind$ImplicitThisReceiverExpression     : loaded 2 times (x 72B)
Class com.android.prefs.VariableType                                                  : loaded 2 times (x 79B)
Class org.jetbrains.kotlin.fir.resolve.transformers.FirCallCompletionResultsWriterTransformerKt: loaded 2 times (x 71B)
Class org.jetbrains.kotlin.descriptors.DeclarationDescriptorWithVisibility            : loaded 2 times (x 70B)
Class org.jetbrains.org.objectweb.asm.tree.AbstractInsnNode                           : loaded 2 times (x 78B)
Class com.google.common.cache.CacheStats                                              : loaded 2 times (x 71B)
Class com.android.tools.analytics.CommonMetricsData$GarbageCollectionStatsDiffs       : loaded 2 times (x 71B)
Class com.google.wireless.android.sdk.stats.AndroidStudioEvent$EventKind              : loaded 2 times (x 87B)
Class com.google.wireless.android.sdk.stats.ProductDetails                            : loaded 2 times (x 223B)
Class com.google.wireless.android.sdk.stats.AssetStudioWizardEventOrBuilder           : loaded 2 times (x 70B)
Class com.google.protobuf.Internal$ListAdapter$Converter                              : loaded 2 times (x 70B)
Class kotlin.script.experimental.api.ResultWithDiagnostics                            : loaded 2 times (x 72B)
Class org.jetbrains.kotlin.fir.declarations.impl.FirAnonymousInitializerImpl          : loaded 2 times (x 122B)
Class [Lkotlin.script.experimental.util.PropertiesCollection;                         : loaded 2 times (x 69B)
Class org.jetbrains.kotlin.diagnostics.PositioningStrategies$FindReferencePositioningStrategy: loaded 2 times (x 74B)
Class org.jetbrains.kotlin.diagnostics.LightTreePositioningStrategies$PARAMETER_VARARG_MODIFIER$1: loaded 2 times (x 74B)
Class org.jetbrains.kotlin.diagnostics.WhenMissingCase$Unknown                        : loaded 2 times (x 72B)
Class org.jetbrains.kotlin.fir.expressions.impl.FirElseIfTrueCondition                : loaded 2 times (x 116B)
Class [Lorg.jetbrains.kotlin.fir.resolve.calls.stages.ImplicitKind;                   : loaded 2 times (x 69B)
Class org.jetbrains.kotlin.fir.resolve.dfa.cfg.FunctionExitNode                       : loaded 2 times (x 87B)
Class org.jetbrains.kotlin.utils.NumberWithRadix                                      : loaded 2 times (x 72B)
Class org.jetbrains.kotlin.fir.types.ConeIntegerLiteralConstantType                   : loaded 2 times (x 84B)
Class org.jetbrains.kotlin.fir.expressions.FirExpressionUtilKt                        : loaded 2 times (x 71B)
Class org.jetbrains.kotlin.fir.deserialization.FirTypeDeserializer$FlexibleTypeFactory$Default: loaded 2 times (x 75B)
Class org.jetbrains.kotlin.fir.types.CompilerConeAttributes$EnhancedNullability       : loaded 2 times (x 79B)
Class org.jetbrains.kotlin.fir.java.enhancement.FirAnnotationTypeQualifierResolverKt  : loaded 2 times (x 71B)
Class it.unimi.dsi.fastutil.objects.AbstractObject2IntMap                             : loaded 2 times (x 239B)
Class org.jetbrains.kotlin.fir.expressions.impl.FirLiteralExpressionImpl              : loaded 2 times (x 121B)
Class org.jetbrains.kotlin.fir.resolve.dfa.SyntheticVariable                          : loaded 2 times (x 73B)
Class org.jetbrains.kotlin.fir.extensions.FirSwitchableExtensionDeclarationsSymbolProviderKt: loaded 2 times (x 71B)
Class [Lorg.jetbrains.kotlin.fir.resolve.calls.overloads.ConeCallConflictResolver;    : loaded 2 times (x 69B)
Class org.jetbrains.kotlin.resolve.calls.tower.CandidateApplicability                 : loaded 2 times (x 79B)
Class org.jetbrains.kotlin.fir.resolve.inference.FirCallCompleter                     : loaded 2 times (x 75B)
Class org.jetbrains.kotlin.fir.resolve.dfa.cfg.CatchClauseEnterNode                   : loaded 2 times (x 82B)
Class org.jetbrains.kotlin.fir.resolve.dfa.Stack                                      : loaded 2 times (x 78B)
Class org.jetbrains.kotlin.resolve.jvm.KotlinJavaPsiFacade$PackageCache               : loaded 2 times (x 73B)
Class [Lorg.jetbrains.kotlin.fir.types.impl.ConeTypeParameterTypeImpl;                : loaded 2 times (x 69B)
Class [Lorg.jetbrains.kotlin.types.model.SimpleTypeMarker;                            : loaded 2 times (x 69B)
Class org.jetbrains.kotlin.fir.builder.AbstractRawFirBuilder                          : loaded 2 times (x 89B)
Class org.jetbrains.kotlin.KtFakeSourceElementKind$ImplicitConstructor                : loaded 2 times (x 72B)
Class com.google.common.collect.MapMakerInternalMap$WeakKeyStrongValueEntry$LinkedWeakKeyStrongValueEntry: loaded 2 times (x 90B)
Class [Lorg.jetbrains.kotlin.load.java.AnnotationQualifierApplicabilityType;          : loaded 2 times (x 69B)
Class org.jetbrains.kotlin.fir.scopes.impl.FirGeneratedMemberDeclarationsStorage$ClassifierStorage: loaded 2 times (x 72B)
Class org.jetbrains.kotlin.fir.extensions.FirExtensionService                         : loaded 2 times (x 83B)
Class org.jetbrains.kotlin.fir.declarations.DeprecatedSinceKotlinProvider             : loaded 2 times (x 73B)
Class org.jetbrains.kotlin.diagnostics.LightTreePositioningStrategies$ELSE_ENTRY$1    : loaded 2 times (x 74B)
Class com.android.resources.ResourceType                                              : loaded 2 times (x 79B)
Class org.jetbrains.kotlin.psi.utils.ConstantExpressionUtils                          : loaded 2 times (x 71B)
Class org.jetbrains.kotlin.serialization.DescriptorSerializerPlugin                   : loaded 2 times (x 70B)
Class org.jetbrains.kotlin.diagnostics.LightTreePositioningStrategies$SUPERTYPE_INITIALIZED_IN_EXPECTED_CLASS_DIAGNOSTIC$1: loaded 2 times (x 74B)
Class org.jetbrains.kotlin.load.kotlin.ModuleMappingUtilKt                            : loaded 2 times (x 71B)
Class org.jetbrains.kotlin.diagnostics.PositioningStrategies$WHEN_CONDITION_IN_RANGE$1: loaded 2 times (x 74B)
Class org.jetbrains.kotlin.diagnostics.PositioningStrategies$SELECTOR_BY_QUALIFIED$1  : loaded 2 times (x 74B)
Class org.jetbrains.kotlin.diagnostics.PositioningStrategies$IMPORT_LAST_NAME$1       : loaded 2 times (x 74B)
Class org.jetbrains.kotlin.fir.resolve.FirSamConversionTransformerExtension$Factory   : loaded 2 times (x 70B)
Class kotlinx.coroutines.scheduling.CoroutineScheduler$Worker                         : loaded 2 times (x 110B)
Class org.jetbrains.kotlin.fir.resolve.calls.tower.FirInvokeResolveTowerExtension$enqueueResolveTasksForImplicitInvokeCall$1: loaded 2 times (x 95B)
Class org.jetbrains.kotlin.psi.KtForExpression                                        : loaded 2 times (x 444B)
Class [Lorg.jetbrains.kotlin.psi.KtSuperTypeCallEntry;                                : loaded 2 times (x 69B)
Class [Lorg.jetbrains.kotlin.psi.KtDotQualifiedExpression;                            : loaded 2 times (x 69B)
Class org.jetbrains.kotlin.psi.KtAnnotationsContainer                                 : loaded 2 times (x 70B)
Class it.unimi.dsi.fastutil.doubles.Double2ObjectFunction                             : loaded 2 times (x 70B)
Class org.jetbrains.kotlin.cli.common.localfs.KotlinLocalFileSystem                   : loaded 2 times (x 103B)
Class org.jetbrains.kotlin.config.MavenComparableVersion$ListItem                     : loaded 2 times (x 218B)
Class com.google.wireless.android.sdk.stats.StudioBotToolWindowAutoOpenEventOrBuilder : loaded 2 times (x 70B)
Class com.google.wireless.android.sdk.stats.KotlinSupportDeclinedOrBuilder            : loaded 2 times (x 70B)
Class com.google.wireless.android.sdk.stats.IntellijProjectSizeStatsOrBuilder         : loaded 2 times (x 70B)
Class com.google.wireless.android.sdk.stats.IntellijIndexingStats                     : loaded 2 times (x 205B)
Class com.android.tools.lint.model.PathVariables                                      : loaded 2 times (x 72B)
Class com.google.wireless.android.sdk.stats.RenderToolEvent                           : loaded 2 times (x 207B)
Class com.google.common.collect.AbstractMapBasedMultimap$2                            : loaded 2 times (x 85B)
Class com.google.common.collect.ImmutableMultisetGwtSerializationDependencies         : loaded 2 times (x 125B)
Class [Lcom.google.common.base.Predicate;                                             : loaded 2 times (x 69B)
Class com.google.common.collect.Interners                                             : loaded 2 times (x 71B)
Class com.google.common.util.concurrent.AbstractFuture$Listener                       : loaded 2 times (x 72B)
Class Settings_gradle$1$1                                                             : loaded 2 times (x 74B)
Class org.gradle.api.internal.classpath.Module$ModuleAlias                            : loaded 2 times (x 70B)
Class com.google.protobuf.CodedOutputStream$UnsafeDirectNioEncoder                    : loaded 2 times (x 110B)
Class com.android.tools.analytics.HostData$memoryBean$2                               : loaded 2 times (x 78B)
Class com.google.wireless.android.sdk.stats.JourneyEngineErrorEvent                   : loaded 2 times (x 195B)
Class com.google.wireless.android.sdk.stats.OptInToMetrics                            : loaded 2 times (x 193B)
Class com.google.wireless.android.sdk.stats.DynamicLayoutInspectorEventOrBuilder      : loaded 2 times (x 70B)
Class com.google.wireless.android.sdk.stats.AdbUsageEventOrBuilder                    : loaded 2 times (x 70B)
Class org.jetbrains.kotlin.diagnostics.LightTreePositioningStrategies$SAFE_ACCESS$1   : loaded 2 times (x 74B)
Class org.jetbrains.kotlin.fir.resolve.calls.tower.FirInvokeResolveTowerExtensionKt   : loaded 2 times (x 71B)
Class org.jetbrains.kotlin.utils.Printer                                              : loaded 2 times (x 94B)
Class org.jetbrains.kotlin.fir.scopes.impl.FirScopeWithCallableCopyReturnTypeUpdater  : loaded 2 times (x 86B)
Class org.jetbrains.kotlin.fir.resolve.calls.overloads.ConeEquivalentCallConflictResolver$filterOutEquivalentCalls$$inlined$sortedBy$1: loaded 2 times (x 89B)
Class org.jetbrains.kotlin.fir.expressions.FirCheckNotNullCall                        : loaded 2 times (x 147B)
Class org.jetbrains.kotlin.fir.resolve.inference.LambdaAnalyzer                       : loaded 2 times (x 70B)
Class org.jetbrains.kotlin.fir.expressions.FirSmartCastExpression                     : loaded 2 times (x 125B)
Class [Lorg.jetbrains.kotlin.fir.resolve.calls.stages.ResolutionStage;                : loaded 2 times (x 69B)
Class org.jetbrains.kotlin.fir.resolve.TypeExpansionUtilsKt$fullyExpandedType$4       : loaded 2 times (x 125B)
Class org.jetbrains.kotlin.descriptors.EffectiveVisibility$Unknown                    : loaded 2 times (x 75B)
Class org.jetbrains.kotlin.load.java.JavaDefaultQualifiersKt                          : loaded 2 times (x 71B)
Class org.jetbrains.kotlin.fir.declarations.utils.FileNameForPluginGeneratedCallable  : loaded 2 times (x 71B)
Class org.jetbrains.kotlin.fir.resolve.calls.tower.InvokeResolvePriority              : loaded 2 times (x 79B)
Class org.jetbrains.kotlin.fir.resolve.transformers.plugin.AbstractFirSpecificAnnotationResolveTransformer$FirEnumAnnotationArgumentsTransformer: loaded 2 times (x 439B)
Class org.jetbrains.kotlin.fir.resolve.transformers.FirAbstractTreeTransformer        : loaded 2 times (x 395B)
Class org.jetbrains.kotlin.fir.FirFunctionTarget                                      : loaded 2 times (x 82B)
Class org.jetbrains.kotlin.cli.jvm.compiler.CliVirtualFileFinder                      : loaded 2 times (x 91B)
Class org.jetbrains.kotlin.load.java.AbstractAnnotationTypeQualifierResolver          : loaded 2 times (x 77B)
Class org.jetbrains.kotlin.fir.caches.FirCachesFactory$ValueReferenceStrength         : loaded 2 times (x 79B)
Class com.google.common.collect.StandardTable$CellIterator                            : loaded 2 times (x 83B)
Class com.google.wireless.android.sdk.stats.EditorHighlightingStats                   : loaded 2 times (x 199B)
Class com.google.wireless.android.sdk.stats.GarbageCollectionStatsOrBuilder           : loaded 2 times (x 70B)
Class org.gradle.internal.classloader.DefaultClassLoaderFactory                       : loaded 2 times (x 82B)
Class org.jetbrains.kotlin.extensions.AnnotationBasedExtension                        : loaded 2 times (x 70B)
Class org.jetbrains.kotlin.metadata.jvm.deserialization.ModuleMapping$Companion       : loaded 2 times (x 71B)
Class org.jetbrains.kotlin.lexer.KotlinLexer                                          : loaded 2 times (x 86B)
Class org.jetbrains.kotlin.psi.ValueArgumentName                                      : loaded 2 times (x 70B)
Class [Lorg.jetbrains.kotlin.psi.KtExpressionImplStub;                                : loaded 2 times (x 69B)
Class org.jetbrains.kotlin.psi.KtDeclarationWithReturnType                            : loaded 2 times (x 70B)
Class org.jetbrains.kotlin.psi.KtPureClassOrObject                                    : loaded 2 times (x 70B)
Class com.google.common.base.Suppliers                                                : loaded 2 times (x 71B)
Class [Lorg.jetbrains.kotlin.utils.DescriptionAware;                                  : loaded 2 times (x 69B)
Class com.android.ide.common.gradle.Version$Companion$ParseState                      : loaded 2 times (x 70B)
Class [Lcom.google.common.cache.CacheBuilder$OneWeigher;                              : loaded 2 times (x 69B)
Class org.jetbrains.kotlin.cli.common.ModuleVisibilityHelperImpl                      : loaded 2 times (x 74B)
Class kotlin.io.FileTreeWalk$DirectoryState                                           : loaded 2 times (x 73B)
Class org.gradle.internal.classloader.VisitableURLClassLoader                         : loaded 2 times (x 117B)
Class com.google.common.collect.MapMakerInternalMap$StrongKeyDummyValueEntry$LinkedStrongKeyDummyValueEntry: loaded 2 times (x 82B)
Class com.google.wireless.android.play.playlog.proto.ClientAnalytics$LogEvent$1       : loaded 2 times (x 151B)
Class com.google.wireless.android.sdk.stats.DaemonCodeAnalyzerFinishedEvent           : loaded 2 times (x 211B)
Class com.google.wireless.android.sdk.stats.DefaultActivityLocatorStats               : loaded 2 times (x 201B)
Class com.google.wireless.android.sdk.stats.GradlePluginUpgradeDialogStats            : loaded 2 times (x 208B)
Class com.google.wireless.android.sdk.stats.SentimentSurveyEvent                      : loaded 2 times (x 201B)
Class com.google.wireless.android.sdk.stats.LayoutInspectorEvent                      : loaded 2 times (x 201B)
Class com.google.wireless.android.sdk.stats.FirebaseErrorDetails                      : loaded 2 times (x 197B)
Class com.google.wireless.android.sdk.stats.StudioToolWindowActionStatsOrBuilder      : loaded 2 times (x 70B)
Class com.google.wireless.android.sdk.stats.ProductDetailsOrBuilder                   : loaded 2 times (x 70B)
Class com.google.wireless.android.sdk.stats.LintSessionOrBuilder                      : loaded 2 times (x 70B)
Class com.google.protobuf.ExtensionRegistryLite                                       : loaded 2 times (x 74B)
Class kotlin.script.experimental.api.KotlinType                                       : loaded 2 times (x 72B)
Class kotlin.script.experimental.jvm.JvmGetScriptingClass                             : loaded 2 times (x 78B)
Class org.jetbrains.kotlin.diagnostics.PositioningStrategies$DELEGATED_SUPERTYPE_BY_KEYWORD$1: loaded 2 times (x 74B)
Class org.jetbrains.kotlin.diagnostics.PositioningStrategies$FOR_REDECLARATION$1      : loaded 2 times (x 74B)
Class org.jetbrains.kotlin.diagnostics.PositioningStrategy                            : loaded 2 times (x 74B)
Class org.jetbrains.kotlin.fir.resolve.dfa.FirLocalVariableAssignmentAnalyzer$Companion$MiniFlow: loaded 2 times (x 72B)
Class org.jetbrains.kotlin.resolve.calls.results.FlatSignatureComparisonState         : loaded 2 times (x 72B)
Class org.jetbrains.kotlin.fir.expressions.impl.FirElvisExpressionImpl                : loaded 2 times (x 135B)
Class org.jetbrains.kotlin.fir.resolve.calls.VisibilityUtilsKt                        : loaded 2 times (x 71B)
Class org.jetbrains.kotlin.fir.resolve.calls.stages.ResolutionStageRunner$processCandidate$1: loaded 2 times (x 95B)
Class org.jetbrains.kotlin.resolve.jvm.diagnostics.JvmDeclarationOriginKind           : loaded 2 times (x 79B)
Class org.jetbrains.kotlin.fir.builder.PsiRawFirBuilder$Visitor$buildOrLazyExpression$1: loaded 2 times (x 75B)
Class org.jetbrains.kotlin.fir.scopes.FirScopeKt                                      : loaded 2 times (x 71B)
Class org.jetbrains.kotlin.fir.java.JavaAnnotationsMappingKt$buildFirAnnotation$argumentMapping$1: loaded 2 times (x 89B)
Class Build_gradle$1$3$1                                                              : loaded 2 times (x 75B)
Class org.jetbrains.kotlin.load.java.typeEnhancement.TypeEnhancementUtilsKt           : loaded 2 times (x 71B)
Class org.jetbrains.kotlin.fir.java.VirtualFileBasedSourceElement                     : loaded 2 times (x 75B)
Class org.jetbrains.kotlin.load.java.structure.impl.VirtualFileBoundJavaClass         : loaded 2 times (x 70B)
Class it.unimi.dsi.fastutil.objects.Object2IntMap                                     : loaded 2 times (x 70B)
Class [Lorg.jetbrains.kotlin.fir.FirPureAbstractElement;                              : loaded 2 times (x 69B)
Class org.jetbrains.kotlin.fir.resolve.transformers.SupertypeComputationSession$supertypesSupplier$1: loaded 2 times (x 74B)
Class org.jetbrains.kotlin.fir.scopes.impl.FirExplicitSimpleImportingScope            : loaded 2 times (x 85B)
Class org.jetbrains.kotlin.fir.resolve.dfa.cfg.FunctionCallArgumentsExitNode          : loaded 2 times (x 82B)
Class [Lorg.jetbrains.kotlin.fir.resolve.dfa.cfg.CatchClauseEnterNode;                : loaded 2 times (x 69B)
Class org.jetbrains.kotlin.fir.types.impl.ConeTypeParameterTypeImpl                   : loaded 2 times (x 83B)
Class org.jetbrains.kotlin.fir.builder.PsiRawFirBuilder                               : loaded 2 times (x 106B)
Class org.jetbrains.kotlin.fir.FirDeclarationNameInvalidCharsProvider                 : loaded 2 times (x 72B)
Class org.jetbrains.kotlin.fir.types.impl.FirImplicitEnumTypeRef                      : loaded 2 times (x 109B)
Class [Lcom.android.resources.ScreenRound;                                            : loaded 2 times (x 69B)
Class org.objectweb.asm.signature.SignatureWriter                                     : loaded 2 times (x 88B)
Class kotlinx.coroutines.EventLoopImplPlatform                                        : loaded 2 times (x 107B)
Class org.jetbrains.kotlin.parsing.KotlinParsing$ModifierDetector                     : loaded 2 times (x 78B)
Class org.jetbrains.kotlin.utils.SmartList                                            : loaded 2 times (x 201B)
Class org.jetbrains.kotlin.types.DefaultTypeAttributeTranslator                       : loaded 2 times (x 75B)
Class org.jetbrains.kotlin.storage.LockBasedStorageManager$ExceptionHandlingStrategy  : loaded 2 times (x 70B)
Class kotlin.reflect.jvm.internal.KClassImpl                                          : loaded 2 times (x 115B)
Class com.android.tools.lint.model.LintModelModule                                    : loaded 2 times (x 70B)
Class org.jetbrains.kotlin.psi.stubs.KotlinContextReceiverStub                        : loaded 2 times (x 70B)
Class org.jetbrains.kotlin.psi.stubs.elements.KtStringTemplateExpressionElementType   : loaded 2 times (x 103B)
Class com.google.gson.JsonSyntaxException                                             : loaded 2 times (x 82B)
Class org.jetbrains.kotlin.config.JvmTarget$Companion                                 : loaded 2 times (x 71B)
Class com.android.ide.common.repository.AgpVersion$Companion                          : loaded 2 times (x 71B)
Class org.jetbrains.kotlin.psi.stubs.elements.KtPropertyElementType                   : loaded 2 times (x 104B)
Class com.android.prefs.AbstractAndroidLocations                                      : loaded 2 times (x 82B)
Class com.google.common.collect.ImmutableList$SerializedForm                          : loaded 2 times (x 73B)
Class Settings_gradle                                                                 : loaded 2 times (x 124B)
Class org.gradle.internal.Cast                                                        : loaded 2 times (x 71B)
Class org.gradle.api.Action                                                           : loaded 2 times (x 70B)
Class [Lorg.jetbrains.kotlin.psi.KtBackingField;                                      : loaded 2 times (x 69B)
Class com.google.wireless.android.sdk.stats.NavEditorEventOrBuilder                   : loaded 2 times (x 70B)
Class com.google.wireless.android.sdk.stats.InstantRunOrBuilder                       : loaded 2 times (x 70B)
Class com.android.tools.analytics.AnalyticsSettingsData$Companion                     : loaded 2 times (x 71B)
Class kotlin.script.experimental.api.ScriptIdeConfigurationKt                         : loaded 2 times (x 71B)
Class kotlin.script.experimental.jvm.JvmScriptingHostConfigurationKt                  : loaded 2 times (x 71B)
Class org.jetbrains.kotlin.diagnostics.PositioningStrategies$IF_EXPRESSION$1          : loaded 2 times (x 74B)
Class org.jetbrains.kotlin.diagnostics.PositioningStrategies$WHEN_GUARD$1             : loaded 2 times (x 74B)
Class org.jetbrains.kotlin.diagnostics.LightTreePositioningStrategies$DOT_BY_QUALIFIED$1: loaded 2 times (x 74B)
Class org.jetbrains.kotlin.fir.expressions.FirAnnotationResolvePhase                  : loaded 2 times (x 79B)
Class org.jetbrains.kotlin.fir.resolve.TypeExpansionUtilsKt$fullyExpandedType$6       : loaded 2 times (x 125B)
Class org.jetbrains.kotlin.fir.expressions.builder.FirResolvedQualifierBuilder        : loaded 2 times (x 114B)
Class org.jetbrains.kotlin.fir.expressions.FirSuperReceiverExpression                 : loaded 2 times (x 160B)
Class org.jetbrains.kotlin.parsing.ParseUtilsKt                                       : loaded 2 times (x 71B)
Class org.jetbrains.kotlin.fir.expressions.FirJump                                    : loaded 2 times (x 117B)
Class org.jetbrains.kotlin.types.TypeApproximatorConfiguration$IntermediateApproximationToSupertypeAfterCompletionInK2: loaded 2 times (x 86B)
Class org.jetbrains.kotlin.fir.resolve.calls.stages.ResolutionStageRunner$processCandidate$2: loaded 2 times (x 76B)
Class org.jetbrains.kotlin.fir.types.ConeTypePreparator                               : loaded 2 times (x 73B)
Class org.jetbrains.kotlin.load.java.BuiltinSpecialProperties                         : loaded 2 times (x 71B)
Class org.jetbrains.kotlin.metadata.ProtoBuf$Effect$EffectConditionKind               : loaded 2 times (x 82B)
Class org.jetbrains.kotlin.load.java.typeEnhancement.JavaTypeQualifiers$Companion     : loaded 2 times (x 71B)
Class org.jetbrains.kotlin.fir.types.FirTypeUtilsKt                                   : loaded 2 times (x 71B)
Class org.jetbrains.kotlin.fir.declarations.impl.FirDefaultSetterValueParameter       : loaded 2 times (x 207B)
Class [Lorg.jetbrains.kotlin.fir.declarations.FirPropertyBodyResolveState;            : loaded 2 times (x 69B)
Class [Lorg.jetbrains.kotlin.resolve.ReturnValueStatus;                               : loaded 2 times (x 69B)
Class [Lorg.jetbrains.kotlin.psi.KtScript;                                            : loaded 2 times (x 69B)
Class [Lorg.jetbrains.kotlin.fir.resolve.dfa.cfg.ControlFlowGraph;                    : loaded 2 times (x 69B)
Class org.jetbrains.kotlin.fir.resolve.dfa.cfg.ControlFlowGraph                       : loaded 2 times (x 72B)
Class org.jetbrains.kotlin.fir.IsNewPlaceForBodyGeneration                            : loaded 2 times (x 71B)
Class org.jetbrains.kotlin.fir.declarations.builder.FirAbstractConstructorBuilder     : loaded 2 times (x 70B)
Class org.jetbrains.kotlin.psi.KtWhenEntryGuard                                       : loaded 2 times (x 375B)
Class org.jetbrains.kotlin.fir.impl.FirPackageDirectiveImpl                           : loaded 2 times (x 89B)
Class org.jetbrains.kotlin.cli.jvm.index.JvmDependenciesIndexImpl$ClassSearchResult$NotFound: loaded 2 times (x 71B)
Class org.jetbrains.kotlin.fir.extensions.FirTypeAttributeExtension                   : loaded 2 times (x 77B)
Class kotlin.reflect.jvm.internal.impl.name.FqName                                    : loaded 2 times (x 72B)
Class org.jetbrains.kotlin.fir.declarations.impl.FirResolvedDeclarationStatusImpl     : loaded 2 times (x 202B)
Class org.jetbrains.kotlin.storage.DefaultSimpleLock                                  : loaded 2 times (x 78B)
Class org.jetbrains.kotlin.mpp.SimpleFunctionSymbolMarker                             : loaded 2 times (x 70B)
Class org.jetbrains.kotlin.mpp.ConstructorSymbolMarker                                : loaded 2 times (x 70B)
Class org.jetbrains.kotlin.fir.scopes.FirDefaultImportsProviderHolder                 : loaded 2 times (x 72B)
Class org.jetbrains.kotlin.fir.types.impl.FirImplicitLongTypeRef                      : loaded 2 times (x 109B)
Class org.jetbrains.kotlin.load.kotlin.VirtualFileFinderFactory                       : loaded 2 times (x 70B)
Class com.android.ide.common.resources.configuration.ResourceQualifier                : loaded 2 times (x 88B)
Class org.jetbrains.kotlin.parsing.KotlinParser                                       : loaded 2 times (x 75B)
Class org.jetbrains.kotlin.psi.KtNameReferenceExpression$Companion                    : loaded 2 times (x 71B)
Class it.unimi.dsi.fastutil.ints.IntArrays$ArrayHashStrategy                          : loaded 2 times (x 75B)
Class org.jetbrains.kotlin.metadata.jvm.JvmModuleProtoBuf$PackageParts$1              : loaded 2 times (x 144B)
Class com.android.ide.common.resources.configuration.LayoutDirectionQualifier         : loaded 2 times (x 91B)
Class org.jetbrains.kotlin.types.model.TypeConstructorMarker                          : loaded 2 times (x 70B)
Class kotlin.time.ComparableTimeMark                                                  : loaded 2 times (x 70B)
Class org.jetbrains.kotlin.fir.scopes.FirPlatformClassMapper$Default                  : loaded 2 times (x 75B)
Class kotlin.reflect.jvm.internal.impl.name.ClassId$Companion                         : loaded 2 times (x 71B)
Class kotlin.reflect.jvm.internal.impl.load.java.JvmAnnotationNames                   : loaded 2 times (x 71B)
Class org.jetbrains.kotlin.fir.expressions.FirStatement                               : loaded 2 times (x 70B)
Class org.jetbrains.kotlin.fir.symbols.FirBasedSymbol                                 : loaded 2 times (x 72B)
Class org.jetbrains.kotlin.fir.declarations.FirTypeSpecificityComparatorProvider      : loaded 2 times (x 72B)
Class org.jetbrains.kotlin.psi.KtOperationReferenceExpression                         : loaded 2 times (x 568B)
Class org.jetbrains.kotlin.psi.KtConstantExpression                                   : loaded 2 times (x 502B)
Class org.jetbrains.kotlin.psi.KtValueArgumentList                                    : loaded 2 times (x 450B)
Class org.jetbrains.kotlin.psi.stubs.KotlinAnnotationEntryStub                        : loaded 2 times (x 70B)
Class kotlinx.coroutines.JobKt__JobKt                                                 : loaded 2 times (x 71B)
Class org.jetbrains.kotlin.compiler.plugin.CompilerPluginRegistrar                    : loaded 2 times (x 74B)
Class org.jetbrains.kotlin.cli.common.messages.GradleStyleMessageRenderer             : loaded 2 times (x 78B)
Class com.android.ide.common.gradle.Version$Companion                                 : loaded 2 times (x 71B)
Class com.android.tools.lint.model.DefaultLintModelMavenName                          : loaded 2 times (x 85B)
Class org.jetbrains.kotlin.fir.resolve.providers.FirSymbolProviderKt                  : loaded 2 times (x 71B)
Class org.jetbrains.kotlin.fir.extensions.BunchOfRegisteredExtensions                 : loaded 2 times (x 72B)
Class org.jetbrains.kotlin.fir.extensions.FirSupertypeGenerationExtension             : loaded 2 times (x 78B)
Class org.jetbrains.org.objectweb.asm.tree.TypeInsnNode                               : loaded 2 times (x 78B)
Class [Lorg.jetbrains.kotlin.fir.types.ConeLookupTagBasedType;                        : loaded 2 times (x 69B)
Class com.google.common.io.Resources                                                  : loaded 2 times (x 71B)
Class com.google.common.base.Ticker                                                   : loaded 2 times (x 72B)
Class com.google.wireless.android.sdk.stats.EmulatorHostOrBuilder                     : loaded 2 times (x 70B)
Class [Lcom.android.tools.analytics.Environment$EnvironmentVariable;                  : loaded 2 times (x 69B)
Class com.google.protobuf.Utf8$SafeProcessor                                          : loaded 2 times (x 77B)
Class org.jetbrains.kotlin.fir.resolve.calls.tower.TowerGroupKind$InvokeExtensionWithImplicitReceiver: loaded 2 times (x 76B)
Class org.jetbrains.kotlin.scripting.compiler.plugin.services.ScriptConfigurationUtilsKt: loaded 2 times (x 71B)
Class kotlin.script.experimental.api.ScriptCompilationKt                              : loaded 2 times (x 71B)
Class kotlin.script.experimental.util.PropertiesCollection$Companion                  : loaded 2 times (x 71B)
Class org.jetbrains.kotlin.diagnostics.PositioningStrategies$FUNCTION_TYPE_RECEIVER$1 : loaded 2 times (x 74B)
Class org.jetbrains.kotlin.diagnostics.LightTreePositioningStrategies$NAME_IDENTIFIER$1: loaded 2 times (x 74B)
Class org.jetbrains.kotlin.diagnostics.LightTreePositioningStrategies$InlineFunLightTreePositioningStrategy: loaded 2 times (x 75B)
Class org.jetbrains.kotlin.fir.expressions.impl.FirSafeCallExpressionImpl             : loaded 2 times (x 123B)
Class org.jetbrains.kotlin.fir.declarations.FirOuterClassTypeParameterRef             : loaded 2 times (x 96B)
Class org.jetbrains.kotlin.fir.types.ConeIntegerLiteralType$Companion                 : loaded 2 times (x 71B)
Class org.jetbrains.kotlin.fir.types.ConeIntegerLiteralConstantTypeImpl               : loaded 2 times (x 85B)
Class org.jetbrains.kotlin.fir.java.scopes.JavaClassUseSiteMemberScope$collectProperties$$inlined$collectIntersectionResultsForCallables$1: loaded 2 times (x 75B)
Class org.jetbrains.kotlin.utils.DFS                                                  : loaded 2 times (x 71B)
Class org.jetbrains.kotlin.KtFakeSourceElementKind$ImplicitUnit                       : loaded 2 times (x 72B)
Class org.jetbrains.kotlin.fir.resolve.substitution.SubstitutionUtilitiesKt           : loaded 2 times (x 71B)
Class org.jetbrains.kotlin.fir.resolve.calls.ResolutionDiagnosticKt                   : loaded 2 times (x 71B)
Class org.jetbrains.kotlin.fir.resolve.calls.stages.ConstraintSystemForks             : loaded 2 times (x 72B)
Class org.jetbrains.kotlin.fir.resolve.dfa.Flow                                       : loaded 2 times (x 76B)
Class org.jetbrains.kotlin.fir.declarations.impl.FirDefaultPropertySetter             : loaded 2 times (x 240B)
Class org.jetbrains.kotlin.types.ConstantValueKind                                    : loaded 2 times (x 72B)
Class org.jetbrains.kotlin.fir.java.deserialization.AnnotationsLoader$AnnotationsLoaderVisitorImpl: loaded 2 times (x 88B)
Class org.jetbrains.kotlin.fir.expressions.FirResolvable                              : loaded 2 times (x 70B)
Class org.jetbrains.kotlin.fir.declarations.utils.FirScriptCustomizationKind          : loaded 2 times (x 79B)
Class org.jetbrains.kotlin.fir.resolve.calls.tower.TowerGroupKind$WithDepth           : loaded 2 times (x 76B)
Class [Lorg.jetbrains.kotlin.fir.resolve.dfa.cfg.SplitPostponedLambdasNode;           : loaded 2 times (x 69B)
Class org.jetbrains.kotlin.fir.declarations.FirVersionRequirementsTableKey            : loaded 2 times (x 71B)
Class org.jetbrains.kotlin.fir.symbols.impl.ConeClassLikeLookupTagWithFixedSymbol     : loaded 2 times (x 76B)
Class org.jetbrains.kotlin.fir.declarations.FirResolveState                           : loaded 2 times (x 72B)
Class org.jetbrains.kotlin.fir.declarations.FirContractDescriptionOwner               : loaded 2 times (x 70B)
Class org.jetbrains.kotlin.metadata.builtins.BuiltInsBinaryVersion$Companion          : loaded 2 times (x 71B)
Class org.jetbrains.kotlin.fir.extensions.FirFunctionTypeKindExtension$FunctionTypeKindRegistrar: loaded 2 times (x 70B)
Class org.jetbrains.kotlin.fir.scopes.impl.FirIntersectionOverrideStorage$special$$inlined$createCache$1: loaded 2 times (x 75B)
Class org.jetbrains.kotlin.types.model.TypeSystemTypeFactoryContext                   : loaded 2 times (x 70B)
Class org.jetbrains.kotlin.fir.types.impl.FirImplicitCharSequenceTypeRef              : loaded 2 times (x 109B)
Class org.jetbrains.kotlin.fir.types.CompilerConeAttributes$ExtensionFunctionType     : loaded 2 times (x 79B)
Class org.jetbrains.kotlin.util.AbstractArrayMapOwner                                 : loaded 2 times (x 81B)
Class org.jetbrains.kotlin.load.kotlin.FileBasedKotlinClass$4$1                       : loaded 2 times (x 77B)
Class com.android.SdkConstants                                                        : loaded 2 times (x 71B)
Class kotlin.reflect.jvm.internal.KClassImpl$Data$$Lambda$10                          : loaded 2 times (x 76B)
Class kotlin.reflect.jvm.internal.KDeclarationContainerImpl$Data$$Lambda$0            : loaded 2 times (x 76B)
Class org.jetbrains.kotlin.fir.expressions.builder.FirArgumentListBuilder             : loaded 2 times (x 72B)
Class org.jetbrains.kotlin.psi.KtArrayAccessExpression                                : loaded 2 times (x 504B)
Class org.jetbrains.kotlin.psi.KtFunctionTypeReceiver                                 : loaded 2 times (x 442B)
Class [Lorg.jetbrains.kotlin.psi.KtNullableType;                                      : loaded 2 times (x 69B)
Class org.jetbrains.kotlin.config.JvmTarget                                           : loaded 2 times (x 83B)
Class org.jetbrains.kotlin.load.java.typeEnhancement.AbstractSignatureParts           : loaded 2 times (x 92B)
Class org.jetbrains.kotlin.load.java.typeEnhancement.TypeComponentPosition            : loaded 2 times (x 79B)
Class org.jetbrains.kotlin.fir.resolve.providers.impl.AbstractFirBuiltinSymbolProvider$BuiltInsPackageFragmentWrapper$classCache$2$1: loaded 2 times (x 125B)
Class org.jetbrains.kotlin.load.java.structure.JavaPrimitiveType                      : loaded 2 times (x 70B)
Class com.google.devtools.ksp.processing.KSPConfig                                    : loaded 2 times (x 72B)
Class [Lcom.google.common.cache.LocalCache$Segment;                                   : loaded 2 times (x 69B)
Class [Lcom.google.common.cache.LocalCache$Strength;                                  : loaded 2 times (x 69B)
Class com.google.common.cache.CacheBuilder$1                                          : loaded 2 times (x 85B)
Class org.gradle.internal.classpath.DefaultClassPath$ImmutableUniqueList$Builder      : loaded 2 times (x 75B)
Class com.google.wireless.android.play.playlog.proto.ClientAnalytics$LogEvent         : loaded 2 times (x 198B)
Class com.google.wireless.android.sdk.stats.GlassesPairingEventOrBuilder              : loaded 2 times (x 70B)
Class com.google.wireless.android.sdk.stats.ComposePreviewCanvasEventOrBuilder        : loaded 2 times (x 70B)
Class com.google.wireless.android.sdk.stats.TSdkUAEventOrBuilder                      : loaded 2 times (x 70B)
Class com.google.wireless.android.sdk.stats.UserSentimentOrBuilder                    : loaded 2 times (x 70B)
Class org.jetbrains.kotlin.fir.resolve.dfa.cfg.InitBlockEnterNode                     : loaded 2 times (x 84B)
Class org.jetbrains.kotlin.diagnostics.SourceElementPositioningStrategies             : loaded 2 times (x 71B)
Class org.jetbrains.kotlin.fir.declarations.FirDeprecationInfo                        : loaded 2 times (x 79B)
Class org.jetbrains.kotlin.fir.declarations.FirDeclarationDataRegistry$AttributeDataAccessor: loaded 2 times (x 79B)
Class org.jetbrains.kotlin.types.AbstractFlexibilityChecker                           : loaded 2 times (x 71B)
Class [Lorg.jetbrains.kotlin.fir.resolve.dfa.Implication;                             : loaded 2 times (x 69B)
Class org.jetbrains.kotlin.fir.resolve.calls.stages.CheckDslScopeViolation            : loaded 2 times (x 71B)
Class org.jetbrains.kotlin.load.java.structure.JavaTypesKt                            : loaded 2 times (x 71B)
Class org.jetbrains.kotlin.fir.resolve.calls.ArgumentTypeMismatch                     : loaded 2 times (x 73B)
Class org.jetbrains.kotlin.fir.FirEnumWhenTrackerComponentKt                          : loaded 2 times (x 71B)
Class org.jetbrains.kotlin.fir.expressions.impl.FirUnitExpression                     : loaded 2 times (x 116B)
Class org.jetbrains.kotlin.fir.resolve.calls.FirSyntheticPropertiesScope$Companion    : loaded 2 times (x 71B)
Class org.jetbrains.kotlin.fir.resolve.calls.FirSyntheticPropertiesScope              : loaded 2 times (x 82B)
Class org.jetbrains.kotlin.fir.resolve.calls.candidate.CallKind                       : loaded 2 times (x 72B)
Class org.jetbrains.kotlin.fir.expressions.builder.FirQualifiedAccessExpressionBuilder: loaded 2 times (x 70B)
Class org.jetbrains.kotlin.fir.declarations.FirDeclarationOrigin$ScriptCustomization$ResultProperty: loaded 2 times (x 72B)
Class org.jetbrains.kotlin.fir.resolve.TypeExpansionUtilsKt$fullyExpandedType$8       : loaded 2 times (x 125B)
Class org.jetbrains.kotlin.fir.java.FirJavaTypeConversionMode                         : loaded 2 times (x 79B)
Class org.jetbrains.kotlin.resolve.jvm.JvmPrimitiveType                               : loaded 2 times (x 79B)
Class org.jetbrains.kotlin.fir.resolve.ScopeUtilsKt$special$$inlined$scopeSessionKey$1: loaded 2 times (x 71B)
Class org.jetbrains.kotlin.load.java.BuiltinSpecialPropertiesKt                       : loaded 2 times (x 71B)
Class org.jetbrains.kotlin.fir.resolve.calls.ResolutionContext                        : loaded 2 times (x 75B)
Class [Lorg.jetbrains.kotlin.fir.resolve.dfa.cfg.ElvisExitNode;                       : loaded 2 times (x 69B)
Class org.jetbrains.kotlin.fir.resolve.ScopeSession                                   : loaded 2 times (x 72B)
Class org.jetbrains.kotlin.fir.FirTarget                                              : loaded 2 times (x 70B)
Class org.jetbrains.kotlin.fir.builder.BodyBuildingMode$Companion                     : loaded 2 times (x 71B)
Class org.jetbrains.kotlin.fir.scopes.FirTypeScopeKt                                  : loaded 2 times (x 71B)
Class org.jetbrains.kotlin.fir.declarations.builder.FirRegularClassBuilder            : loaded 2 times (x 159B)
Class org.jetbrains.kotlin.fir.analysis.checkers.FirPlatformUpperBoundsProvider       : loaded 2 times (x 70B)
Class com.android.resources.GrammaticalGender                                         : loaded 2 times (x 86B)
Class com.android.ide.common.resources.configuration.DensityQualifier                 : loaded 2 times (x 89B)
Class org.jetbrains.kotlin.parsing.KotlinParsing                                      : loaded 2 times (x 124B)
Class org.jetbrains.kotlin.extensions.internal.TypeResolutionInterceptorExtension     : loaded 2 times (x 70B)
Class org.jetbrains.kotlin.metadata.ProtoBuf$QualifiedNameTable$QualifiedName$Kind$1  : loaded 2 times (x 74B)
Class org.jetbrains.kotlin.fir.resolve.transformers.contracts.FirAbstractContractResolveTransformerDispatcher$FirDeclarationsContractResolveTransformer: loaded 2 times (x 435B)
Class kotlin.time.TimeMark                                                            : loaded 2 times (x 70B)
Class [Lorg.jetbrains.kotlin.lexer.KtSingleValueToken;                                : loaded 2 times (x 69B)
Class [Lorg.jetbrains.kotlin.fir.expressions.InaccessibleReceiverKind;                : loaded 2 times (x 69B)
Class kotlin.reflect.jvm.internal.KClassImpl$Data$$Lambda$11                          : loaded 2 times (x 76B)
Class kotlin.reflect.jvm.internal.KDeclarationContainerImpl$Data                      : loaded 2 times (x 72B)
Class org.jetbrains.kotlin.fir.resolve.calls.stages.CheckLambdaAgainstTypeVariableContradiction: loaded 2 times (x 72B)
Class org.jetbrains.kotlin.fir.resolve.calls.tower.TowerLevelHandler                  : loaded 2 times (x 72B)
Class org.jetbrains.kotlin.psi.KtTypeParameterListOwnerNotStubbed                     : loaded 2 times (x 925B)
Class org.jetbrains.kotlin.utils.exceptions.KotlinExceptionWithAttachments            : loaded 2 times (x 70B)
Class org.jetbrains.kotlin.psi.KtTypeElement                                          : loaded 2 times (x 70B)
Class org.jetbrains.kotlin.psi.KtCallableDeclaration                                  : loaded 2 times (x 70B)
Class org.jetbrains.kotlin.psi.KtDeclarationWithBody                                  : loaded 2 times (x 70B)
Class org.jetbrains.kotlin.fir.resolve.calls.tower.FirInvokeResolveTowerExtension$enqueueInvokeReceiverTask$invokeReceiverProcessor$1: loaded 2 times (x 75B)
Class [Lcom.android.prefs.LocationValue;                                              : loaded 2 times (x 69B)
Class org.jetbrains.kotlin.fir.types.ConeFlexibleTypeBoundsChecker                    : loaded 2 times (x 71B)
Class kotlin.io.FileTreeWalk$WalkState                                                : loaded 2 times (x 73B)
Class com.google.common.collect.AbstractRangeSet                                      : loaded 2 times (x 114B)
Class com.google.common.cache.LocalCache                                              : loaded 2 times (x 187B)
Class com.google.common.cache.CacheBuilder$2                                          : loaded 2 times (x 79B)
Class com.google.wireless.android.sdk.stats.AndroidProfilerDbStats                    : loaded 2 times (x 203B)
Class com.google.wireless.android.sdk.stats.IdePluginInfoOrBuilder                    : loaded 2 times (x 70B)
Class com.google.wireless.android.sdk.stats.AndroidStudioEvent                        : loaded 2 times (x 938B)
Class com.google.gson.TypeAdapter$1                                                   : loaded 2 times (x 74B)
Class org.jetbrains.kotlin.fir.declarations.TowerElementsForScript                    : loaded 2 times (x 72B)
Class [Lorg.jetbrains.kotlin.fir.resolve.dfa.PropertyStability;                       : loaded 2 times (x 69B)
Class org.jetbrains.kotlin.diagnostics.PositioningStrategies$RECEIVER$1               : loaded 2 times (x 74B)
Class org.jetbrains.kotlin.KtFakeSourceElementKind$DestructuringInitializer           : loaded 2 times (x 72B)
Class org.jetbrains.kotlin.fir.symbols.impl.FirDelegateFieldSymbol                    : loaded 2 times (x 77B)
Class org.jetbrains.kotlin.resolve.calls.inference.components.ResultTypeResolver$sinkIntegerLiteralTypes$1$containsILT$1: loaded 2 times (x 75B)
Class org.jetbrains.kotlin.fir.resolve.dfa.ModelKt                                    : loaded 2 times (x 71B)
Class org.jetbrains.kotlin.fir.expressions.impl.FirContractCallBlock                  : loaded 2 times (x 122B)
Class org.jetbrains.kotlin.types.expressions.OperatorConventions                      : loaded 2 times (x 71B)
Class org.jetbrains.kotlin.fir.FirLabel                                               : loaded 2 times (x 88B)
Class org.jetbrains.kotlin.fir.resolve.dfa.cfg.ClassExitNode                          : loaded 2 times (x 85B)
Class org.jetbrains.kotlin.fir.resolve.transformers.ExpectedArgumentType$ArgumentsMap : loaded 2 times (x 73B)
Class org.jetbrains.kotlin.fir.expressions.builder.FirVarargArgumentsExpressionBuilder: loaded 2 times (x 84B)
Class org.jetbrains.kotlin.resolve.calls.model.PostponedAtomWithRevisableExpectedType : loaded 2 times (x 70B)
Class org.jetbrains.kotlin.fir.types.CompilerConeAttributes$ContextFunctionTypeParams : loaded 2 times (x 80B)
Class org.jetbrains.kotlin.resolve.calls.inference.model.ArgumentConstraintPosition   : loaded 2 times (x 72B)
Class org.jetbrains.kotlin.resolve.calls.inference.components.ConstraintSystemMarker  : loaded 2 times (x 70B)
Class [Lorg.jetbrains.kotlin.codegen.signature.BothSignatureWriter$Mode;              : loaded 2 times (x 69B)
Class org.jetbrains.kotlin.load.kotlin.TypeMappingMode$Companion                      : loaded 2 times (x 71B)
Class org.jetbrains.kotlin.load.java.structure.JavaAnnotation                         : loaded 2 times (x 70B)
Class it.unimi.dsi.fastutil.objects.AbstractObject2IntFunction                        : loaded 2 times (x 119B)
Class org.jetbrains.kotlin.builtins.jvm.JavaToKotlinClassMap$PlatformMutabilityMapping: loaded 2 times (x 72B)
Class org.jetbrains.kotlin.fir.resolve.dfa.UtilKt$WhenMappings                        : loaded 2 times (x 71B)
Class org.jetbrains.kotlin.fir.declarations.DeprecationAnnotationInfoPerUseSiteStorageBuilder: loaded 2 times (x 72B)
Class org.jetbrains.kotlin.fir.scopes.impl.FirAbstractImportingScope                  : loaded 2 times (x 83B)
Class [Lorg.jetbrains.kotlin.fir.resolve.dfa.cfg.FinallyBlockEnterNode;               : loaded 2 times (x 69B)
Class org.jetbrains.kotlin.fir.resolve.dfa.cfg.ControlFlowGraphBuilder$PostponedLambdas: loaded 2 times (x 72B)
Class org.jetbrains.kotlin.KtSourceElementOffsetStrategy                              : loaded 2 times (x 71B)
Class org.jetbrains.kotlin.fir.resolve.providers.impl.AbstractFirBuiltinSymbolProvider$symbolNamesProvider$1: loaded 2 times (x 83B)
Class org.jetbrains.kotlin.fir.resolve.dfa.cfg.ControlFlowGraphKt                     : loaded 2 times (x 71B)
Class org.jetbrains.kotlin.fir.types.ConeFlexibleType                                 : loaded 2 times (x 78B)
Class org.jetbrains.kotlin.fir.scopes.impl.FirDynamicMembersStorage                   : loaded 2 times (x 72B)
Class org.jetbrains.kotlin.resolve.calls.inference.components.VariableFixationFinder  : loaded 2 times (x 72B)
Class org.jetbrains.kotlin.fir.declarations.SealedClassInheritorsProvider             : loaded 2 times (x 72B)
Class org.jetbrains.kotlin.fir.FirSession$Kind                                        : loaded 2 times (x 79B)
Class org.jetbrains.kotlin.diagnostics.PositioningStrategies$DeclarationSignature     : loaded 2 times (x 74B)
Class kotlin.script.experimental.host.GetScriptingClass                               : loaded 2 times (x 70B)
Class org.jetbrains.kotlin.fir.declarations.builder.FirAnonymousInitializerBuilder    : loaded 2 times (x 90B)
Class kotlin.script.experimental.util.PropertiesCollection$PropertyKeyCopyDelegate    : loaded 2 times (x 72B)
Class org.jetbrains.kotlin.scripting.definitions.ScriptDefinitionProvider             : loaded 2 times (x 70B)
Class kotlin.reflect.jvm.internal.impl.builtins.PrimitiveType$Companion               : loaded 2 times (x 71B)
Class com.google.protobuf.Internal$IntList                                            : loaded 2 times (x 70B)
Class kotlin.reflect.jvm.internal.KClassImpl$Data$$Lambda$12                          : loaded 2 times (x 76B)
Class kotlin.reflect.jvm.internal.KClassImpl$Data                                     : loaded 2 times (x 72B)
Class org.jetbrains.kotlin.cli.jvm.compiler.MockExternalAnnotationsManager            : loaded 2 times (x 89B)
Class com.google.protobuf.GeneratedMessageV3$BuilderParent                            : loaded 2 times (x 70B)
Class org.jetbrains.kotlin.psi.KtLabeledExpression                                    : loaded 2 times (x 553B)
Class org.jetbrains.kotlin.psi.KtImportInfo                                           : loaded 2 times (x 70B)
Class [Lorg.jetbrains.kotlin.psi.KtObjectDeclaration;                                 : loaded 2 times (x 69B)
Class org.jetbrains.kotlin.KotlinElementTypeProvider$Companion                        : loaded 2 times (x 71B)
Class com.google.wireless.android.sdk.stats.ApkAnalyzerStatsOrBuilder                 : loaded 2 times (x 70B)
Class org.jetbrains.kotlin.config.LanguageVersion                                     : loaded 2 times (x 91B)
Class com.google.wireless.android.sdk.stats.LldbPerformanceStatsOrBuilder             : loaded 2 times (x 70B)
Class com.google.common.collect.TransformedListIterator                               : loaded 2 times (x 93B)
Class org.jetbrains.org.objectweb.asm.tree.IincInsnNode                               : loaded 2 times (x 78B)
Class org.jetbrains.org.objectweb.asm.tree.MultiANewArrayInsnNode                     : loaded 2 times (x 79B)
Class kotlinx.coroutines.EventLoopImplBase                                            : loaded 2 times (x 117B)
Class com.google.common.cache.CacheBuilder$3                                          : loaded 2 times (x 72B)
Class org.gradle.api.GradleException                                                  : loaded 2 times (x 82B)
Class com.google.common.reflect.TypeCapture                                           : loaded 2 times (x 71B)
Class com.google.wireless.android.sdk.stats.KotlinSupport                             : loaded 2 times (x 202B)
Class com.google.wireless.android.sdk.stats.VsPluginEvent                             : loaded 2 times (x 202B)
Class com.google.wireless.android.sdk.stats.DesignEditorHelpPanelEvent                : loaded 2 times (x 199B)
Class com.google.wireless.android.sdk.stats.CommitMetricsEventOrBuilder               : loaded 2 times (x 70B)
Class com.google.wireless.android.sdk.stats.NextEditPredictionEventOrBuilder          : loaded 2 times (x 70B)
Class org.jetbrains.kotlin.load.kotlin.TypeMappingModeExtensionsKt                    : loaded 2 times (x 71B)
Class org.jetbrains.kotlin.diagnostics.PositioningStrategies$OPERATOR$1               : loaded 2 times (x 74B)
Class [Lorg.jetbrains.kotlin.fir.declarations.FirRegularClass;                        : loaded 2 times (x 69B)
Class kotlin.collections.AbstractMutableCollection                                    : loaded 2 times (x 122B)
Class org.jetbrains.kotlin.fir.resolve.ResolutionMode$ArrayLiteralPosition            : loaded 2 times (x 79B)
Class org.jetbrains.kotlin.fir.resolve.calls.ConeResolvedLambdaAtom                   : loaded 2 times (x 86B)
Class org.jetbrains.kotlin.fir.expressions.FirInaccessibleReceiverExpression          : loaded 2 times (x 133B)
Class org.jetbrains.kotlin.fir.resolve.calls.candidate.CheckerSinkImpl                : loaded 2 times (x 75B)
Class org.jetbrains.kotlin.fir.expressions.FirFunctionCall                            : loaded 2 times (x 178B)
Class org.jetbrains.kotlin.fir.scopes.impl.TypeAliasConstructorInfoKey                : loaded 2 times (x 71B)
Class org.jetbrains.kotlin.load.java.typeEnhancement.JavaTypeQualifiers               : loaded 2 times (x 72B)
Class org.jetbrains.kotlin.util.WeakPairKt                                            : loaded 2 times (x 71B)
Class org.jetbrains.kotlin.load.java.typeEnhancement.AbstractSignatureParts$TypeAndDefaultQualifiers: loaded 2 times (x 72B)
Class org.jetbrains.kotlin.fir.expressions.builder.FirConstExpressionBuilderKt        : loaded 2 times (x 71B)
Class org.jetbrains.kotlin.fir.types.CustomAnnotationTypeAttributeKt                  : loaded 2 times (x 71B)
Class org.jetbrains.kotlin.fir.resolve.ContainingClassUtilsKt                         : loaded 2 times (x 71B)
Class org.jetbrains.kotlin.fir.FirImportTrackerComponentKt                            : loaded 2 times (x 71B)
Class org.jetbrains.kotlin.fir.scopes.ImportingScopesKt$special$$inlined$scopeSessionKey$1: loaded 2 times (x 71B)
Class org.jetbrains.kotlin.fir.resolve.calls.tower.TowerGroupKind$Companion           : loaded 2 times (x 71B)
Class org.jetbrains.kotlin.fir.declarations.impl.FirValueParameterImpl                : loaded 2 times (x 208B)
Class org.jetbrains.kotlin.fir.FirAbstractTarget                                      : loaded 2 times (x 81B)
Class com.google.common.cache.LocalCache$Values                                       : loaded 2 times (x 118B)
Class org.jetbrains.kotlin.fir.symbols.impl.FirTypeAliasSymbol                        : loaded 2 times (x 84B)
Class org.jetbrains.kotlin.fir.resolve.providers.FirSymbolProvider                    : loaded 2 times (x 81B)
Class org.jetbrains.kotlin.fir.resolve.FirJavaClassMapper                             : loaded 2 times (x 76B)
Class org.jetbrains.kotlin.fir.scopes.PlatformSpecificOverridabilityRules             : loaded 2 times (x 70B)
Class org.jetbrains.kotlin.fir.MutableOrEmptyList$Companion                           : loaded 2 times (x 71B)
Class org.jetbrains.kotlin.types.model.FlexibleTypeMarker                             : loaded 2 times (x 70B)
Class org.jetbrains.kotlin.fir.declarations.FirClass                                  : loaded 2 times (x 163B)
Class org.jetbrains.kotlin.types.model.TypeArgumentListMarker                         : loaded 2 times (x 70B)
Class com.google.common.collect.HashBasedTable                                        : loaded 2 times (x 124B)
Class [Lcom.android.resources.LayoutDirection;                                        : loaded 2 times (x 69B)
Class com.android.ide.common.resources.ResourceMergerItem$1                           : loaded 2 times (x 125B)
Class com.android.ide.common.resources.configuration.FolderConfiguration              : loaded 2 times (x 75B)
Class org.jetbrains.kotlin.config.AnalysisFlag$Delegate                               : loaded 2 times (x 75B)
Class org.jetbrains.org.objectweb.asm.tree.FieldInsnNode                              : loaded 2 times (x 79B)
Class org.jetbrains.kotlin.cli.jvm.modules.CliJavaModuleFinder$systemModules$1        : loaded 2 times (x 80B)
Class com.android.utils.ILogger                                                       : loaded 2 times (x 70B)
Class com.android.utils.NullLogger                                                    : loaded 2 times (x 85B)
Class kotlin.reflect.jvm.internal.KClassImpl$Data$$Lambda$13                          : loaded 2 times (x 76B)
Class it.unimi.dsi.fastutil.objects.ReferenceSet                                      : loaded 2 times (x 70B)
Class org.jetbrains.kotlin.load.kotlin.KotlinBinaryClassCache$Companion               : loaded 2 times (x 71B)
Class org.jetbrains.kotlin.psi.KtAnnotatedExpression                                  : loaded 2 times (x 565B)
Class org.jetbrains.kotlin.psi.KtParenthesizedExpression                              : loaded 2 times (x 437B)
Class [Lorg.jetbrains.kotlin.psi.KtConstantExpression;                                : loaded 2 times (x 69B)
Class [Lorg.jetbrains.kotlin.psi.KtConstructor;                                       : loaded 2 times (x 69B)
Class org.jetbrains.kotlin.psi.stubs.elements.KtTypeAliasElementType                  : loaded 2 times (x 100B)
Class [Lorg.jetbrains.kotlin.psi.KtPropertyAccessor;                                  : loaded 2 times (x 69B)
Class [Lorg.jetbrains.kotlin.psi.KtClassOrObject;                                     : loaded 2 times (x 69B)
Class [Lorg.jetbrains.kotlin.psi.KtDeclarationWithBody;                               : loaded 2 times (x 69B)
Class com.android.ide.common.gradle.Version                                           : loaded 2 times (x 75B)
Class [Lorg.jetbrains.kotlin.psi.KtValVarKeywordOwner;                                : loaded 2 times (x 69B)
Class [Lorg.jetbrains.kotlin.psi.KtCallElement;                                       : loaded 2 times (x 69B)
Class org.jetbrains.kotlin.config.ExplicitApiMode$Companion                           : loaded 2 times (x 71B)
Class org.jetbrains.org.objectweb.asm.tree.LocalVariableAnnotationNode                : loaded 2 times (x 82B)
Class org.jetbrains.kotlin.metadata.ProtoBuf$StringTable                              : loaded 2 times (x 108B)
Class org.apache.commons.io.StandardLineSeparator                                     : loaded 2 times (x 79B)
Class com.google.common.base.Suppliers$MemoizingSupplier                              : loaded 2 times (x 79B)
Class ijJvmDebugger1_7sfvz360tqm6fbo7y3765vecg$_run_closure1                          : loaded 2 times (x 139B)
Class com.google.wireless.android.sdk.stats.RenderSecurityManagerEvent                : loaded 2 times (x 199B)
Class com.google.wireless.android.sdk.stats.VirtualizationEventOrBuilder              : loaded 2 times (x 70B)
Class com.google.wireless.android.sdk.stats.JniInspectionEventOrBuilder               : loaded 2 times (x 70B)
Class com.google.wireless.android.sdk.stats.TestRunOrBuilder                          : loaded 2 times (x 70B)
Class com.android.tools.analytics.NullUsageTracker                                    : loaded 2 times (x 82B)
Class com.google.protobuf.Internal$EnumLiteMap                                        : loaded 2 times (x 70B)
Class org.jetbrains.kotlin.fir.extensions.FirScriptResolutionConfigurationExtension$Factory: loaded 2 times (x 70B)
Class org.jetbrains.kotlin.fir.extensions.FirExtensionSessionComponent$Factory        : loaded 2 times (x 70B)
Class org.jetbrains.kotlin.fir.renderer.FirSymbolRenderer                             : loaded 2 times (x 74B)
Class org.jetbrains.kotlin.resolve.calls.inference.ConstraintSystemBuilderKt          : loaded 2 times (x 71B)
Class org.jetbrains.kotlin.fir.resolve.providers.FirCachedSymbolNamesProvider$topLevelCallableNamesByPackage_delegate$lambda$0$$inlined$createCache$1: loaded 2 times (x 75B)
Class org.jetbrains.kotlin.fir.resolve.calls.stages.LowerPriorityIfDynamic            : loaded 2 times (x 72B)
Class org.jetbrains.kotlin.fir.scopes.impl.FirTypeIntersectionScopeContext$ResultOfIntersection: loaded 2 times (x 73B)
Class org.jetbrains.kotlin.fir.java.deserialization.FirJvmConstDeserializer$loadConstant$2: loaded 2 times (x 76B)
Class org.jetbrains.kotlin.fir.scopes.ImportingScopesKt$special$$inlined$scopeSessionKey$2: loaded 2 times (x 71B)
Class [Lorg.jetbrains.kotlin.fir.declarations.utils.FirScriptCustomizationKind;       : loaded 2 times (x 69B)
Class org.jetbrains.kotlin.fir.declarations.impl.FirResolvedImportImpl                : loaded 2 times (x 97B)
Class org.jetbrains.kotlin.fir.declarations.FirDeclarationOrigin$Java$Source          : loaded 2 times (x 72B)
Class org.jetbrains.kotlin.fir.java.JavaSymbolProvider                                : loaded 2 times (x 82B)
Class org.jetbrains.kotlin.protobuf.UnmodifiableLazyStringList                        : loaded 2 times (x 277B)
Class org.jetbrains.kotlin.fir.resolve.providers.FirCompositeSymbolNamesProvider$Companion: loaded 2 times (x 71B)
Class org.jetbrains.kotlin.fir.resolve.providers.impl.FirCloneableSymbolProvider$symbolNamesProvider$1: loaded 2 times (x 82B)
Class com.android.utils.FileUtils                                                     : loaded 2 times (x 71B)
Class org.jetbrains.kotlin.resolve.jvm.JvmTypeSpecificityComparator                   : loaded 2 times (x 77B)
Class org.jetbrains.kotlin.fir.visitors.FirTransformer                                : loaded 2 times (x 389B)
Class org.jetbrains.kotlin.fir.scopes.impl.FirSubstitutionOverrideStorage$special$$inlined$createCache$1: loaded 2 times (x 75B)
Class com.google.common.collect.AbstractTable$CellSet                                 : loaded 2 times (x 136B)
Class com.android.ide.common.resources.ResourceMergerItem$2                           : loaded 2 times (x 119B)
Class com.android.ide.common.resources.ResourceItem                                   : loaded 2 times (x 70B)
Class com.android.resources.FolderTypeRelationship                                    : loaded 2 times (x 71B)
Class org.jetbrains.kotlin.psi.psiUtil.PsiUtilsKt$siblings$1                          : loaded 2 times (x 75B)
Class org.jetbrains.kotlin.fir.scopes.impl.FirSubstitutionOverrideStorage             : loaded 2 times (x 72B)
Class org.jetbrains.kotlin.cli.jvm.index.JavaRoot$RootTypes                           : loaded 2 times (x 71B)
Class org.jetbrains.kotlin.storage.NotNullLazyValue                                   : loaded 2 times (x 70B)
Class org.jetbrains.kotlin.fir.MutableOrEmptyList                                     : loaded 2 times (x 173B)
Class kotlin.reflect.jvm.internal.KClassImpl$Data$$Lambda$14                          : loaded 2 times (x 76B)
Class kotlin.reflect.jvm.internal.KTypeParameterOwnerImpl                             : loaded 2 times (x 70B)
Class kotlinx.coroutines.DispatchException                                            : loaded 2 times (x 82B)
Class [Lorg.jetbrains.kotlin.types.model.TypeArgumentListMarker;                      : loaded 2 times (x 69B)
Class org.jetbrains.kotlin.fir.resolve.substitution.AbstractConeSubstitutor           : loaded 2 times (x 76B)
Class org.jetbrains.kotlin.cli.jvm.compiler.KotlinCoreEnvironment$Companion$getOrCreateApplicationEnvironment$1$2: loaded 2 times (x 74B)
Class org.jetbrains.kotlin.psi.KtInstanceExpressionWithLabel                          : loaded 2 times (x 437B)
Class org.jetbrains.kotlin.psi.KtNamedDeclarationNotStubbed                           : loaded 2 times (x 843B)
Class org.jetbrains.kotlin.psi.stubs.impl.KotlinFileStubImpl                          : loaded 2 times (x 212B)
Class org.jetbrains.kotlin.psi.KtFileAnnotationList                                   : loaded 2 times (x 506B)
Class org.jetbrains.kotlin.psi.KtProperty                                             : loaded 2 times (x 1392B)
Class org.jetbrains.kotlin.fir.deserialization.SingleModuleDataProvider               : loaded 2 times (x 75B)
Class org.jetbrains.kotlin.fir.references.FirReference                                : loaded 2 times (x 87B)
Class org.jetbrains.kotlin.fir.UnnamedContextParameterNameKey                         : loaded 2 times (x 71B)
Class org.jetbrains.kotlin.fir.declarations.FirValueParameterKind                     : loaded 2 times (x 79B)
Class org.jetbrains.org.objectweb.asm.tree.InvokeDynamicInsnNode                      : loaded 2 times (x 78B)
Class [Lcom.google.common.io.FileWriteMode;                                           : loaded 2 times (x 69B)
Class com.google.wireless.android.sdk.stats.WhatsNewAssistantUpdateEvent              : loaded 2 times (x 213B)
Class com.google.wireless.android.sdk.stats.GradleVersionCatalogDetectorEvent         : loaded 2 times (x 195B)
Class com.google.wireless.android.sdk.stats.AdvertiserNotificationEvent               : loaded 2 times (x 197B)
Class com.google.protobuf.LazyStringList                                              : loaded 2 times (x 70B)
Class com.google.wireless.android.sdk.stats.NonTransitiveRClassMigrationEventOrBuilder: loaded 2 times (x 70B)
Class org.jetbrains.kotlin.fir.resolve.transformers.ReturnTypeCalculator              : loaded 2 times (x 73B)
Class org.jetbrains.kotlin.fir.resolve.BodyResolveComponents                          : loaded 2 times (x 102B)
Class org.jetbrains.kotlin.diagnostics.PositioningStrategies$SPREAD_OPERATOR$1        : loaded 2 times (x 74B)
Class org.jetbrains.kotlin.name.StandardClassIds$Collections                          : loaded 2 times (x 71B)
Class org.jetbrains.kotlin.fir.declarations.ExpectForActualAttributeKey               : loaded 2 times (x 71B)
Class org.jetbrains.kotlin.fir.expressions.builder.FirAbstractResolvedQualifierBuilder: loaded 2 times (x 70B)
Class org.jetbrains.kotlin.fir.resolve.inference.FirCallCompleter$WhenMappings        : loaded 2 times (x 71B)
Class org.jetbrains.kotlin.fir.resolve.calls.candidate.CallKind$VariableAccess        : loaded 2 times (x 72B)
Class org.jetbrains.kotlin.fir.resolve.calls.tower.CandidateFactoriesAndCollectors    : loaded 2 times (x 72B)
Class org.jetbrains.kotlin.fir.resolve.calls.stages.CheckExtensionReceiver            : loaded 2 times (x 72B)
Class org.jetbrains.kotlin.fir.resolve.dfa.cfg.EdgeKind$Companion                     : loaded 2 times (x 71B)
Class org.jetbrains.kotlin.fir.expressions.FirErrorExpression                         : loaded 2 times (x 127B)
Class org.jetbrains.kotlin.fir.FirExpectActualMatchingContext                         : loaded 2 times (x 70B)
Class org.jetbrains.kotlin.fir.declarations.CheckResult                               : loaded 2 times (x 71B)
Class org.jetbrains.kotlin.fir.declarations.Checks                                    : loaded 2 times (x 71B)
Class [Lorg.jetbrains.kotlin.fir.FirElementWithResolveState;                          : loaded 2 times (x 69B)
Class org.jetbrains.kotlin.fir.resolve.transformers.body.resolve.FirArrayOfCallTransformer: loaded 2 times (x 389B)
Class org.jetbrains.kotlin.fir.declarations.FirField                                  : loaded 2 times (x 201B)
Class org.jetbrains.kotlin.fir.scopes.ImportingScopesKt$special$$inlined$scopeSessionKey$3: loaded 2 times (x 71B)
Class org.jetbrains.kotlin.fir.declarations.FirVersionRequirementsTableKeyKt          : loaded 2 times (x 71B)
Class org.jetbrains.kotlin.fir.FirPackageDirective                                    : loaded 2 times (x 88B)
Class org.jetbrains.kotlin.serialization.deserialization.descriptors.PreReleaseInfo   : loaded 2 times (x 72B)
Class org.jetbrains.kotlin.fir.declarations.builder.FirFunctionBuilder                : loaded 2 times (x 70B)
Class org.jetbrains.kotlin.fir.declarations.builder.FirTypeParameterRefsOwnerBuilder  : loaded 2 times (x 70B)
Class org.jetbrains.kotlin.fir.scopes.FirKotlinScopeProvider                          : loaded 2 times (x 77B)
Class com.android.resources.NightMode                                                 : loaded 2 times (x 86B)
Class [Lcom.android.resources.UiMode;                                                 : loaded 2 times (x 69B)
Class com.google.common.hash.HashCode$IntHashCode                                     : loaded 2 times (x 80B)
Class org.jetbrains.kotlin.parsing.AbstractTokenStreamPattern                         : loaded 2 times (x 83B)
Class org.jetbrains.kotlin.resolve.diagnostics.DiagnosticSuppressor$Companion         : loaded 2 times (x 72B)
Class org.jetbrains.kotlin.metadata.jvm.deserialization.ModuleMapping                 : loaded 2 times (x 72B)
Class org.jetbrains.kotlin.cli.jvm.index.JavaRoot                                     : loaded 2 times (x 72B)
Class org.jetbrains.kotlin.fir.deserialization.FirMemberDeserializerKt                : loaded 2 times (x 71B)
Class org.jetbrains.kotlin.types.ConstantValueKind$Double                             : loaded 2 times (x 72B)
Class org.jetbrains.kotlin.fir.java.enhancement.FirEnhancedSymbolsStorage$EnhancementSymbolsCache: loaded 2 times (x 72B)
Class kotlin.reflect.jvm.internal.KClassImpl$Data$$Lambda$15                          : loaded 2 times (x 76B)
Class kotlin.reflect.jvm.internal.impl.name.Name                                      : loaded 2 times (x 75B)
Class org.jetbrains.kotlin.fir.resolve.substitution.ConeSubstitutorByMapKt            : loaded 2 times (x 71B)
Class org.jetbrains.kotlin.fir.java.scopes.JavaClassUseSiteMemberScope$collectFunctions$$inlined$collectMembersGroupedByScope$1: loaded 2 times (x 75B)
Class org.jetbrains.kotlin.psi.impl.KotlinElementTypeProviderImpl$kdocMarkdownLinkType$1: loaded 2 times (x 84B)
Class org.jetbrains.kotlin.psi.stubs.elements.KtPlaceHolderWithTextStubElementType    : loaded 2 times (x 100B)
Class org.jetbrains.kotlin.psi.stubs.elements.KtNameReferenceExpressionElementType    : loaded 2 times (x 103B)
Class org.jetbrains.kotlin.psi.stubs.elements.KtFunctionElementType                   : loaded 2 times (x 104B)
Class org.jetbrains.kotlin.psi.KtModifierListOwner                                    : loaded 2 times (x 70B)
Class org.jetbrains.kotlin.cli.jvm.compiler.IdeaExtensionPoints                       : loaded 2 times (x 71B)
Class it.unimi.dsi.fastutil.objects.ObjectSet                                         : loaded 2 times (x 70B)
Class com.android.tools.lint.model.DefaultLintModelSourceProvider                     : loaded 2 times (x 84B)
Class org.jetbrains.kotlin.fir.java.enhancement.FirSignatureEnhancement$TypeInSignature$Return: loaded 2 times (x 72B)
Class [Lcom.android.prefs.VariableType;                                               : loaded 2 times (x 69B)
Class org.jetbrains.kotlin.types.model.MarkerExtensionsKt                             : loaded 2 times (x 71B)
Class com.google.common.collect.Iterables$4                                           : loaded 2 times (x 81B)
Class com.google.common.collect.MapMakerInternalMap$StrongKeyDummyValueSegment        : loaded 2 times (x 142B)
Class com.google.common.cache.LocalCache$WriteThroughEntry                            : loaded 2 times (x 79B)
Class com.google.common.cache.LocalCache$HashIterator                                 : loaded 2 times (x 86B)
Class com.google.common.cache.LocalCache$EntryFactory                                 : loaded 2 times (x 83B)
Class com.android.tools.analytics.JournalingUsageTracker$scheduleFlush$1              : loaded 2 times (x 75B)
Class com.android.tools.analytics.HostData$runtimeBean$2                              : loaded 2 times (x 78B)
Class com.google.wireless.android.sdk.stats.WearHealthServicesEvent                   : loaded 2 times (x 195B)
Class com.google.wireless.android.sdk.stats.Align16kbEvent                            : loaded 2 times (x 202B)
Class com.google.wireless.android.sdk.stats.OomDialogEvent                            : loaded 2 times (x 211B)
Class com.google.wireless.android.sdk.stats.GradleBuildDetailsOrBuilder               : loaded 2 times (x 70B)
Class com.google.protobuf.GeneratedMessageV3$Builder                                  : loaded 2 times (x 278B)
Class com.google.protobuf.MutabilityOracle                                            : loaded 2 times (x 70B)
Class org.jetbrains.kotlin.fir.resolve.calls.ConeResolvedCallableReferenceAtom        : loaded 2 times (x 94B)
Class org.jetbrains.kotlin.fir.scopes.impl.FirEnumEntriesSupportKt                    : loaded 2 times (x 71B)
Class org.jetbrains.kotlin.fir.resolve.dfa.cfg.CapturedByValue                        : loaded 2 times (x 74B)
Class org.jetbrains.kotlin.resolve.calls.inference.model.NewConstraintMismatch        : loaded 2 times (x 70B)
Class org.jetbrains.kotlin.fir.resolve.dfa.FirLocalVariableAssignmentAnalyzer$Companion$MiniCfgBuilder$MiniCfgData: loaded 2 times (x 72B)
Class org.jetbrains.kotlin.fir.resolve.calls.tower.TowerLevelsKt                      : loaded 2 times (x 71B)
Class org.jetbrains.kotlin.fir.resolve.calls.candidate.Context                        : loaded 2 times (x 72B)
Class org.jetbrains.kotlin.fir.resolve.calls.stages.ArgumentCheckingProcessor         : loaded 2 times (x 71B)
Class org.jetbrains.kotlin.fir.resolve.calls.stages.CheckArgumentsKt                  : loaded 2 times (x 71B)
Class org.jetbrains.kotlin.fir.expressions.builder.FirThisReceiverExpressionBuilder   : loaded 2 times (x 101B)
Class org.jetbrains.kotlin.fir.resolve.calls.candidate.CandidateFactory$Companion     : loaded 2 times (x 71B)
Class org.jetbrains.kotlin.resolve.InlineClassDescriptorResolver                      : loaded 2 times (x 71B)
Class org.jetbrains.kotlin.fir.java.declarations.FirJavaConstructorBuilder            : loaded 2 times (x 197B)
Class org.jetbrains.kotlin.fir.resolve.SupertypeUtilsKt$special$$inlined$scopeSessionKey$1: loaded 2 times (x 71B)
Class org.jetbrains.kotlin.fir.types.ConeStarProjection                               : loaded 2 times (x 72B)
Class org.jetbrains.kotlin.fir.deserialization.ClassDeserializationKt$deserializeClassToSymbol$3$1: loaded 2 times (x 125B)
Class org.jetbrains.kotlin.types.ConstantValueKind$Byte                               : loaded 2 times (x 72B)
Class org.jetbrains.kotlin.fir.symbols.impl.FirPropertySymbol                         : loaded 2 times (x 82B)
Class org.jetbrains.kotlin.fir.resolve.dfa.FirLocalVariableAssignmentAnalyzer$Companion$VariableAssignments: loaded 2 times (x 72B)
Class org.jetbrains.kotlin.fir.scopes.ImportingScopesKt$special$$inlined$scopeSessionKey$4: loaded 2 times (x 71B)
Class org.jetbrains.kotlin.fir.java.FirJavaFacadeForSource                            : loaded 2 times (x 73B)
Class org.jetbrains.kotlin.fir.extensions.FirFunctionCallRefinementExtension          : loaded 2 times (x 80B)
Class kotlin.ranges.LongProgression                                                   : loaded 2 times (x 81B)
Class org.jetbrains.kotlin.fir.resolve.providers.impl.FirSyntheticFunctionInterfaceProviderBase$Companion: loaded 2 times (x 71B)
Class org.jetbrains.kotlin.fir.resolve.providers.impl.FirSyntheticFunctionInterfaceProviderBase: loaded 2 times (x 85B)
Class org.jetbrains.kotlin.config.JvmAnalysisFlags                                    : loaded 2 times (x 71B)
Class org.jetbrains.kotlin.fir.modules.FirJavaModuleResolverProvider                  : loaded 2 times (x 72B)
Class org.jetbrains.kotlin.fir.types.FirFunctionTypeKindService                       : loaded 2 times (x 76B)
Class org.jetbrains.kotlin.fir.types.ConeClassLikeType                                : loaded 2 times (x 82B)
Class [Lorg.jetbrains.kotlin.name.Name;                                               : loaded 2 times (x 69B)
Class it.unimi.dsi.fastutil.ints.IntArrays$ForkJoinQuickSortIndirect                  : loaded 2 times (x 96B)
Class org.jetbrains.kotlin.extensions.StorageComponentContainerContributor$Companion  : loaded 2 times (x 72B)
Class org.jetbrains.kotlin.types.ConstantValueKind$UnsignedByte                       : loaded 2 times (x 72B)
Class [Lorg.jetbrains.kotlin.fir.types.ConeKotlinTypeProjectionOut;                   : loaded 2 times (x 69B)
Class [Lorg.jetbrains.kotlin.lexer.KtModifierKeywordToken;                            : loaded 2 times (x 69B)
Class org.jetbrains.kotlin.diagnostics.LightTreePositioningStrategies$WHOLE_ELEMENT$1 : loaded 2 times (x 74B)
Class kotlin.reflect.jvm.internal.KClassImpl$Data$$Lambda$16                          : loaded 2 times (x 76B)
Class kotlin.reflect.jvm.internal.impl.name.FqNameUnsafe                              : loaded 2 times (x 72B)
Class org.jetbrains.kotlin.diagnostics.LightTreePositioningStrategies$NOT_SUPPORTED_IN_INLINE_MOST_RELEVANT$1: loaded 2 times (x 74B)
Class org.jetbrains.kotlin.psi.KtCallableReferenceExpression                          : loaded 2 times (x 512B)
Class org.jetbrains.kotlin.psi.KtDestructuringDeclaration                             : loaded 2 times (x 852B)
Class [Lorg.jetbrains.kotlin.psi.KtAnnotationEntry;                                   : loaded 2 times (x 69B)
Class org.jetbrains.kotlin.psi.stubs.KotlinClassOrObjectStub                          : loaded 2 times (x 70B)
Class org.jetbrains.kotlin.parsing.KotlinCommonParserDefinition                       : loaded 2 times (x 95B)
Class it.unimi.dsi.fastutil.objects.Reference2ObjectMap$FastEntrySet                  : loaded 2 times (x 70B)
Class [Lcom.android.ide.common.gradle.Separator;                                      : loaded 2 times (x 69B)
Class com.android.prefs.QueryResult                                                   : loaded 2 times (x 82B)
Class kotlin.script.experimental.dependencies.DependenciesResolver                    : loaded 2 times (x 70B)
Class com.google.protobuf.GeneratedMessageV3$Builder$BuilderParentImpl                : loaded 2 times (x 78B)
Class com.google.common.base.Splitter$1$1                                             : loaded 2 times (x 86B)
Class com.google.gson.internal.bind.JsonTreeReader                                    : loaded 2 times (x 98B)
Class com.google.wireless.android.sdk.stats.SmlConfigurationEventOrBuilder            : loaded 2 times (x 70B)
Class com.google.common.reflect.Types$NativeTypeVariableEquals                        : loaded 2 times (x 71B)
Class com.google.common.reflect.TypeParameter                                         : loaded 2 times (x 72B)
Class [Lcom.google.common.collect.MapMaker$Dummy;                                     : loaded 2 times (x 69B)
Class com.google.common.cache.LocalCache$AbstractReferenceEntry                       : loaded 2 times (x 107B)
Class org.gradle.internal.IoActions                                                   : loaded 2 times (x 71B)
Class com.google.wireless.android.sdk.stats.ComposeAnimationToolingEvent              : loaded 2 times (x 197B)
Class com.google.wireless.android.sdk.stats.InstantRun                                : loaded 2 times (x 207B)
Class com.google.wireless.android.sdk.stats.SmlAiExcludeEventOrBuilder                : loaded 2 times (x 70B)
Class com.google.wireless.android.sdk.stats.ApkDebugProjectOrBuilder                  : loaded 2 times (x 70B)
Class com.google.protobuf.Android                                                     : loaded 2 times (x 71B)
Class org.jetbrains.kotlin.fir.types.ConeRawType$Companion                            : loaded 2 times (x 71B)
Class org.jetbrains.kotlin.diagnostics.PositioningStrategies$TYPE_ARGUMENT_LIST_OR_SELF$1: loaded 2 times (x 74B)
Class org.jetbrains.kotlin.diagnostics.LightTreePositioningStrategies$DECLARATION_RETURN_TYPE$1: loaded 2 times (x 74B)
Class org.jetbrains.kotlin.utils.IndentingPrinter                                     : loaded 2 times (x 70B)
Class org.jetbrains.kotlin.contracts.description.EventOccurrencesRangeKt              : loaded 2 times (x 71B)
Class com.google.wireless.android.sdk.stats.SetupWizardEventOrBuilder                 : loaded 2 times (x 70B)
Class org.jetbrains.kotlin.fir.java.declarations.FirJavaExternalAnnotation            : loaded 2 times (x 127B)
Class [Lorg.jetbrains.kotlin.load.java.typeEnhancement.JavaTypeQualifiers;            : loaded 2 times (x 69B)
Class org.jetbrains.kotlin.fir.types.jvm.FirJavaTypeRef                               : loaded 2 times (x 103B)
Class org.jetbrains.kotlin.metadata.deserialization.VersionRequirementTable$Companion : loaded 2 times (x 71B)
Class com.google.wireless.android.sdk.stats.EssentialsModeEvent                       : loaded 2 times (x 195B)
Class com.google.wireless.android.sdk.stats.DirectAccessUsageEvent                    : loaded 2 times (x 225B)
Class com.android.tools.lint.model.DefaultLintModelAndroidArtifact                    : loaded 2 times (x 93B)
Class org.jetbrains.kotlin.fir.symbols.SyntheticSymbol                                : loaded 2 times (x 70B)
Class org.jetbrains.kotlin.fir.declarations.FirAnnotationsPlatformSpecificSupportComponentKt: loaded 2 times (x 71B)
Class [Lorg.jetbrains.kotlin.config.JvmTarget;                                        : loaded 2 times (x 69B)
Class org.jetbrains.kotlin.fir.scopes.impl.FirDefaultStarImportingScope               : loaded 2 times (x 79B)
Class org.jetbrains.kotlin.fir.scopes.ImportingScopesKt$special$$inlined$scopeSessionKey$5: loaded 2 times (x 71B)
Class [Lorg.jetbrains.kotlin.fir.resolve.calls.tower.TowerGroupKind;                  : loaded 2 times (x 69B)
Class org.jetbrains.kotlin.fir.extensions.FirFunctionCallRefinementExtensionKt        : loaded 2 times (x 71B)
Class org.jetbrains.kotlin.fir.resolve.providers.FirCachedSymbolNamesProvider$topLevelClassifierNamesByPackage_delegate$lambda$0$$inlined$createCache$1: loaded 2 times (x 75B)
Class org.jetbrains.kotlin.cli.jvm.compiler.KotlinCoreApplicationEnvironmentMode$UnitTest: loaded 2 times (x 71B)
Class org.jetbrains.kotlin.fir.expressions.FirCall                                    : loaded 2 times (x 70B)
Class org.jetbrains.kotlin.fir.expressions.builder.FirExpressionBuilder               : loaded 2 times (x 70B)
Class org.jetbrains.kotlin.psi.KtObjectDeclaration                                    : loaded 2 times (x 1099B)
Class org.jetbrains.kotlin.fir.resolve.providers.impl.BinaryVersionAndPackageFragment : loaded 2 times (x 72B)
Class org.jetbrains.kotlin.builtins.functions.FunctionTypeKindExtractor$Companion     : loaded 2 times (x 71B)
Class org.jetbrains.kotlin.fir.declarations.FirDeclarationOverloadabilityHelper       : loaded 2 times (x 70B)
Class org.jetbrains.kotlin.fir.SessionHolder                                          : loaded 2 times (x 70B)
Class org.jetbrains.kotlin.fir.resolve.transformers.FirJumpingPhaseComputationSessionForLocalClassesProvider: loaded 2 times (x 74B)
Class com.android.ide.common.resources.configuration.LocaleQualifier                  : loaded 2 times (x 89B)
Class [Lorg.jetbrains.kotlin.psi.KtTypeProjection;                                    : loaded 2 times (x 69B)
Class it.unimi.dsi.fastutil.ints.IntStack                                             : loaded 2 times (x 70B)
Class org.jetbrains.kotlin.resolve.jvm.NotFoundPackagesCachingStrategy                : loaded 2 times (x 70B)
Class org.jetbrains.kotlin.psi.stubs.KotlinFileStub                                   : loaded 2 times (x 70B)
Class org.jetbrains.kotlin.metadata.ProtoBuf$QualifiedNameTable                       : loaded 2 times (x 107B)
Class org.jetbrains.kotlin.metadata.ProtoBuf$QualifiedNameTableOrBuilder              : loaded 2 times (x 70B)
Class org.jetbrains.kotlin.utils.KotlinExceptionWithAttachments                       : loaded 2 times (x 94B)
Class kotlin.io.path.PathsKt__PathReadWriteKt                                         : loaded 2 times (x 71B)
Class [Lkotlin.reflect.jvm.internal.impl.name.ClassId;                                : loaded 2 times (x 69B)
Class org.jetbrains.kotlin.psi.KtTryExpression                                        : loaded 2 times (x 440B)
Class kotlin.jvm.internal.MutablePropertyReference2                                   : loaded 2 times (x 137B)
Class kotlin.reflect.jvm.internal.KClassImpl$Data$$Lambda$17                          : loaded 2 times (x 76B)
Class kotlin.reflect.jvm.internal.ReflectProperties$Val                               : loaded 2 times (x 74B)
Class kotlin.reflect.jvm.internal.EmptyContainerForLocal                              : loaded 2 times (x 84B)
Class org.jetbrains.kotlin.storage.MemoizedFunctionToNotNull                          : loaded 2 times (x 70B)
Class org.jetbrains.kotlin.LambdaExpressionElementType                                : loaded 2 times (x 95B)
Class org.jetbrains.kotlin.BlockExpressionElementType$Companion                       : loaded 2 times (x 71B)
Class org.jetbrains.kotlin.psi.stubs.elements.KtValueArgumentElementType              : loaded 2 times (x 100B)
Class org.jetbrains.kotlin.psi.KtFunction                                             : loaded 2 times (x 70B)
Class org.jetbrains.kotlin.psi.KtDeclarationStub                                      : loaded 2 times (x 711B)
Class it.unimi.dsi.fastutil.objects.AbstractObjectSet                                 : loaded 2 times (x 179B)
Class [Lorg.jetbrains.kotlin.platform.TargetPlatformVersion;                          : loaded 2 times (x 69B)
Class org.jetbrains.kotlin.config.LanguageVersionSettingsKt                           : loaded 2 times (x 71B)
Class org.jetbrains.kotlin.resolve.extensions.SyntheticResolveExtension               : loaded 2 times (x 70B)
Class com.google.common.collect.ImmutableRangeSet$ComplementRanges                    : loaded 2 times (x 207B)
Class com.google.common.cache.CacheLoader$InvalidCacheLoadException                   : loaded 2 times (x 82B)
Class com.google.wireless.android.sdk.stats.StudioToolWindowActionStats               : loaded 2 times (x 201B)
Class com.google.wireless.android.sdk.stats.PromptLibraryEvent                        : loaded 2 times (x 200B)
Class com.google.wireless.android.sdk.stats.MlModelBindingEvent                       : loaded 2 times (x 203B)
Class com.google.wireless.android.sdk.stats.GradleBuildDetails                        : loaded 2 times (x 233B)
Class org.jetbrains.kotlin.scripting.resolve.RefineCompilationConfigurationKt         : loaded 2 times (x 71B)
Class org.jetbrains.kotlin.diagnostics.PositioningStrategies$AS_TYPE$1                : loaded 2 times (x 74B)
Class org.jetbrains.kotlin.diagnostics.LightTreePositioningStrategies$CONTEXT_KEYWORD$1: loaded 2 times (x 74B)
Class org.jetbrains.kotlin.fir.expressions.impl.FirImplicitInvokeCallImpl             : loaded 2 times (x 184B)
Class org.jetbrains.kotlin.fir.renderer.ConeTypeRenderer                              : loaded 2 times (x 79B)
Class org.jetbrains.kotlin.util.OneElementArrayMap$iterator$1                         : loaded 2 times (x 79B)
Class org.jetbrains.kotlin.fir.resolve.inference.model.ConeRegularLambdaArgumentConstraintPosition: loaded 2 times (x 73B)
Class org.jetbrains.kotlin.fir.resolve.dfa.FirControlFlowGraphReferenceImplKt         : loaded 2 times (x 71B)
Class org.jetbrains.kotlin.fir.java.scopes.JavaClassStaticUseSiteScope                : loaded 2 times (x 82B)
Class org.jetbrains.kotlin.fir.resolve.calls.QualifierReceiverKt                      : loaded 2 times (x 71B)
Class org.jetbrains.kotlin.fir.resolve.ResolutionMode$ContextDependent                : loaded 2 times (x 71B)
Class org.jetbrains.kotlin.fir.resolve.dfa.RealVariable$Companion                     : loaded 2 times (x 71B)
Class org.jetbrains.org.objectweb.asm.signature.SignatureWriter                       : loaded 2 times (x 88B)
Class org.jetbrains.kotlin.resolve.jvm.KotlinJavaPsiFacade                            : loaded 2 times (x 86B)
Class org.jetbrains.kotlin.descriptors.java.JavaVisibilities$PackageVisibility        : loaded 2 times (x 79B)
Class org.jetbrains.kotlin.cli.jvm.index.JvmDependenciesIndexImpl$ClassSearchResult$Found: loaded 2 times (x 72B)
Class org.jetbrains.kotlin.fir.declarations.FirDeclarationOrigin$SubstitutionOverride : loaded 2 times (x 72B)
Class org.jetbrains.kotlin.KtPsiSourceFile                                            : loaded 2 times (x 77B)
Class org.jetbrains.kotlin.cli.jvm.index.JvmDependenciesIndexImpl$WhenMappings        : loaded 2 times (x 71B)
Class org.jetbrains.kotlin.fir.caches.FirLazyValue                                    : loaded 2 times (x 72B)
Class org.jetbrains.kotlin.fir.types.impl.FirImplicitUShortTypeRef                    : loaded 2 times (x 109B)
Class org.jetbrains.kotlin.fir.types.FirTypeRef                                       : loaded 2 times (x 102B)
Class [Lcom.android.resources.HighDynamicRange;                                       : loaded 2 times (x 69B)
Class com.android.ide.common.rendering.api.StyleableResourceValueImpl                 : loaded 2 times (x 113B)
Class com.google.common.collect.Queues                                                : loaded 2 times (x 71B)
Class org.jetbrains.kotlin.load.java.structure.JavaClassifier                         : loaded 2 times (x 70B)
Class org.jetbrains.kotlin.metadata.jvm.JvmModuleProtoBuf$PackagePartsOrBuilder       : loaded 2 times (x 70B)
Class kotlin.jvm.internal.PropertyReference0Impl                                      : loaded 2 times (x 127B)
Class org.jetbrains.kotlin.psi.KtProjectionKind                                       : loaded 2 times (x 79B)
Class org.jetbrains.kotlin.config.JvmAnalysisFlags$Delegates$JavaTypeEnhancementStateNullByDefault: loaded 2 times (x 71B)
Class kotlin.reflect.jvm.internal.KClassImpl$Data$$Lambda$18                          : loaded 2 times (x 76B)
Class org.jetbrains.kotlin.fir.resolve.transformers.body.resolve.BodyResolveContext   : loaded 2 times (x 72B)
Class org.jetbrains.kotlin.fir.resolve.calls.jvm.JvmPlatformOverloadsConflictResolver : loaded 2 times (x 73B)
Class org.jetbrains.kotlin.fir.FirImportTrackerComponent                              : loaded 2 times (x 72B)
Class [Lorg.jetbrains.kotlin.psi.KtContractEffect;                                    : loaded 2 times (x 69B)
Class org.jetbrains.kotlin.psi.KtNamed                                                : loaded 2 times (x 70B)
Class org.jetbrains.kotlin.load.kotlin.KotlinClassFinder$Result$KotlinClass           : loaded 2 times (x 72B)
Class it.unimi.dsi.fastutil.ints.Int2ObjectMap$Entry                                  : loaded 2 times (x 70B)
Class org.jetbrains.kotlin.fir.java.deserialization.JvmBinaryAnnotationDeserializer   : loaded 2 times (x 88B)
Class org.jetbrains.kotlin.fir.java.deserialization.FirJvmConstDeserializer           : loaded 2 times (x 73B)
Class kotlin.text.MatcherMatchResult$groups$1                                         : loaded 2 times (x 151B)
Class org.jetbrains.kotlin.fir.deserialization.AbstractFirDeserializedSymbolProvider$ClassMetadataFindResult: loaded 2 times (x 71B)
Class org.jetbrains.kotlin.metadata.ProtoBuf$ReturnValueStatus$1                      : loaded 2 times (x 74B)
Class [Lorg.jetbrains.kotlin.descriptors.annotations.KotlinTarget;                    : loaded 2 times (x 69B)
Class com.google.common.collect.FluentIterable                                        : loaded 2 times (x 81B)
Class com.google.common.cache.LocalCache$StrongEntry                                  : loaded 2 times (x 108B)
Class com.google.common.util.concurrent.AbstractFuture$TrustedFuture                  : loaded 2 times (x 114B)
Class com.google.common.cache.LoadingCache                                            : loaded 2 times (x 70B)
Class com.google.wireless.android.sdk.stats.JourneyFinishedEvent                      : loaded 2 times (x 195B)
Class com.google.wireless.android.sdk.stats.EmulatorConsoleEventOrBuilder             : loaded 2 times (x 70B)
Class com.google.wireless.android.sdk.stats.IntellijProjectSizeStats                  : loaded 2 times (x 199B)
Class com.google.protobuf.AbstractProtobufList                                        : loaded 2 times (x 229B)
Class com.google.wireless.android.sdk.stats.EditorNotificationOrBuilder               : loaded 2 times (x 70B)
Class com.google.wireless.android.sdk.stats.WhatsNewAssistantUpdateEventOrBuilder     : loaded 2 times (x 70B)
Class com.google.wireless.android.sdk.stats.VfsRefreshOrBuilder                       : loaded 2 times (x 70B)
Class org.jetbrains.kotlin.fir.resolve.substitution.ConeSubstitutorByMap              : loaded 2 times (x 76B)
Class org.jetbrains.kotlin.scripting.compiler.plugin.FirScriptingSamWithReceiverExtensionRegistrar$configurePlugin$1: loaded 2 times (x 125B)
Class org.jetbrains.kotlin.diagnostics.PositioningStrategies$NULLABLE_TYPE$1          : loaded 2 times (x 74B)
Class org.jetbrains.kotlin.diagnostics.PositioningStrategies$CALL_ELEMENT_WITH_DOT$1  : loaded 2 times (x 74B)
Class org.jetbrains.kotlin.diagnostics.LightTreePositioningStrategies$DECLARATION_WITH_BODY$1: loaded 2 times (x 74B)
Class org.jetbrains.kotlin.types.checker.ClassicTypeSystemContextKt                   : loaded 2 times (x 71B)
Class kotlin.sequences.TakeWhileSequence                                              : loaded 2 times (x 75B)
Class [Lorg.jetbrains.kotlin.resolve.calls.inference.components.ConstraintSystemCompletionMode;: loaded 2 times (x 69B)
Class org.jetbrains.kotlin.resolve.calls.inference.ConstraintSystemBuilderKt$WhenMappings: loaded 2 times (x 71B)
Class org.jetbrains.kotlin.fir.resolve.calls.stages.ProcessDynamicExtensionAnnotation : loaded 2 times (x 72B)
Class org.jetbrains.kotlin.fir.resolve.calls.stages.ResolutionStage                   : loaded 2 times (x 72B)
Class org.jetbrains.kotlin.descriptors.EffectiveVisibility$InternalOrPackage          : loaded 2 times (x 75B)
Class [Lorg.jetbrains.kotlin.load.java.typeEnhancement.NullabilityQualifier;          : loaded 2 times (x 69B)
Class org.jetbrains.kotlin.load.kotlin.SignatureBuildingComponents                    : loaded 2 times (x 71B)
Class [Lorg.jetbrains.kotlin.fir.types.ProjectionKind;                                : loaded 2 times (x 69B)
Class org.jetbrains.kotlin.fir.resolve.transformers.FirStatusResolver$Companion       : loaded 2 times (x 71B)
Class org.jetbrains.kotlin.fir.symbols.impl.FirErrorCallableSymbol                    : loaded 2 times (x 70B)
Class [Lorg.jetbrains.kotlin.fir.builder.BodyBuildingMode;                            : loaded 2 times (x 69B)
Class org.jetbrains.kotlin.fir.resolve.dfa.cfg.FunctionCallArgumentsEnterNode         : loaded 2 times (x 82B)
Class org.jetbrains.kotlin.types.model.DynamicTypeMarker                              : loaded 2 times (x 70B)
Class org.jetbrains.kotlin.resolve.calls.inference.components.ConstraintIncorporator  : loaded 2 times (x 72B)
Class org.jetbrains.kotlin.resolve.calls.components.PostponedArgumentsAnalyzerContext : loaded 2 times (x 70B)
Class org.jetbrains.kotlin.fir.expressions.FirVariableAssignment                      : loaded 2 times (x 118B)
Class it.unimi.dsi.fastutil.BidirectionalIterator                                     : loaded 2 times (x 70B)
Class org.jetbrains.kotlin.psi.stubs.elements.KtTokenSets                             : loaded 2 times (x 70B)
Class org.jetbrains.kotlin.types.AbstractTypeApproximator$WhenMappings                : loaded 2 times (x 71B)
Class org.jetbrains.kotlin.fir.expressions.impl.FirStringConcatenationCallImpl        : loaded 2 times (x 136B)
Class org.jetbrains.kotlin.fir.expressions.impl.FirBlockImpl                          : loaded 2 times (x 122B)
Class org.jetbrains.kotlin.fir.resolve.calls.tower.FirTowerResolveTask$runResolverForQualifierReceiver$1: loaded 2 times (x 88B)
Class org.jetbrains.kotlin.psi.KtThrowExpression                                      : loaded 2 times (x 437B)
Class org.jetbrains.kotlin.psi.KtImportDirective                                      : loaded 2 times (x 457B)
Class [Lorg.jetbrains.kotlin.psi.KtModifierListOwnerStub;                             : loaded 2 times (x 69B)
Class it.unimi.dsi.fastutil.objects.ObjectCollection                                  : loaded 2 times (x 70B)
Class org.jetbrains.kotlin.fir.resolve.calls.overloads.ConeOverloadConflictResolver$DiscriminationFlags: loaded 2 times (x 71B)
Class com.android.tools.lint.model.DefaultLintModelModule                             : loaded 2 times (x 95B)
Class org.jetbrains.kotlin.fir.scopes.FirTypeScopeKt$anyOverriddenOf$$inlined$anyOverriddenOf$1: loaded 2 times (x 75B)
Class org.jetbrains.kotlin.fir.resolve.calls.FirSyntheticFunctionSymbol               : loaded 2 times (x 81B)
Class kotlin.io.FileTreeWalk$FileTreeWalkIterator$TopDownDirectoryState               : loaded 2 times (x 74B)
Class org.gradle.kotlin.dsl.ImplementationConfigurationAccessorsKt                    : loaded 2 times (x 71B)
Class com.google.common.base.Suppliers$NonSerializableMemoizingSupplier               : loaded 2 times (x 79B)
Class [Lcom.google.common.cache.Weigher;                                              : loaded 2 times (x 69B)
Class com.android.tools.analytics.HostData$graphicsEnvironment$2                      : loaded 2 times (x 78B)
Class com.google.wireless.android.sdk.stats.DebuggerEvent                             : loaded 2 times (x 205B)
Class com.google.wireless.android.sdk.stats.CoroutineDebuggerEvent                    : loaded 2 times (x 197B)
Class com.google.wireless.android.sdk.stats.AppInspectionEvent                        : loaded 2 times (x 214B)
Class com.google.wireless.android.sdk.stats.FileUsage                                 : loaded 2 times (x 208B)
Class com.google.wireless.android.sdk.stats.EmulatorUiEvent                           : loaded 2 times (x 203B)
Class com.google.wireless.android.sdk.stats.MlModelBindingEventOrBuilder              : loaded 2 times (x 70B)
Class com.google.wireless.android.sdk.stats.SurveyResponseOrBuilder                   : loaded 2 times (x 70B)
Class com.android.tools.analytics.Environment$EnvironmentVariable                     : loaded 2 times (x 79B)
Class com.google.protobuf.Message$Builder                                             : loaded 2 times (x 70B)
Class org.jetbrains.kotlin.diagnostics.PositioningStrategies$TYPE_PARAMETERS_OR_DECLARATION_SIGNATURE$1: loaded 2 times (x 74B)
Class org.jetbrains.kotlin.fir.types.CompilerConeAttributes$UnsafeVariance            : loaded 2 times (x 79B)
Class org.jetbrains.kotlin.fir.scopes.jvm.JvmMappedScope$FirMappedSymbolStorage$MappedSymbolsCache: loaded 2 times (x 72B)
Class org.jetbrains.kotlin.fir.resolve.transformers.plugin.FirExpressionTransformerForAnnotationArguments: loaded 2 times (x 439B)
Class org.jetbrains.kotlin.fir.expressions.FirWrappedExpression                       : loaded 2 times (x 117B)
Class org.jetbrains.kotlin.fir.java.JavaTypeParameterStack$Companion$EMPTY$1          : loaded 2 times (x 80B)
Class org.jetbrains.kotlin.descriptors.java.JavaVisibilities$ProtectedStaticVisibility: loaded 2 times (x 79B)
Class org.jetbrains.kotlin.fir.expressions.FirAnnotationCall                          : loaded 2 times (x 163B)
Class org.jetbrains.kotlin.load.kotlin.KotlinJvmBinaryClass$MemberVisitor             : loaded 2 times (x 70B)
Class org.jetbrains.kotlin.fir.resolve.dfa.OperationStatement                         : loaded 2 times (x 73B)
Class org.jetbrains.kotlin.fir.deserialization.FirTypeDeserializer                    : loaded 2 times (x 72B)
Class org.jetbrains.kotlin.fir.resolve.transformers.body.resolve.FirExpressionsResolveTransformer: loaded 2 times (x 439B)
Class org.jetbrains.kotlin.fir.resolve.dfa.cfg.FinallyBlockEnterNode                  : loaded 2 times (x 82B)
Class [Lorg.jetbrains.kotlin.fir.resolve.dfa.cfg.EnterNodeMarker;                     : loaded 2 times (x 69B)
Class org.jetbrains.kotlin.KtPsiSourceElement                                         : loaded 2 times (x 79B)
Class org.jetbrains.kotlin.fir.java.deserialization.OptionalAnnotationClassesProvider : loaded 2 times (x 88B)
Class org.jetbrains.kotlin.fir.extensions.FirStatusTransformerExtension               : loaded 2 times (x 86B)
Class org.jetbrains.kotlin.fir.resolve.providers.impl.FirQualifierResolverImpl        : loaded 2 times (x 74B)
Class org.jetbrains.kotlin.fir.scopes.FirKotlinScopeProviderKt                        : loaded 2 times (x 71B)
Class org.jetbrains.kotlin.fir.scopes.impl.FirDeclaredMemberScopeProvider             : loaded 2 times (x 72B)
Class org.jetbrains.kotlin.fir.java.FirJavaAnnotationProvider                         : loaded 2 times (x 70B)
Class org.jetbrains.kotlin.fir.expressions.impl.FirAnnotationCallImpl                 : loaded 2 times (x 164B)
Class com.android.ide.common.resources.configuration.ScreenRatioQualifier             : loaded 2 times (x 91B)
Class org.jetbrains.kotlin.psi.KtLambdaExpression                                     : loaded 2 times (x 550B)
Class org.jetbrains.kotlin.resolve.extensions.ExtraImportsProviderExtension           : loaded 2 times (x 70B)
Class org.jetbrains.kotlin.serialization.deserialization.MetadataPartProvider         : loaded 2 times (x 70B)
Class org.jetbrains.kotlin.fir.expressions.builder.FirElseIfTrueConditionBuilder      : loaded 2 times (x 76B)
Class org.jetbrains.kotlin.diagnostics.PositioningStrategies$QUESTION_MARK_BY_TYPE$1  : loaded 2 times (x 74B)
Class org.jetbrains.kotlin.cli.jvm.compiler.JavaLanguageLevelKt$EntriesMappings       : loaded 2 times (x 71B)
Class org.jetbrains.kotlin.cli.common.arguments.ArgumentField                         : loaded 2 times (x 72B)
Class org.jetbrains.kotlin.psi.stubs.KotlinPlaceHolderWithTextStub                    : loaded 2 times (x 70B)
Class org.jetbrains.kotlin.fir.extensions.FirScriptResolutionConfigurationExtension$Companion: loaded 2 times (x 71B)
Class com.android.ide.common.gradle.Version$Companion$ParseState$EMPTY                : loaded 2 times (x 74B)
Class com.google.protobuf.WireFormat                                                  : loaded 2 times (x 71B)
Class com.google.gson.stream.MalformedJsonException                                   : loaded 2 times (x 82B)
Class com.google.wireless.android.sdk.stats.MachineDetailsOrBuilder                   : loaded 2 times (x 70B)
Class org.jetbrains.kotlin.resolve.scopes.receivers.Receiver                          : loaded 2 times (x 70B)
Class org.jetbrains.org.objectweb.asm.tree.TypeAnnotationNode                         : loaded 2 times (x 81B)
Class com.google.wireless.android.sdk.stats.SplittingTabsUsageEventOrBuilder          : loaded 2 times (x 70B)
Class com.google.common.collect.ImmutableMultimap$1                                   : loaded 2 times (x 82B)
Class com.google.wireless.android.sdk.stats.JvmDetails$1                              : loaded 2 times (x 151B)
Class com.google.wireless.android.sdk.stats.BackupAndSyncEvent                        : loaded 2 times (x 199B)
Class com.google.wireless.android.sdk.stats.ComposeSampleEvent                        : loaded 2 times (x 195B)
Class com.google.wireless.android.sdk.stats.EditorCompletionStats                     : loaded 2 times (x 199B)
Class com.google.wireless.android.sdk.stats.NavEditorEvent                            : loaded 2 times (x 215B)
Class com.google.wireless.android.sdk.stats.StudioLabsEventOrBuilder                  : loaded 2 times (x 70B)
Class com.google.wireless.android.sdk.stats.DeviceScreenshotEventOrBuilder            : loaded 2 times (x 70B)
Class com.google.wireless.android.sdk.stats.DirectAccessUsageEventOrBuilder           : loaded 2 times (x 70B)
Class com.google.wireless.android.sdk.stats.SdkIndexLoadingDetailsOrBuilder           : loaded 2 times (x 70B)
Class com.google.wireless.android.sdk.stats.VsPluginEventOrBuilder                    : loaded 2 times (x 70B)
Class com.android.repository.io.FileOpUtils                                           : loaded 2 times (x 71B)
Class org.jetbrains.kotlin.diagnostics.PositioningStrategies$SUPERTYPE_INITIALIZED_IN_EXPECTED_CLASS_DIAGNOSTIC$1: loaded 2 times (x 74B)
Class org.jetbrains.kotlin.diagnostics.LightTreePositioningStrategies$LABEL$1         : loaded 2 times (x 74B)
Class org.jetbrains.kotlin.fir.resolve.inference.ConeTypeVariableForLambdaReturnType  : loaded 2 times (x 72B)
Class com.google.wireless.android.sdk.stats.AndroidViewShowBuildFilesInModuleEventOrBuilder: loaded 2 times (x 70B)
Class org.jetbrains.kotlin.load.kotlin.TypeMappingMode$WhenMappings                   : loaded 2 times (x 71B)
Class org.jetbrains.kotlin.fir.declarations.FirDeclarationOrigin$Precompiled          : loaded 2 times (x 72B)
Class org.jetbrains.kotlin.KtFakeSourceElementKind$ImplicitContextParameterArgument   : loaded 2 times (x 72B)
Class org.jetbrains.kotlin.fir.resolve.calls.tower.FirTowerResolveTask$processClassifierScope$1: loaded 2 times (x 88B)
Class org.jetbrains.kotlin.KtFakeSourceElementKind$VarargArgument                     : loaded 2 times (x 72B)
Class org.jetbrains.kotlin.fir.resolve.inference.FirCallCompleter$LambdaAnalyzerImpl  : loaded 2 times (x 75B)
Class org.jetbrains.kotlin.fir.resolve.calls.tower.FirTowerResolveTask$runResolverForNoReceiver$1: loaded 2 times (x 88B)
Class org.jetbrains.kotlin.fir.resolve.ResolutionMode$ContextIndependent              : loaded 2 times (x 71B)
Class org.jetbrains.kotlin.fir.resolve.calls.ImplicitReceiverValue                    : loaded 2 times (x 85B)
Class org.jetbrains.kotlin.fir.scopes.impl.TypeAliasConstructorsSubstitutingScopeKt   : loaded 2 times (x 71B)
Class org.jetbrains.kotlin.load.java.structure.JavaWildcardType                       : loaded 2 times (x 70B)
Class org.jetbrains.kotlin.fir.scopes.impl.FirTypeIntersectionScopeContext            : loaded 2 times (x 72B)
Class org.jetbrains.kotlin.fir.declarations.FirPropertyBodyResolveState               : loaded 2 times (x 79B)
Class com.google.wireless.android.sdk.stats.GradleJdkInvalidEvent                     : loaded 2 times (x 195B)
Class org.jetbrains.kotlin.fir.resolve.calls.tower.TowerResolveManager                : loaded 2 times (x 72B)
Class [Lorg.jetbrains.kotlin.fir.resolve.dfa.cfg.TryExpressionExitNode;               : loaded 2 times (x 69B)
Class org.jetbrains.kotlin.fir.visitors.FirDefaultTransformer                         : loaded 2 times (x 389B)
Class org.jetbrains.kotlin.fir.caches.FirCacheWithPostComputeKt                       : loaded 2 times (x 71B)
Class org.jetbrains.kotlin.fir.ContainingScriptKey                                    : loaded 2 times (x 71B)
Class org.jetbrains.kotlin.resolve.jvm.KotlinJavaPsiFacade$1                          : loaded 2 times (x 78B)
Class org.jetbrains.kotlin.fir.extensions.FirDeclarationGenerationExtension           : loaded 2 times (x 85B)
Class org.jetbrains.kotlin.fir.resolve.providers.FirCachedSymbolNamesProvider         : loaded 2 times (x 88B)
Class org.jetbrains.kotlin.fir.resolve.substitution.AbstractConeSubstitutor$Companion : loaded 2 times (x 71B)
Class org.jetbrains.kotlin.fir.java.enhancement.FirAnnotationTypeQualifierResolver    : loaded 2 times (x 77B)
Class org.jetbrains.kotlin.fir.types.CompilerConeAttributes                           : loaded 2 times (x 71B)
Class org.jetbrains.kotlin.fir.types.ConeTypeConstructorMarker                        : loaded 2 times (x 70B)
Class com.google.wireless.android.sdk.stats.RunStartData                              : loaded 2 times (x 202B)
Class org.jetbrains.kotlin.parsing.TokenStreamPattern                                 : loaded 2 times (x 70B)
Class [Lorg.jetbrains.kotlin.config.ExplicitApiMode;                                  : loaded 2 times (x 69B)
Class org.jetbrains.kotlin.load.kotlin.PackageAndMetadataPartProvider                 : loaded 2 times (x 70B)
Class org.jetbrains.kotlin.storage.LockBasedStorageManager                            : loaded 2 times (x 108B)
Class com.android.tools.analytics.HostData$threadBean$2                               : loaded 2 times (x 78B)
Class org.jetbrains.kotlin.psi.KtLambdaArgument                                       : loaded 2 times (x 469B)
Class [Lorg.jetbrains.kotlin.psi.KtExpression;                                        : loaded 2 times (x 69B)
Class org.jetbrains.kotlin.KtNodeType                                                 : loaded 2 times (x 76B)
Class com.google.common.util.concurrent.ExecutionError                                : loaded 2 times (x 82B)
Class com.android.ide.common.repository.AgpVersion$Companion$WhenMappings             : loaded 2 times (x 71B)
Class org.jetbrains.org.objectweb.asm.tree.Util                                       : loaded 2 times (x 71B)
Class com.android.utils.StdLogger$Level                                               : loaded 2 times (x 79B)
Class kotlin.UByte                                                                    : loaded 2 times (x 74B)
Class com.google.common.reflect.Types$JavaVersion$1                                   : loaded 2 times (x 83B)
Class com.google.common.collect.ImmutableMultimap$2                                   : loaded 2 times (x 81B)
Class com.google.common.collect.AbstractIterator$State                                : loaded 2 times (x 79B)
Class com.google.common.cache.LocalCache$ValueReference                               : loaded 2 times (x 70B)
Class com.android.tools.lint.model.DefaultLintModelVariant$mainArtifact$2             : loaded 2 times (x 79B)
Class com.google.wireless.android.sdk.stats.AndroidStudioEvent$TemplatesUsage         : loaded 2 times (x 206B)
Class com.google.wireless.android.sdk.stats.WifiPairingEvent                          : loaded 2 times (x 210B)
Class com.google.wireless.android.sdk.stats.SystemHealthEvent                         : loaded 2 times (x 210B)
Class com.google.wireless.android.sdk.stats.ImportSampleEvent                         : loaded 2 times (x 197B)
Class com.google.wireless.android.sdk.stats.DefaultActivityLocatorStatsOrBuilder      : loaded 2 times (x 70B)
Class com.google.wireless.android.sdk.stats.LintActionOrBuilder                       : loaded 2 times (x 70B)
Class com.google.wireless.android.sdk.stats.JvmDetailsOrBuilder                       : loaded 2 times (x 70B)
Class com.android.sdklib.IAndroidTarget                                               : loaded 2 times (x 70B)
Class it.unimi.dsi.fastutil.Pair                                                      : loaded 2 times (x 70B)
Class org.jetbrains.kotlin.diagnostics.PositioningStrategies$ModifierSetBasedPositioningStrategy: loaded 2 times (x 75B)
Class org.jetbrains.kotlin.fir.expressions.FirComponentCall                           : loaded 2 times (x 183B)
Class org.jetbrains.kotlin.fir.resolve.calls.InaccessibleImplicitReceiverValue        : loaded 2 times (x 85B)
Class org.jetbrains.kotlin.fir.types.ConeDefinitelyNotNullType$Companion              : loaded 2 times (x 71B)
Class org.jetbrains.kotlin.fir.deserialization.AnnotationDeserializationUtilKt$WhenMappings: loaded 2 times (x 71B)
Class org.jetbrains.kotlin.fir.resolve.calls.candidate.CallableReferenceInfo          : loaded 2 times (x 79B)
Class org.jetbrains.kotlin.fir.expressions.impl.FirVarargArgumentsExpressionImpl      : loaded 2 times (x 119B)
Class org.jetbrains.kotlin.fir.references.builder.FirResolvedNamedReferenceBuilder    : loaded 2 times (x 72B)
Class org.jetbrains.kotlin.resolve.calls.inference.components.ResultTypeResolver$sinkIntegerLiteralTypes$$inlined$sortedBy$1: loaded 2 times (x 90B)
Class org.jetbrains.kotlin.fir.types.ConeKotlinTypeProjectionIn                       : loaded 2 times (x 74B)
Class org.jetbrains.kotlin.types.model.TypeVariableMarker                             : loaded 2 times (x 70B)
Class [Lorg.jetbrains.kotlin.psi.KtElement;                                           : loaded 2 times (x 69B)
Class org.jetbrains.kotlin.fir.resolve.calls.ConstructorFilter                        : loaded 2 times (x 79B)
Class org.jetbrains.kotlin.resolve.calls.inference.components.ConstraintInjector$Context: loaded 2 times (x 70B)
Class org.jetbrains.kotlin.types.AbstractTypeMapper                                   : loaded 2 times (x 71B)
Class org.jetbrains.kotlin.load.kotlin.JvmDescriptorTypeWriter                        : loaded 2 times (x 76B)
Class org.jetbrains.kotlin.types.AbstractTypeChecker                                  : loaded 2 times (x 71B)
Class org.jetbrains.kotlin.utils.SmartList$SingletonIteratorBase                      : loaded 2 times (x 81B)
Class org.jetbrains.kotlin.metadata.deserialization.VersionRequirement$Companion$WhenMappings: loaded 2 times (x 71B)
Class org.jetbrains.kotlin.fir.resolve.providers.impl.AbstractFirBuiltinSymbolProvider$BuiltInsPackageFragmentWrapper$special$$inlined$createCache$1: loaded 2 times (x 75B)
Class [Lorg.jetbrains.kotlin.load.java.typeEnhancement.TypeComponentPosition;         : loaded 2 times (x 69B)
Class org.jetbrains.kotlin.fir.declarations.FirValueClassRepresentationKt             : loaded 2 times (x 71B)
Class org.jetbrains.kotlin.mpp.TypeParameterSymbolMarker                              : loaded 2 times (x 70B)
Class [Lorg.jetbrains.kotlin.psi.KtDeclarationStub;                                   : loaded 2 times (x 69B)
Class org.jetbrains.kotlin.psi.KtExpressionWithLabel                                  : loaded 2 times (x 436B)
Class [Lorg.jetbrains.kotlin.fir.resolve.dfa.cfg.TailrecExitNodeMarker;               : loaded 2 times (x 69B)
Class [Lorg.jetbrains.kotlin.fir.resolve.dfa.cfg.ExitNodeMarker;                      : loaded 2 times (x 69B)
Class org.jetbrains.kotlin.fir.deserialization.MetadataBasedAnnotationDeserializer    : loaded 2 times (x 88B)
Class org.jetbrains.kotlin.resolve.jvm.KotlinJavaPsiFacade$2                          : loaded 2 times (x 77B)
Class org.jetbrains.kotlin.builtins.functions.FunctionTypeKindKt                      : loaded 2 times (x 71B)
Class org.jetbrains.kotlin.fir.resolve.FirQualifierResolver                           : loaded 2 times (x 73B)
Class org.jetbrains.kotlin.extensions.internal.CallResolutionInterceptorExtension     : loaded 2 times (x 70B)
Class org.jetbrains.kotlin.types.model.TypeSubstitutorMarker                          : loaded 2 times (x 70B)
Class org.jetbrains.kotlin.config.JvmAnalysisFlags$Delegates$JvmDefaultModeNullByDefault: loaded 2 times (x 71B)
Class org.jetbrains.kotlin.fir.types.ConeClassifierLookupTag                          : loaded 2 times (x 74B)
Class org.jetbrains.kotlin.load.java.structure.JavaTypeParameterListOwner             : loaded 2 times (x 70B)
Class org.jetbrains.kotlin.psi.KtSimpleNameExpressionImpl$Companion                   : loaded 2 times (x 71B)
Class it.unimi.dsi.fastutil.ints.IntArrays$Segment                                    : loaded 2 times (x 71B)
Class it.unimi.dsi.fastutil.ints.IntBidirectionalIterator                             : loaded 2 times (x 70B)
Class org.jetbrains.kotlin.cli.common.localfs.KotlinLocalVirtualFile                  : loaded 2 times (x 156B)
Class com.android.ide.common.blame.SourcePosition                                     : loaded 2 times (x 71B)
Class org.jetbrains.kotlin.psi.KtWhenCondition                                        : loaded 2 times (x 375B)
Class org.jetbrains.kotlin.psi.KtPostfixExpression                                    : loaded 2 times (x 501B)
Class org.jetbrains.kotlin.psi.KtStringTemplateEntryWithExpression                    : loaded 2 times (x 443B)
Class org.jetbrains.kotlin.psi.stubs.impl.KotlinTypeBean                              : loaded 2 times (x 70B)
Class org.jetbrains.kotlin.psi.stubs.elements.KtEnumEntryElementType                  : loaded 2 times (x 100B)
Class [Lorg.jetbrains.kotlin.psi.KtDeclarationContainer;                              : loaded 2 times (x 69B)
Class it.unimi.dsi.fastutil.ints.AbstractInt2ObjectMap                                : loaded 2 times (x 215B)
Class org.jetbrains.kotlin.platform.TargetPlatformKt                                  : loaded 2 times (x 71B)
Class org.jetbrains.kotlin.platform.SimplePlatform                                    : loaded 2 times (x 75B)
Class com.android.ide.common.resources.configuration.ScreenOrientationQualifier       : loaded 2 times (x 90B)
Class com.android.tools.lint.model.LintModelAndroidLibrary                            : loaded 2 times (x 70B)
Class org.jetbrains.kotlin.types.model.TypeArgumentMarker                             : loaded 2 times (x 70B)
Class org.jetbrains.kotlin.fir.resolve.inference.InferenceComponents                  : loaded 2 times (x 72B)
Class org.jetbrains.kotlin.fir.symbols.impl.FirFunctionSymbol                         : loaded 2 times (x 79B)
Class [Lorg.jetbrains.org.objectweb.asm.AnnotationVisitor;                            : loaded 2 times (x 69B)
Class org.jetbrains.kotlin.fir.scopes.impl.FirStandardOverrideChecker                 : loaded 2 times (x 81B)
Class org.jetbrains.kotlin.descriptors.annotations.Annotated                          : loaded 2 times (x 70B)
Class org.jetbrains.kotlin.com.intellij.openapi.diagnostic.Attachment                 : loaded 2 times (x 72B)
Class com.google.common.reflect.Types$JavaVersion$2                                   : loaded 2 times (x 83B)
Class com.google.common.reflect.Types                                                 : loaded 2 times (x 71B)
Class com.google.common.util.concurrent.AbstractFuture$Failure                        : loaded 2 times (x 72B)
Class com.google.protobuf.PrimitiveNonBoxingCollection                                : loaded 2 times (x 70B)
Class com.google.wireless.android.sdk.stats.DynamicLayoutInspectorEvent               : loaded 2 times (x 211B)
Class com.google.wireless.android.sdk.stats.GradleCppSyncStats                        : loaded 2 times (x 203B)
Class com.google.wireless.android.sdk.stats.SkillsEvent                               : loaded 2 times (x 204B)
Class com.google.wireless.android.sdk.stats.JourneyFinishedEventOrBuilder             : loaded 2 times (x 70B)
Class com.google.wireless.android.sdk.stats.IDeviceUsageEventOrBuilder                : loaded 2 times (x 70B)
Class com.google.wireless.android.sdk.stats.TypingLatencyStatsOrBuilder               : loaded 2 times (x 70B)
Class com.google.wireless.android.sdk.stats.IntellijIndexingStatsOrBuilder            : loaded 2 times (x 70B)
Class com.google.wireless.android.sdk.stats.SoongSyncStatsOrBuilder                   : loaded 2 times (x 70B)
Class com.google.wireless.android.sdk.stats.AvdLaunchEventOrBuilder                   : loaded 2 times (x 70B)
Class com.google.gson.stream.JsonReader                                               : loaded 2 times (x 97B)
Class org.jetbrains.kotlin.fir.builder.FirScriptConfiguratorExtensionKt               : loaded 2 times (x 71B)
Class org.jetbrains.kotlin.fir.extensions.FirExtension$Factory                        : loaded 2 times (x 70B)
Class org.jetbrains.kotlin.fir.extensions.FirExtensionRegistrar$ExtensionRegistrarContext: loaded 2 times (x 72B)
Class org.jetbrains.kotlin.scripting.definitions.ScriptDefinition$Companion           : loaded 2 times (x 71B)
Class org.jetbrains.kotlin.diagnostics.PositioningStrategies$LONG_LITERAL_SUFFIX$1    : loaded 2 times (x 74B)
Class org.jetbrains.kotlin.diagnostics.LightTreePositioningStrategies$DECLARATION_NAME$1: loaded 2 times (x 75B)
Class org.jetbrains.kotlin.fir.resolve.calls.tower.InvokeFunctionResolveTask$runResolverForInvoke$1: loaded 2 times (x 88B)
Class org.jetbrains.kotlin.resolve.jvm.KotlinJavaPsiFacade$3                          : loaded 2 times (x 71B)
Class org.jetbrains.kotlin.fir.resolve.dfa.TypeStatement                              : loaded 2 times (x 74B)
Class org.jetbrains.kotlin.fir.resolve.transformers.WhenOnEnumExhaustivenessChecker   : loaded 2 times (x 73B)
Class org.jetbrains.kotlin.fir.caches.NullableMap$NullValue                           : loaded 2 times (x 71B)
Class org.jetbrains.kotlin.KtFakeSourceElementKind$GeneratedLambdaLabel               : loaded 2 times (x 72B)
Class org.jetbrains.kotlin.fir.expressions.builder.FirAbstractWhenBranchBuilder       : loaded 2 times (x 70B)
Class org.jetbrains.kotlin.fir.resolve.transformers.FirCallCompletionResultsWriterTransformer$ResultingArgumentsMapping: loaded 2 times (x 72B)
Class org.jetbrains.kotlin.resolve.calls.model.PostponedResolvedAtomMarker            : loaded 2 times (x 70B)
Class org.jetbrains.kotlin.resolve.calls.inference.model.ConstraintStorage            : loaded 2 times (x 70B)
Class org.jetbrains.kotlin.fir.declarations.builder.FirFieldBuilder                   : loaded 2 times (x 175B)
Class org.jetbrains.kotlin.fir.types.FirFunctionTypeKindServiceImpl$extractor$1$kinds$1$registrar$1: loaded 2 times (x 75B)
Class org.jetbrains.kotlin.fir.expressions.ExplicitTypeArgumentIfMadeFlexibleSyntheticallyTypeAttribute: loaded 2 times (x 80B)
Class org.jetbrains.kotlin.fir.declarations.ValueClassesUtilsKt                       : loaded 2 times (x 71B)
Class org.jetbrains.kotlin.builtins.jvm.JavaToKotlinClassMap                          : loaded 2 times (x 71B)
Class org.jetbrains.kotlin.types.ConstantValueKind$Null                               : loaded 2 times (x 72B)
Class org.jetbrains.kotlin.fir.java.deserialization.JvmBinaryAnnotationDeserializerKt$loadMemberAnnotations$1$MemberAnnotationVisitor: loaded 2 times (x 78B)
Class org.jetbrains.kotlin.metadata.ProtoBuf$ReturnValueStatus                        : loaded 2 times (x 82B)
Class org.jetbrains.kotlin.fir.resolve.transformers.FirSupertypeResolverVisitor       : loaded 2 times (x 238B)
Class org.jetbrains.kotlin.fir.types.ConeTypeUtilsKt                                  : loaded 2 times (x 71B)
Class org.jetbrains.kotlin.fir.declarations.FirDeclarationOrigin$Java                 : loaded 2 times (x 72B)
Class org.jetbrains.kotlin.fir.declarations.utils.FirDeclarationUtilKt                : loaded 2 times (x 71B)
Class org.jetbrains.kotlin.fir.symbols.FirLazyDeclarationResolverKt$lazyResolveToPhase$1: loaded 2 times (x 125B)
Class org.jetbrains.kotlin.fir.declarations.builder.FirValueParameterBuilder          : loaded 2 times (x 109B)
Class org.jetbrains.kotlin.fir.declarations.builder.FirPrimaryConstructorBuilder      : loaded 2 times (x 157B)
Class org.jetbrains.kotlin.fir.deserialization.AbstractFirDeserializedSymbolProvider  : loaded 2 times (x 88B)
Class org.jetbrains.kotlin.load.java.JavaClassFinderImplKt                            : loaded 2 times (x 71B)
Class org.jetbrains.kotlin.fir.declarations.FirResolveStateKt                         : loaded 2 times (x 71B)
Class [Lorg.jetbrains.kotlin.descriptors.Modality;                                    : loaded 2 times (x 69B)
Class [Lorg.jetbrains.kotlin.types.model.KotlinTypeMarker;                            : loaded 2 times (x 69B)
Class org.jetbrains.kotlin.fir.extensions.FirFunctionTypeKindExtension                : loaded 2 times (x 76B)
Class [Lcom.android.resources.NightMode;                                              : loaded 2 times (x 69B)
Class com.android.ide.common.resources.DataFile                                       : loaded 2 times (x 83B)
Class com.android.ide.common.rendering.api.ResourceValueImpl                          : loaded 2 times (x 100B)
Class org.jetbrains.kotlin.container.PlatformSpecificExtension                        : loaded 2 times (x 70B)
Class [Lorg.jetbrains.kotlin.fir.resolve.providers.FirSymbolProvider;                 : loaded 2 times (x 69B)
Class org.jetbrains.kotlin.fir.FirTargetElement                                       : loaded 2 times (x 70B)
Class org.jetbrains.kotlin.resolve.deprecation.DeprecationLevelValue                  : loaded 2 times (x 79B)
Class kotlin.time.MonotonicTimeSource                                                 : loaded 2 times (x 77B)
Class org.jetbrains.kotlin.fir.symbols.impl.FirFileSymbol                             : loaded 2 times (x 75B)
Class kotlin.reflect.jvm.internal.CacheByClassKt                                      : loaded 2 times (x 71B)
Class org.jetbrains.kotlin.fir.diagnostics.FirDiagnosticHolder                        : loaded 2 times (x 70B)
Class org.jetbrains.kotlin.fir.util.BaseMultimap                                      : loaded 2 times (x 110B)
Class [Lorg.jetbrains.kotlin.fir.resolve.dfa.cfg.CFGNodeWithSubgraphs;                : loaded 2 times (x 69B)
Class org.jetbrains.kotlin.fir.resolve.calls.tower.TowerGroupKind$QualifierOrClassifier: loaded 2 times (x 76B)
Class org.jetbrains.kotlin.psi.KtThisExpression                                       : loaded 2 times (x 437B)
Class org.jetbrains.kotlin.psi.stubs.elements.KtConstantExpressionElementType         : loaded 2 times (x 100B)
Class org.jetbrains.kotlin.KtStubBasedElementTypes                                    : loaded 2 times (x 71B)
Class org.jetbrains.kotlin.util.PerformanceManager                                    : loaded 2 times (x 74B)
Class org.jetbrains.kotlin.load.kotlin.VirtualFileKotlinClass$Factory                 : loaded 2 times (x 71B)
Class org.jetbrains.kotlin.fir.expressions.builder.FirCallBuilder                     : loaded 2 times (x 70B)
Class org.jetbrains.kotlin.descriptors.DescriptorVisibility                           : loaded 2 times (x 78B)
Class com.google.common.reflect.Types$JavaVersion$3                                   : loaded 2 times (x 83B)
Class com.google.common.collect.ImmutableSetMultimap                                  : loaded 2 times (x 180B)
Class [Lorg.apache.commons.io.file.DeleteOption;                                      : loaded 2 times (x 69B)
Class com.google.common.io.CharSink                                                   : loaded 2 times (x 79B)
Class org.jetbrains.kotlin.fir.resolve.transformers.LazyPublishedApiEffectiveVisibilityKey: loaded 2 times (x 71B)
Class com.android.tools.analytics.CommonMetricsData                                   : loaded 2 times (x 71B)
Class com.google.wireless.android.sdk.stats.DeviceManagerEventOrBuilder               : loaded 2 times (x 70B)
Class com.google.wireless.android.sdk.stats.GradleDaemonJvmCriteriaErrorEventOrBuilder: loaded 2 times (x 70B)
Class com.google.wireless.android.sdk.stats.RenderSecurityManagerEventOrBuilder       : loaded 2 times (x 70B)
Class com.google.wireless.android.sdk.stats.StudioPatchUpdaterEventOrBuilder          : loaded 2 times (x 70B)
Class [Lorg.jetbrains.kotlin.fir.declarations.FirControlFlowGraphOwner;               : loaded 2 times (x 69B)
Class org.jetbrains.kotlin.fir.expressions.builder.FirVariableAssignmentBuilder       : loaded 2 times (x 76B)
Class org.jetbrains.kotlin.fir.references.impl.FirPropertyFromParameterResolvedNamedReference: loaded 2 times (x 92B)
Class org.jetbrains.kotlin.fir.renderer.FirRenderer$Visitor                           : loaded 2 times (x 390B)
Class org.jetbrains.kotlin.contracts.description.EventOccurrencesRange$Companion      : loaded 2 times (x 71B)
Class [Lorg.jetbrains.kotlin.contracts.description.EventOccurrencesRange;             : loaded 2 times (x 69B)
Class org.jetbrains.kotlin.types.TypeApproximatorConfiguration$LocalDeclaration       : loaded 2 times (x 85B)
Class org.jetbrains.kotlin.fir.resolve.dfa.cfg.ResolvedQualifierNode                  : loaded 2 times (x 82B)
Class org.jetbrains.kotlin.fir.expressions.FirStringConcatenationCall                 : loaded 2 times (x 135B)
Class org.jetbrains.kotlin.fir.resolve.calls.candidate.FirErrorReferenceWithCandidate : loaded 2 times (x 91B)
Class org.jetbrains.kotlin.fir.resolve.inference.PostponedArgumentsAnalyzer           : loaded 2 times (x 75B)
Class [Lorg.jetbrains.kotlin.resolve.calls.inference.model.ConstraintKind;            : loaded 2 times (x 69B)
Class org.jetbrains.kotlin.fir.resolve.calls.stages.TypeArgumentMapping               : loaded 2 times (x 72B)
Class org.jetbrains.kotlin.fir.scopes.impl.FirDefaultStarImportingScope$processClassifiersByNameWithSubstitutionFromBothLevelsConditionally$2: loaded 2 times (x 80B)
Class org.jetbrains.kotlin.fir.builder.CalleeAndReceiver                              : loaded 2 times (x 72B)
Class org.jetbrains.kotlin.fir.resolve.transformers.body.resolve.FirImplicitAwareBodyResolveTransformer: loaded 2 times (x 483B)
Class org.jetbrains.kotlin.fir.declarations.impl.FirConstructorImpl                   : loaded 2 times (x 211B)
Class org.jetbrains.kotlin.fir.resolve.CodeFragmentContextDataKey                     : loaded 2 times (x 71B)
Class org.jetbrains.kotlin.fir.declarations.FirValueClassRepresentationKey            : loaded 2 times (x 71B)
Class org.jetbrains.kotlin.fir.declarations.utils.DanglingTypeConstraintsKey          : loaded 2 times (x 71B)
Class org.jetbrains.kotlin.fir.resolve.inference.FirInferenceSession$Companion        : loaded 2 times (x 71B)
Class org.jetbrains.kotlin.fir.declarations.IsHiddenEverywhereBesideSuperCalls        : loaded 2 times (x 71B)
Class org.jetbrains.kotlin.descriptors.java.JavaVisibilities$ProtectedAndPackage      : loaded 2 times (x 79B)
Class org.jetbrains.kotlin.fir.symbols.FirLazyDeclarationResolverKt                   : loaded 2 times (x 71B)
Class org.jetbrains.kotlin.fir.java.deserialization.OptionalAnnotationClassesProvider$Companion: loaded 2 times (x 71B)
Class org.jetbrains.kotlin.fir.FirModuleVisibilityChecker$Standard                    : loaded 2 times (x 73B)
Class org.jetbrains.kotlin.load.java.structure.JavaMember                             : loaded 2 times (x 70B)
Class org.jetbrains.kotlin.fir.declarations.FirResolvePhase                           : loaded 2 times (x 79B)
Class org.jetbrains.kotlin.fir.resolve.providers.impl.FirBuiltinSyntheticFunctionInterfaceProvider: loaded 2 times (x 85B)
Class org.jetbrains.kotlin.load.java.PropertiesConventionUtilKt                       : loaded 2 times (x 71B)
Class org.jetbrains.kotlin.fir.types.ConeDynamicType$Companion                        : loaded 2 times (x 71B)
Class org.jetbrains.kotlin.load.java.typeEnhancement.PredefinedEnhancementInfoKt      : loaded 2 times (x 71B)
Class org.jetbrains.kotlin.fir.resolve.dfa.FirDataFlowAnalyzer$Companion$createFirDataFlowAnalyzer$1$logicSystem$1: loaded 2 times (x 74B)
Class org.jetbrains.kotlin.fir.resolve.dfa.cfg.EdgeLabel                              : loaded 2 times (x 70B)
Class org.jetbrains.kotlin.fir.expressions.FirSpreadArgumentExpression                : loaded 2 times (x 122B)
Class com.google.common.hash.HashCode$LongHashCode                                    : loaded 2 times (x 80B)
Class com.android.resources.ResourceFolderType                                        : loaded 2 times (x 79B)
Class org.jetbrains.kotlin.types.model.TypeSystemCommonSuperTypesContextContextualKt  : loaded 2 times (x 71B)
Class org.jetbrains.kotlin.psi.psiUtil.KtPsiUtilKt                                    : loaded 2 times (x 71B)
Class org.jetbrains.kotlin.parsing.AbstractKotlinParsing$AtSet                        : loaded 2 times (x 78B)
Class org.jetbrains.kotlin.metadata.jvm.deserialization.ModuleMappingKt               : loaded 2 times (x 71B)
Class org.jetbrains.kotlin.utils.DFS$Neighbors                                        : loaded 2 times (x 70B)
Class org.jetbrains.kotlin.fir.resolve.dfa.cfg.LoopBlockEnterNode                     : loaded 2 times (x 82B)
Class org.jetbrains.kotlin.types.TypeMappingUtil                                      : loaded 2 times (x 71B)
Class org.jetbrains.kotlin.load.kotlin.KotlinBinaryClassCache$cache$1                 : loaded 2 times (x 83B)
Class org.jetbrains.kotlin.psi.KtLabelReferenceExpression                             : loaded 2 times (x 568B)
Class [Lorg.jetbrains.kotlin.psi.KtStatementExpression;                               : loaded 2 times (x 69B)
Class org.jetbrains.kotlin.psi.stubs.KotlinStubWithFqName                             : loaded 2 times (x 70B)
Class org.jetbrains.kotlin.config.MavenComparableVersion$Item                         : loaded 2 times (x 70B)
Class com.android.ide.common.gradle.Version$Companion$ParseState$NUMERIC              : loaded 2 times (x 74B)
Class com.android.ide.common.repository.AgpVersion$PreviewKind                        : loaded 2 times (x 79B)
Class [Lcom.android.tools.lint.model.LintModelModuleType;                             : loaded 2 times (x 69B)
Class com.android.tools.lint.model.LintModelSerialization$LintModelSerializationFileAdapter$WhenMappings: loaded 2 times (x 71B)
Class kotlin.script.experimental.api.ScriptCompilationConfiguration                   : loaded 2 times (x 72B)
Class kotlin.script.templates.standard.ScriptTemplateWithArgs                         : loaded 2 times (x 72B)
Class com.google.protobuf.CodedInputStream$StreamDecoder                              : loaded 2 times (x 120B)
Class com.google.wireless.android.sdk.stats.BrowserSurveyEventOrBuilder               : loaded 2 times (x 70B)
Class org.gradle.kotlin.dsl.Accessors7cddnu26duc8nxp06w1clhaoeKt                      : loaded 2 times (x 71B)
Class com.google.common.reflect.Types$JavaVersion$4                                   : loaded 2 times (x 83B)
Class com.google.common.cache.LocalCache$EntryFactory$1                               : loaded 2 times (x 83B)
Class [Lcom.google.common.cache.RemovalListener;                                      : loaded 2 times (x 69B)
Class com.google.wireless.android.sdk.stats.TSdkUAEvent                               : loaded 2 times (x 204B)
Class com.google.wireless.android.sdk.stats.HeapReportEvent                           : loaded 2 times (x 199B)
Class com.google.wireless.android.sdk.stats.LiveLiteralsEvent                         : loaded 2 times (x 203B)
Class com.google.wireless.android.sdk.stats.MetaMetricsOrBuilder                      : loaded 2 times (x 70B)
Class [Lcom.android.tools.analytics.JournalingUsageTracker$State;                     : loaded 2 times (x 69B)
Class org.jetbrains.kotlin.KtFakeSourceElementKind$ScriptBaseClass                    : loaded 2 times (x 72B)
Class org.jetbrains.kotlin.assignment.plugin.AssignmentConfigurationKeys              : loaded 2 times (x 71B)
Class kotlin.script.experimental.util.PropertiesCollection$Builder                    : loaded 2 times (x 72B)
Class [Lorg.jetbrains.kotlin.fir.types.EraseUpperBoundMode;                           : loaded 2 times (x 69B)
Class org.jetbrains.kotlin.diagnostics.LightTreePositioningStrategiesKt               : loaded 2 times (x 71B)
Class org.jetbrains.kotlin.fir.analysis.diagnostics.FirErrors                         : loaded 2 times (x 72B)
Class org.jetbrains.kotlin.fir.scopes.FirScopeKt$getFunctions$1$1                     : loaded 2 times (x 80B)
Class org.jetbrains.kotlin.fir.resolve.dfa.FirLocalVariableAssignmentAnalyzer$Companion$MiniCfgBuilder: loaded 2 times (x 230B)
Class org.jetbrains.kotlin.fir.resolve.dfa.cfg.WhenBranchResultEnterNode              : loaded 2 times (x 82B)
Class org.jetbrains.kotlin.fir.scopes.impl.FirFakeOverrideGenerator                   : loaded 2 times (x 71B)
Class org.jetbrains.kotlin.resolve.deprecation.CommonDeprecationUtilsKt               : loaded 2 times (x 71B)
Class org.jetbrains.kotlin.fir.resolve.ResolutionMode$ReceiverResolution$Companion    : loaded 2 times (x 71B)
Class com.google.common.collect.RegularImmutableBiMap$Inverse$InverseEntrySet         : loaded 2 times (x 152B)
Class org.jetbrains.kotlin.types.AbstractTypeApproximator$ApproximationResult         : loaded 2 times (x 72B)
Class org.jetbrains.kotlin.types.TypeApproximatorConfiguration$TypeArgumentApproximationAfterCompletionInK2: loaded 2 times (x 86B)
Class org.jetbrains.kotlin.resolve.calls.inference.components.ConstraintSystemCompletionMode: loaded 2 times (x 79B)
Class org.jetbrains.kotlin.fir.resolve.inference.model.ConeArgumentConstraintPosition : loaded 2 times (x 72B)
Class org.jetbrains.kotlin.fir.resolve.transformers.LambdaArgumentEffectsTransformerKt: loaded 2 times (x 71B)
Class org.jetbrains.kotlin.fir.expressions.impl.FirFunctionCallImpl                   : loaded 2 times (x 199B)
Class org.jetbrains.kotlin.fir.resolve.transformers.mpp.FirExpectActualMatchingContextImpl$mustUseMatcher$1: loaded 2 times (x 75B)
Class org.jetbrains.kotlin.fir.java.enhancement.FirSignatureEnhancement$TypeInSignature: loaded 2 times (x 72B)
Class org.jetbrains.kotlin.load.java.SpecialGenericSignatures$TypeSafeBarrierDescription: loaded 2 times (x 80B)
Class org.jetbrains.kotlin.fir.java.declarations.FirJavaTypeParameter$BoundsEnhancementState$NotFinished$NotStarted: loaded 2 times (x 74B)
Class org.jetbrains.kotlin.fir.resolve.transformers.StatusComputationSession$StatusComputationStatus: loaded 2 times (x 79B)
Class org.jetbrains.kotlin.fir.types.ConeTypeProjectionKt                             : loaded 2 times (x 71B)
Class org.jetbrains.kotlin.types.ConstantValueKind$Int                                : loaded 2 times (x 72B)
Class com.google.wireless.android.sdk.stats.AppLinksAssistantEvent                    : loaded 2 times (x 231B)
Class com.google.wireless.android.sdk.stats.StudioBotToolWindowAutoOpenEvent          : loaded 2 times (x 195B)
Class org.jetbrains.kotlin.fir.resolve.TypeResolutionConfiguration                    : loaded 2 times (x 72B)
Class org.jetbrains.kotlin.fir.resolve.calls.tower.TowerGroupKind                     : loaded 2 times (x 76B)
Class org.jetbrains.kotlin.fir.resolve.transformers.plugin.AbstractFirSpecificAnnotationResolveTransformer: loaded 2 times (x 414B)
Class org.jetbrains.kotlin.fir.scopes.impl.FirDeclaredMemberScopeProviderKt           : loaded 2 times (x 71B)
Class org.jetbrains.kotlin.constant.EvaluatedConstTracker$Key                         : loaded 2 times (x 70B)
Class org.jetbrains.kotlin.fir.declarations.impl.FirRegularClassImpl                  : loaded 2 times (x 175B)
Class org.jetbrains.kotlin.name.JvmStandardClassIds$Java                              : loaded 2 times (x 71B)
Class org.jetbrains.kotlin.load.java.JavaNullabilityAnnotationsStatus$Companion       : loaded 2 times (x 71B)
Class org.jetbrains.kotlin.util.NullableArrayMapAccessor                              : loaded 2 times (x 74B)
Class org.jetbrains.kotlin.fir.FirPrivateVisibleFromDifferentModuleExtension          : loaded 2 times (x 73B)
Class [Lcom.android.resources.NavigationState;                                        : loaded 2 times (x 69B)
Class com.google.wireless.android.sdk.stats.KotlinGradlePerformance                   : loaded 2 times (x 227B)
Class org.gradle.internal.classloader.ClassLoaderHierarchy                            : loaded 2 times (x 70B)
Class kotlin.reflect.jvm.internal.CachesKt                                            : loaded 2 times (x 71B)
Class kotlinx.coroutines.flow.FlowKt__ChannelsKt$emitAllInternal$1                    : loaded 2 times (x 88B)
Class [Lorg.jetbrains.kotlin.psi.KtSimpleNameStringTemplateEntry;                     : loaded 2 times (x 69B)
Class com.google.common.io.FileWriteMode                                              : loaded 2 times (x 79B)
Class com.google.common.cache.LocalCache$ValueIterator                                : loaded 2 times (x 86B)
Class org.jetbrains.kotlin.descriptors.ValidateableDescriptor                         : loaded 2 times (x 70B)
Class com.google.common.reflect.Types$JavaVersion$5                                   : loaded 2 times (x 71B)
Class [Lcom.google.common.reflect.Types$ClassOwnership;                               : loaded 2 times (x 69B)
Class com.google.common.collect.RangeSet                                              : loaded 2 times (x 70B)
Class com.google.common.cache.LocalCache$EntryFactory$2                               : loaded 2 times (x 83B)
Class com.google.wireless.android.sdk.stats.StudioProjectChange                       : loaded 2 times (x 195B)
Class com.google.wireless.android.sdk.stats.IntelliJNewUISwitchOrBuilder              : loaded 2 times (x 70B)
Class com.google.wireless.android.sdk.stats.EmulatorUiEventOrBuilder                  : loaded 2 times (x 70B)
Class com.google.wireless.android.sdk.stats.LintSession                               : loaded 2 times (x 221B)
Class com.google.common.collect.AbstractMapBasedMultimap$NavigableKeySet              : loaded 2 times (x 262B)
Class org.jetbrains.kotlin.load.java.structure.JavaArrayAnnotationArgument            : loaded 2 times (x 70B)
Class org.jetbrains.kotlin.diagnostics.LightTreePositioningStrategies$FUN_INTERFACE$1 : loaded 2 times (x 74B)
Class org.jetbrains.kotlin.diagnostics.LightTreePositioningStrategies$PARAMETER_DEFAULT_VALUE$1: loaded 2 times (x 74B)
Class org.jetbrains.kotlin.fir.resolve.transformers.WhenOnBooleanExhaustivenessChecker: loaded 2 times (x 73B)
Class org.jetbrains.kotlin.resolve.calls.results.FlatSignature                        : loaded 2 times (x 72B)
Class org.jetbrains.kotlin.fir.resolve.calls.ExpressionReceiverValue                  : loaded 2 times (x 77B)
Class org.jetbrains.kotlin.utils.DFS$VisitedWithSet                                   : loaded 2 times (x 76B)
Class org.jetbrains.kotlin.fir.resolve.BodyResolveComponentsKt                        : loaded 2 times (x 71B)
Class org.jetbrains.kotlin.fir.resolve.inference.ConstraintSystemCompleter$PostponedAtomAnalyzer: loaded 2 times (x 70B)
Class org.jetbrains.kotlin.resolve.calls.inference.components.ConstraintIncorporator$Context: loaded 2 times (x 70B)
Class org.jetbrains.kotlin.fir.resolve.dfa.MutableFlow                                : loaded 2 times (x 77B)
Class org.jetbrains.kotlin.fir.resolve.transformers.mpp.FirExpectActualMatchingContextImpl: loaded 2 times (x 526B)
Class org.jetbrains.kotlin.config.CompilerConfigurationKey                            : loaded 2 times (x 72B)
Class org.jetbrains.kotlin.fir.declarations.Check                                     : loaded 2 times (x 74B)
Class org.jetbrains.kotlin.fir.declarations.FirDeclarationOrigin$Java$Library         : loaded 2 times (x 72B)
Class org.jetbrains.kotlin.fir.java.enhancement.FirEmptyJavaAnnotationList            : loaded 2 times (x 222B)
Class org.jetbrains.kotlin.fir.deserialization.FirConstDeserializerKt                 : loaded 2 times (x 71B)
Class org.jetbrains.kotlin.fir.declarations.SimpleDeprecatedProvider                  : loaded 2 times (x 73B)
Class org.jetbrains.kotlin.serialization.deserialization.ProtoEnumFlags$WhenMappings  : loaded 2 times (x 71B)
Class org.jetbrains.kotlin.fir.scopes.ListStorageFirScope                             : loaded 2 times (x 79B)
Class org.jetbrains.kotlin.fir.declarations.FirResolvedImport                         : loaded 2 times (x 96B)
Class org.jetbrains.kotlin.fir.types.ConeDefinitelyNotNullType                        : loaded 2 times (x 80B)
Class org.jetbrains.kotlin.fir.declarations.FirAnonymousFunction                      : loaded 2 times (x 227B)
Class org.jetbrains.kotlin.fir.declarations.FirDeclarationDataRegistry                : loaded 2 times (x 73B)
Class org.jetbrains.kotlin.fir.resolve.providers.FirSymbolNamesProviderWithoutCallables: loaded 2 times (x 82B)
Class org.jetbrains.kotlin.fir.resolve.FirJavaSyntheticNamesProvider                  : loaded 2 times (x 74B)
Class org.jetbrains.kotlin.load.java.ReportLevel                                      : loaded 2 times (x 79B)
Class org.jetbrains.kotlin.fir.types.ConeKotlinType                                   : loaded 2 times (x 75B)
Class com.android.ide.common.rendering.api.AttrResourceValue                          : loaded 2 times (x 70B)
Class it.unimi.dsi.fastutil.objects.Reference2ObjectMap                               : loaded 2 times (x 70B)
Class org.jetbrains.kotlin.psi.KtEnumEntry                                            : loaded 2 times (x 1172B)
Class org.jetbrains.kotlin.psi.KtDynamicType                                          : loaded 2 times (x 504B)
Class it.unimi.dsi.fastutil.ints.IntArrays$ForkJoinQuickSort                          : loaded 2 times (x 96B)
Class org.jetbrains.kotlin.psi.psiUtil.PsiUtilsKt                                     : loaded 2 times (x 71B)
Class org.jetbrains.kotlin.psi.impl.KotlinElementTypeProviderImpl$kdocType$1          : loaded 2 times (x 84B)
Class kotlin.reflect.jvm.internal.impl.resolve.jvm.JvmClassName                       : loaded 2 times (x 75B)
Class kotlinx.coroutines.internal.SoftLimitedParallelism                              : loaded 2 times (x 70B)
Class [Lorg.jetbrains.kotlin.psi.KtClassLikeDeclaration;                              : loaded 2 times (x 69B)
Class kotlin.jvm.internal.MutablePropertyReference0                                   : loaded 2 times (x 137B)
Class com.android.prefs.Global                                                        : loaded 2 times (x 80B)
Class kotlin.reflect.jvm.internal.impl.builtins.CompanionObjectMapping                : loaded 2 times (x 71B)
Class org.jetbrains.kotlin.analyzer.CompilationErrorException                         : loaded 2 times (x 82B)
Class com.google.common.collect.CollectCollectors                                     : loaded 2 times (x 71B)
Class com.google.common.cache.LocalCache$EntryFactory$3                               : loaded 2 times (x 83B)
Class com.google.common.base.Ticker$1                                                 : loaded 2 times (x 72B)
Class com.google.wireless.android.sdk.stats.LiveEditEvent                             : loaded 2 times (x 209B)
Class com.google.wireless.android.sdk.stats.ProjectViewSelectionChangeEvent           : loaded 2 times (x 197B)
Class com.google.wireless.android.sdk.stats.FirebaseManagementEvent                   : loaded 2 times (x 202B)
Class com.google.wireless.android.sdk.stats.KotlinSupportDeclined                     : loaded 2 times (x 195B)
Class com.google.wireless.android.sdk.stats.RenderToolEventOrBuilder                  : loaded 2 times (x 70B)
Class com.google.wireless.android.sdk.stats.AdbServerStatusOrBuilder                  : loaded 2 times (x 70B)
Class com.google.wireless.android.sdk.stats.EmulatorPerformanceStatsOrBuilder         : loaded 2 times (x 70B)
Class com.google.wireless.android.sdk.stats.DeclarativeWatchFaceEventOrBuilder        : loaded 2 times (x 70B)
Class [Lcom.android.tools.analytics.Environment$SystemProperty;                       : loaded 2 times (x 69B)
Class com.android.tools.analytics.AnalyticsSettings                                   : loaded 2 times (x 71B)
Class com.google.protobuf.Descriptors$Descriptor                                      : loaded 2 times (x 76B)
Class kotlin.script.experimental.api.ErrorHandlingKt                                  : loaded 2 times (x 71B)
Class org.jetbrains.kotlin.scripting.definitions.ScriptDefinition$Companion$getDefault$1: loaded 2 times (x 115B)
Class org.jetbrains.kotlin.diagnostics.PositioningStrategies$TYPE_PARAMETERS_LIST$1   : loaded 2 times (x 74B)
Class org.jetbrains.kotlin.fir.FirFunctionTypeParameter                               : loaded 2 times (x 89B)
Class org.jetbrains.kotlin.fir.types.ConeTypeIntersector                              : loaded 2 times (x 71B)
Class org.jetbrains.kotlin.KtFakeSourceElementKind$ImplicitUnit$ForEmptyLambda        : loaded 2 times (x 72B)
Class org.jetbrains.kotlin.types.AbstractTypeChecker$WhenMappings                     : loaded 2 times (x 71B)
Class org.jetbrains.kotlin.load.kotlin.VirtualFileFinder                              : loaded 2 times (x 90B)
Class org.jetbrains.kotlin.fir.declarations.impl.FirConstructedClassTypeParameterRefImpl: loaded 2 times (x 97B)
Class org.jetbrains.kotlin.fir.resolve.calls.candidate.CallKind$Function              : loaded 2 times (x 72B)
Class org.jetbrains.kotlin.fir.expressions.FirQualifiedAccessExpression               : loaded 2 times (x 154B)
Class org.jetbrains.kotlin.fir.resolve.transformers.contracts.FirAbstractContractResolveTransformerDispatcher: loaded 2 times (x 484B)
Class org.jetbrains.kotlin.protobuf.Utf8                                              : loaded 2 times (x 71B)
Class org.jetbrains.kotlin.fir.expressions.builder.FirExpressionStubBuilder           : loaded 2 times (x 76B)
Class org.jetbrains.kotlin.load.java.structure.JavaConstructor                        : loaded 2 times (x 70B)
Class org.jetbrains.kotlin.resolve.jvm.extensions.AnalysisHandlerExtension$Companion  : loaded 2 times (x 72B)
Class org.jetbrains.kotlin.types.extensions.TypeAttributeTranslators                  : loaded 2 times (x 72B)
Class [Lorg.jetbrains.kotlin.fir.java.FirJavaTypeConversionMode;                      : loaded 2 times (x 69B)
Class org.jetbrains.kotlin.codegen.extensions.ClassBuilderInterceptorExtension        : loaded 2 times (x 70B)
Class org.jetbrains.kotlin.fir.types.FunctionalTypeUtilsKt                            : loaded 2 times (x 71B)
Class org.jetbrains.kotlin.fir.declarations.builder.FirVariableBuilder                : loaded 2 times (x 70B)
Class org.jetbrains.kotlin.fir.extensions.FirSupertypeGenerationExtensionKt           : loaded 2 times (x 71B)
Class org.jetbrains.kotlin.fir.util.MultimapKt                                        : loaded 2 times (x 71B)
Class org.jetbrains.kotlin.fir.resolve.transformers.body.resolve.FirAbstractBodyResolveTransformer: loaded 2 times (x 403B)
Class org.jetbrains.kotlin.mpp.ValueParameterSymbolMarker                             : loaded 2 times (x 70B)
Class org.jetbrains.kotlin.fir.types.FirUserTypeRef                                   : loaded 2 times (x 106B)
Class org.jetbrains.kotlin.utils.SortUtilsKt$topologicalSort$1                        : loaded 2 times (x 74B)
Class org.jetbrains.kotlin.fir.java.enhancement.EnhancedForWarningConeSubstitutor     : loaded 2 times (x 76B)
Class org.jetbrains.kotlin.storage.LockBasedStorageManager$NotValue                   : loaded 2 times (x 79B)
Class org.jetbrains.kotlin.fir.scopes.impl.FirDynamicMembersStorage$special$$inlined$createCache$1: loaded 2 times (x 75B)
Class org.jetbrains.kotlin.fir.caches.FirCache                                        : loaded 2 times (x 74B)
Class org.jetbrains.kotlin.fir.types.impl.FirImplicitNullableNothingTypeRef           : loaded 2 times (x 109B)
Class org.jetbrains.kotlin.types.model.AnnotationMarker                               : loaded 2 times (x 70B)
Class com.android.resources.TouchScreen                                               : loaded 2 times (x 86B)
Class com.android.ide.common.rendering.api.ResourceValue                              : loaded 2 times (x 70B)
Class org.jetbrains.kotlin.resolve.diagnostics.DiagnosticSuppressor                   : loaded 2 times (x 70B)
Class org.jetbrains.kotlin.cli.jvm.compiler.JavaLanguageLevelKt                       : loaded 2 times (x 71B)
Class it.unimi.dsi.fastutil.Stack                                                     : loaded 2 times (x 70B)
Class org.jetbrains.kotlin.cli.common.PropertiesKt                                    : loaded 2 times (x 71B)
Class org.jetbrains.kotlin.psi.KtDoubleColonExpression                                : loaded 2 times (x 70B)
Class [Lorg.jetbrains.kotlin.psi.KtFunctionType;                                      : loaded 2 times (x 69B)
Class org.jetbrains.kotlin.psi.stubs.KotlinBackingFieldStub                           : loaded 2 times (x 70B)
Class org.jetbrains.kotlin.psi.stubs.elements.KtPropertyAccessorElementType           : loaded 2 times (x 100B)
Class org.jetbrains.kotlin.parsing.KotlinParsing$3                                    : loaded 2 times (x 112B)
Class org.jetbrains.kotlin.cli.common.messages.MessageRenderer                        : loaded 2 times (x 70B)
Class org.jetbrains.kotlin.psi.KtStubbedPsiUtil                                       : loaded 2 times (x 71B)
Class org.jetbrains.kotlin.fir.FirPureAbstractElement                                 : loaded 2 times (x 87B)
Class org.jetbrains.org.objectweb.asm.tree.InsnNode                                   : loaded 2 times (x 78B)
Class com.google.common.collect.CollectSpliterators$1                                 : loaded 2 times (x 90B)
Class com.google.common.cache.LocalCache$EntryFactory$4                               : loaded 2 times (x 83B)
Class com.google.wireless.android.sdk.stats.DeviceMirroringSession                    : loaded 2 times (x 201B)
Class com.google.wireless.android.sdk.stats.UserTierUpgradeEventOrBuilder             : loaded 2 times (x 70B)
Class com.android.tools.analytics.AnalyticsPaths                                      : loaded 2 times (x 71B)
Class org.jetbrains.kotlin.fir.FirPlatformSpecificCastChecker$Default                 : loaded 2 times (x 72B)
Class org.jetbrains.kotlin.fir.builder.FirReplSnippetConfiguratorExtensionKt          : loaded 2 times (x 71B)
Class org.jetbrains.kotlin.fir.builder.FirScriptConfiguratorExtension$Factory         : loaded 2 times (x 70B)
Class kotlin.script.experimental.host.FileBasedScriptSource                           : loaded 2 times (x 84B)
Class org.jetbrains.kotlin.diagnostics.PositioningStrategies$REDUNDANT_NULLABLE$1     : loaded 2 times (x 74B)
Class org.jetbrains.kotlin.diagnostics.PositioningStrategies$CALLABLE_DECLARATION_SIGNATURE_NO_MODIFIERS$1: loaded 2 times (x 74B)
Class org.jetbrains.kotlin.diagnostics.LightTreePositioningStrategies$FUNCTION_TYPE_RECEIVER$1: loaded 2 times (x 74B)
Class org.jetbrains.kotlin.diagnostics.LightTreePositioningStrategies$FindReferencePositioningStrategy: loaded 2 times (x 74B)
Class org.jetbrains.kotlin.fir.expressions.builder.FirAnnotationCallBuilder           : loaded 2 times (x 92B)
Class org.jetbrains.kotlin.fir.renderer.ConeAttributeRenderer                         : loaded 2 times (x 72B)
Class org.jetbrains.kotlin.fir.resolve.dfa.LogicSystem$getCommonExcludedValues$$inlined$groupingBy$1: loaded 2 times (x 76B)
Class [Lorg.jetbrains.kotlin.fir.types.ConeKotlinTypeProjectionIn;                    : loaded 2 times (x 69B)
Class org.jetbrains.kotlin.fir.scopes.jvm.JvmMappedScopeKt                            : loaded 2 times (x 71B)
Class org.jetbrains.kotlin.fir.java.scopes.JavaClassStaticEnhancementScope            : loaded 2 times (x 82B)
Class org.jetbrains.kotlin.fir.resolve.providers.impl.FirTypeCandidateCollector$TypeResolutionResult$Unresolved: loaded 2 times (x 71B)
Class org.jetbrains.kotlin.types.model.CaptureStatus                                  : loaded 2 times (x 79B)
Class org.jetbrains.kotlin.fir.resolve.ResolutionMode                                 : loaded 2 times (x 71B)
Class org.jetbrains.kotlin.fir.extensions.FirExtensionService$Companion               : loaded 2 times (x 73B)
Class org.jetbrains.kotlin.fir.types.CustomAnnotationTypeAttribute                    : loaded 2 times (x 80B)
Class [Lorg.jetbrains.kotlin.types.Variance;                                          : loaded 2 times (x 69B)
Class org.jetbrains.kotlin.fir.java.deserialization.JvmClassFileBasedSymbolProvider$WhenMappings: loaded 2 times (x 71B)
Class org.jetbrains.kotlin.fir.types.impl.FirResolvedTypeRefImpl                      : loaded 2 times (x 108B)
Class org.jetbrains.kotlin.mpp.PropertySymbolMarker                                   : loaded 2 times (x 70B)
Class org.jetbrains.kotlin.progress.ProgressIndicatorAndCompilationCanceledStatus     : loaded 2 times (x 71B)
Class org.jetbrains.kotlin.types.model.StubTypeMarker                                 : loaded 2 times (x 70B)
Class org.jetbrains.kotlin.fir.expressions.FirBlock                                   : loaded 2 times (x 121B)
Class org.jetbrains.kotlin.fir.declarations.FirDeclarationDataKey                     : loaded 2 times (x 71B)
Class org.jetbrains.kotlin.fir.builder.FirBuilderDslKt                                : loaded 2 times (x 71B)
Class org.jetbrains.kotlin.fir.resolve.providers.impl.FirCloneableSymbolProvider      : loaded 2 times (x 81B)
Class [Lorg.jetbrains.kotlin.load.java.ReportLevel;                                   : loaded 2 times (x 69B)
Class org.jetbrains.kotlin.utils.WrappedValues$WrappedProcessCanceledException        : loaded 2 times (x 82B)
Class org.jetbrains.kotlin.builtins.functions.FunctionTypeKind$KFunction              : loaded 2 times (x 77B)
Class org.jetbrains.kotlin.fir.scopes.impl.FirDynamicMembersStorage$special$$inlined$createCache$2: loaded 2 times (x 75B)
Class org.jetbrains.kotlin.fir.types.ConeTypeProjection                               : loaded 2 times (x 72B)
Class org.jetbrains.kotlin.fir.types.impl.FirImplicitBuiltinTypeRef                   : loaded 2 times (x 109B)
Class com.android.resources.ScreenOrientation                                         : loaded 2 times (x 86B)
Class com.android.ide.common.rendering.api.ArrayResourceValue                         : loaded 2 times (x 70B)
Class com.android.ide.common.resources.configuration.NightModeQualifier               : loaded 2 times (x 90B)
Class org.jetbrains.kotlin.load.kotlin.TypeMappingMode                                : loaded 2 times (x 72B)
Class org.jetbrains.kotlin.fir.declarations.FirDeclarationAttributes                  : loaded 2 times (x 82B)
Class org.jetbrains.kotlin.resolve.extensions.SyntheticResolveExtension$Companion     : loaded 2 times (x 72B)
Class org.jetbrains.kotlin.fir.declarations.FirResolvedToPhaseState$Companion         : loaded 2 times (x 71B)
Class org.jetbrains.kotlin.config.AnalysisFlag$Delegates$WarningLevelMap              : loaded 2 times (x 71B)
Class org.jetbrains.kotlin.fir.resolve.transformers.plugin.AbstractFirCompilerRequiredAnnotationsResolveTransformer: loaded 2 times (x 400B)
Class [Lorg.jetbrains.kotlin.fir.resolve.FirTowerDataMode;                            : loaded 2 times (x 69B)
Class org.jetbrains.kotlin.fir.resolve.calls.overloads.ConeIntegerOperatorConflictResolver: loaded 2 times (x 72B)
Class org.jetbrains.kotlin.fir.scopes.impl.DefaultImportPriority$LOW                  : loaded 2 times (x 80B)
Class org.jetbrains.kotlin.psi.stubs.elements.KtAnnotationEntryElementType            : loaded 2 times (x 100B)
Class it.unimi.dsi.fastutil.objects.Reference2ObjectFunction                          : loaded 2 times (x 70B)
Class it.unimi.dsi.fastutil.ints.AbstractInt2ObjectFunction                           : loaded 2 times (x 121B)
Class org.jetbrains.kotlin.fir.symbols.impl.UtilsKt                                   : loaded 2 times (x 71B)
Class com.google.common.cache.LocalCache$EntryFactory$5                               : loaded 2 times (x 83B)
Class com.google.wireless.android.sdk.stats.SetupWizardEvent                          : loaded 2 times (x 212B)
Class com.google.wireless.android.sdk.stats.SmlGeolocationEvent                       : loaded 2 times (x 201B)
Class com.google.wireless.android.sdk.stats.MemorySettingsEvent                       : loaded 2 times (x 205B)
Class com.google.wireless.android.sdk.stats.StartupPerformanceCodeLoadedAndVisibleInEditorOrBuilder: loaded 2 times (x 70B)
Class com.google.wireless.android.sdk.stats.SuggestedImportEventOrBuilder             : loaded 2 times (x 70B)
Class com.google.wireless.android.sdk.stats.ConnectionAssistantEventOrBuilder         : loaded 2 times (x 70B)
Class kotlin.script.experimental.api.ResultWithDiagnostics$Success                    : loaded 2 times (x 73B)
Class org.jetbrains.kotlin.scripting.definitions.ScriptCompilationConfigurationFromDefinitionKt: loaded 2 times (x 71B)
Class org.jetbrains.kotlin.diagnostics.SourceElementPositioningStrategy               : loaded 2 times (x 74B)
Class org.jetbrains.kotlin.fir.declarations.synthetic.FirSyntheticPropertyBuilder     : loaded 2 times (x 72B)
Class org.jetbrains.kotlin.fir.resolve.dfa.Statement                                  : loaded 2 times (x 72B)
Class org.jetbrains.kotlin.fir.declarations.FirEnumEntry                              : loaded 2 times (x 189B)
Class org.jetbrains.kotlin.fir.resolve.transformers.plugin.FirDeclarationsResolveTransformerForAnnotationArguments: loaded 2 times (x 433B)
Class org.jetbrains.kotlin.types.model.TypeVariance                                   : loaded 2 times (x 79B)
Class org.jetbrains.kotlin.fir.expressions.FirCheckedSafeCallSubject                  : loaded 2 times (x 117B)
Class org.jetbrains.kotlin.fir.types.FirTypeProjectionWithVariance                    : loaded 2 times (x 89B)
Class org.jetbrains.kotlin.fir.resolve.calls.candidate.CheckerSink                    : loaded 2 times (x 74B)
Class org.jetbrains.kotlin.fir.deserialization.PackagePartsCacheData                  : loaded 2 times (x 72B)
Class [Lorg.jetbrains.kotlin.fir.resolve.calls.tower.ProcessResult;                   : loaded 2 times (x 69B)
Class org.jetbrains.kotlin.fir.resolve.calls.stages.CollectTypeVariableUsagesInfo     : loaded 2 times (x 72B)
Class org.jetbrains.kotlin.fir.resolve.calls.stages.CheckHiddenDeclaration            : loaded 2 times (x 72B)
Class [Lorg.jetbrains.kotlin.fir.expressions.FirFunctionCallOrigin;                   : loaded 2 times (x 69B)
Class org.jetbrains.kotlin.types.TypeApproximatorConfiguration                        : loaded 2 times (x 85B)
Class org.jetbrains.kotlin.fir.java.enhancement.FirSignatureEnhancement$TypeInSignature$ValueParameter: loaded 2 times (x 72B)
Class org.jetbrains.kotlin.fir.scopes.jvm.SignatureUtilsKt                            : loaded 2 times (x 71B)
Class org.jetbrains.kotlin.fir.scopes.FirIntersectionScopeOverrideChecker             : loaded 2 times (x 77B)
Class org.jetbrains.kotlin.types.ConstantValueKind$String                             : loaded 2 times (x 72B)
Class org.jetbrains.kotlin.fir.java.deserialization.AnnotationsLoader$loadAnnotation$1: loaded 2 times (x 89B)
Class org.jetbrains.kotlin.fir.java.deserialization.JvmBinaryAnnotationDeserializerKt : loaded 2 times (x 71B)
Class org.jetbrains.kotlin.fir.resolve.calls.tower.TowerGroup$Companion               : loaded 2 times (x 71B)
Class org.jetbrains.kotlin.fir.resolve.dfa.cfg.ExitSafeCallNode                       : loaded 2 times (x 82B)
Class org.jetbrains.kotlin.fir.declarations.FirDeclarationOrigin$ScriptCustomization  : loaded 2 times (x 72B)
Class org.jetbrains.kotlin.utils.WrappedValues$ThrowableWrapper                       : loaded 2 times (x 72B)
Class org.jetbrains.kotlin.utils.SortUtilsKt                                          : loaded 2 times (x 71B)
Class com.google.common.collect.MapMakerInternalMap$WeakKeyStrongValueSegment         : loaded 2 times (x 142B)
Class org.jetbrains.kotlin.fir.scopes.FirOverrideCheckerKt                            : loaded 2 times (x 71B)
Class org.jetbrains.kotlin.fir.scopes.impl.FirDynamicMembersStorage$special$$inlined$createCache$3: loaded 2 times (x 75B)
Class org.jetbrains.kotlin.fir.expressions.builder.FirAnnotationBuilder               : loaded 2 times (x 84B)
Class org.jetbrains.kotlin.resolve.calls.inference.components.InferenceLogger         : loaded 2 times (x 78B)
Class org.jetbrains.kotlin.util.ArrayMapImpl$Companion                                : loaded 2 times (x 71B)
Class com.android.resources.LayoutDirection                                           : loaded 2 times (x 86B)
Class [Lorg.jetbrains.kotlin.parsing.KotlinParsing$AnnotationParsingMode;             : loaded 2 times (x 69B)
Class org.jetbrains.kotlin.resolve.extensions.AssignResolutionAltererExtension$Companion: loaded 2 times (x 72B)
Class org.jetbrains.kotlin.fir.expressions.FirLiteralExpression                       : loaded 2 times (x 120B)
Class org.jetbrains.kotlin.fir.declarations.impl.FirDefaultPropertyAccessor           : loaded 2 times (x 240B)
Class org.jetbrains.kotlin.load.kotlin.KotlinClassFinder$Result$ClassFileContent      : loaded 2 times (x 72B)
Class org.jetbrains.kotlin.psi.stubs.KotlinPlaceHolderStub                            : loaded 2 times (x 70B)
Class org.jetbrains.kotlin.psi.stubs.KotlinCallableStubBase                           : loaded 2 times (x 70B)
Class org.jetbrains.kotlin.fir.types.ParameterNameTypeAttribute                       : loaded 2 times (x 80B)
Class org.jetbrains.kotlin.load.java.structure.JavaMethod                             : loaded 2 times (x 70B)
Class org.jetbrains.kotlin.fir.resolve.calls.ReceiverValue                            : loaded 2 times (x 70B)
Class org.apache.commons.io.output.AppendableWriter                                   : loaded 2 times (x 100B)
Class com.google.common.collect.HashMultimap                                          : loaded 2 times (x 174B)
Class com.google.common.cache.LocalCache$EntryFactory$6                               : loaded 2 times (x 83B)
Class org.gradle.internal.installation.CurrentGradleInstallationLocator               : loaded 2 times (x 71B)
Class org.jetbrains.kotlin.fir.references.FirNamedReference                           : loaded 2 times (x 88B)
Class com.android.tools.analytics.HostData$osBean$2                                   : loaded 2 times (x 78B)
Class com.android.tools.analytics.HostData                                            : loaded 2 times (x 71B)
Class com.google.wireless.android.sdk.stats.IdePluginInfo                             : loaded 2 times (x 199B)
Class com.google.wireless.android.sdk.stats.SdkIndexLibraryDetails                    : loaded 2 times (x 208B)
Class com.google.wireless.android.sdk.stats.OSMetrics                                 : loaded 2 times (x 199B)
Class com.google.wireless.android.sdk.stats.UserIdResetEventOrBuilder                 : loaded 2 times (x 70B)
Class com.android.tools.analytics.JournalingUsageTracker                              : loaded 2 times (x 83B)
Class org.jetbrains.kotlin.fir.expressions.FirSafeCallExpression                      : loaded 2 times (x 122B)
Class com.google.protobuf.CodedInputStream$ArrayDecoder                               : loaded 2 times (x 120B)
Class [Lcom.google.protobuf.Internal$EnumLite;                                        : loaded 2 times (x 69B)
Class org.jetbrains.kotlin.KtFakeSourceElementKind$DesugaredTimesAssign               : loaded 2 times (x 72B)
Class org.jetbrains.kotlin.diagnostics.PositioningStrategies$PACKAGE_DIRECTIVE_NAME_EXPRESSION$1: loaded 2 times (x 74B)
Class org.jetbrains.kotlin.diagnostics.LightTreePositioningStrategies$OUTERMOST_PARENTHESES_IN_ASSIGNMENT_LHS$1: loaded 2 times (x 74B)
Class org.jetbrains.kotlin.diagnostics.LightTreePositioningStrategies$DELEGATED_SUPERTYPE_BY_KEYWORD$1: loaded 2 times (x 74B)
Class org.jetbrains.kotlin.fir.resolve.calls.NoJavaOriginKey                          : loaded 2 times (x 71B)
Class org.jetbrains.kotlin.types.checker.ClassicTypeSystemContextKt$WhenMappings      : loaded 2 times (x 71B)
Class org.jetbrains.kotlin.fir.resolve.inference.model.ConeExpectedTypeConstraintPosition: loaded 2 times (x 72B)
Class org.jetbrains.kotlin.resolve.calls.inference.components.ResultTypeResolver$Context: loaded 2 times (x 70B)
Class org.jetbrains.kotlin.fir.expressions.impl.FirResolvedArgumentListImpl           : loaded 2 times (x 92B)
Class org.jetbrains.kotlin.fir.resolve.calls.stages.CheckIncompatibleTypeVariableUpperBounds$check$1: loaded 2 times (x 88B)
Class org.jetbrains.kotlin.fir.declarations.FirDeclarationOrigin$DynamicScope         : loaded 2 times (x 72B)
Class org.jetbrains.kotlin.fir.java.deserialization.AnnotationsLoader$loadAnnotationMethodDefaultValue$1: loaded 2 times (x 89B)
Class [Lorg.jetbrains.kotlin.fir.scopes.ProcessorAction;                              : loaded 2 times (x 69B)
Class org.jetbrains.kotlin.fir.declarations.utils.IsDeserializedPropertyFromAnnotation: loaded 2 times (x 71B)
Class org.jetbrains.kotlin.load.kotlin.KotlinJvmBinaryClass$MethodAnnotationVisitor   : loaded 2 times (x 70B)
Class org.jetbrains.kotlin.fir.expressions.impl.FirAnnotationImpl                     : loaded 2 times (x 127B)
Class org.jetbrains.kotlin.fir.java.deserialization.MemberAnnotations                 : loaded 2 times (x 72B)
Class org.jetbrains.kotlin.load.kotlin.FacadeClassSource                              : loaded 2 times (x 70B)
Class org.jetbrains.kotlin.fir.resolve.calls.tower.FirTowerResolveTask                : loaded 2 times (x 74B)
Class org.jetbrains.kotlin.load.kotlin.PathHolder                                     : loaded 2 times (x 72B)
Class org.jetbrains.kotlin.fir.resolve.FirOuterClassManager                           : loaded 2 times (x 72B)
Class [Lorg.jetbrains.kotlin.fir.resolve.dfa.cfg.WhenExitNode;                        : loaded 2 times (x 69B)
Class org.jetbrains.kotlin.fir.declarations.FirImport                                 : loaded 2 times (x 91B)
Class org.jetbrains.kotlin.resolve.calls.inference.model.Constraint                   : loaded 2 times (x 72B)
Class org.jetbrains.kotlin.fir.analysis.checkers.FirIdentityLessPlatformDeterminer$Default: loaded 2 times (x 72B)
Class org.jetbrains.kotlin.util.AttributeArrayOwner                                   : loaded 2 times (x 82B)
Class [Lcom.android.resources.ScreenOrientation;                                      : loaded 2 times (x 69B)
Class com.android.utils.PositionXmlParser$Position                                    : loaded 2 times (x 78B)
Class org.jetbrains.kotlin.fir.resolve.calls.candidate.CallKind$CallableReference     : loaded 2 times (x 72B)
Class org.jetbrains.kotlin.lexer.KotlinLexerException                                 : loaded 2 times (x 82B)
Class org.jetbrains.kotlin.metadata.builtins.BuiltInsProtoBuf                         : loaded 2 times (x 71B)
Class org.jetbrains.kotlin.fir.resolve.inference.model.ConeDeclaredUpperBoundConstraintPosition: loaded 2 times (x 72B)
Class org.jetbrains.kotlin.cli.jvm.compiler.KotlinCliJavaFileManagerImpl$Companion    : loaded 2 times (x 71B)
Class [Lorg.jetbrains.kotlin.psi.KtCollectionLiteralExpression;                       : loaded 2 times (x 69B)
Class [Lorg.jetbrains.kotlin.psi.KtValueArgumentName;                                 : loaded 2 times (x 69B)
Class [Lorg.jetbrains.kotlin.psi.KtIntersectionType;                                  : loaded 2 times (x 69B)
Class org.jetbrains.kotlin.psi.stubs.elements.KtModifierListElementType               : loaded 2 times (x 103B)
Class org.jetbrains.kotlin.psi.stubs.KotlinAnnotationUseSiteTargetStub                : loaded 2 times (x 70B)
Class org.jetbrains.kotlin.psi.stubs.elements.KtParameterElementType                  : loaded 2 times (x 104B)
Class it.unimi.dsi.fastutil.ints.Int2IntFunction                                      : loaded 2 times (x 70B)
Class org.jetbrains.kotlin.fir.extensions.FirTypeAttributeExtensionKt                 : loaded 2 times (x 71B)
Class com.android.tools.lint.model.DefaultLintModelDependencyGraph                    : loaded 2 times (x 78B)
Class com.android.tools.lint.model.DefaultLintModelLintOptions                        : loaded 2 times (x 103B)
Class org.jetbrains.kotlin.fir.resolve.ExplicitFieldsUtilsKt                          : loaded 2 times (x 71B)
Class org.jetbrains.org.objectweb.asm.tree.LdcInsnNode                                : loaded 2 times (x 78B)
Class [Lkotlin.io.FileWalkDirection;                                                  : loaded 2 times (x 69B)
Class org.jetbrains.kotlin.cli.common.messages.CompilerMessageSeverity$Companion      : loaded 2 times (x 71B)
Class org.apache.commons.io.output.ThresholdingOutputStream                           : loaded 2 times (x 95B)
Class com.google.common.collect.ImmutableMultimap$Builder                             : loaded 2 times (x 86B)
Class com.google.common.cache.LocalCache$EntryFactory$7                               : loaded 2 times (x 83B)
Class org.gradle.internal.service.DefaultServiceLocator                               : loaded 2 times (x 83B)
Class com.google.wireless.android.play.playlog.proto.ClientAnalytics$LogEventOrBuilder: loaded 2 times (x 70B)
Class com.google.wireless.android.sdk.stats.ComposePreviewCanvasEvent                 : loaded 2 times (x 197B)
Class com.google.wireless.android.sdk.stats.VfsRefresh                                : loaded 2 times (x 195B)
Class com.google.wireless.android.sdk.stats.AndroidStudioEvent$Builder                : loaded 2 times (x 1038B)
Class com.google.wireless.android.sdk.stats.JourneyEngineErrorEventOrBuilder          : loaded 2 times (x 70B)
Class com.google.protobuf.ProtocolStringList                                          : loaded 2 times (x 70B)
Class org.jetbrains.kotlin.scripting.definitions.ScriptDefinition$FromConfigurationsBase: loaded 2 times (x 115B)
Class kotlin.script.experimental.api.ScriptCompilationConfiguration$Companion         : loaded 2 times (x 71B)
Class [Lorg.jetbrains.kotlin.fir.resolve.calls.FirSyntheticPropertiesScope$SyntheticGetterCompatibility;: loaded 2 times (x 69B)
Class org.jetbrains.kotlin.codegen.signature.BothSignatureWriter                      : loaded 2 times (x 107B)
Class org.jetbrains.kotlin.fir.java.declarations.FirJavaTypeParameterBuilder          : loaded 2 times (x 72B)
Class org.jetbrains.kotlin.load.kotlin.KotlinClassFinderKt                            : loaded 2 times (x 71B)
Class org.jetbrains.kotlin.load.java.typeEnhancement.TypeComponentPositionKt          : loaded 2 times (x 71B)
Class org.jetbrains.kotlin.fir.declarations.utils.SourceElementKey                    : loaded 2 times (x 71B)
Class org.jetbrains.kotlin.fir.types.ProjectionKind                                   : loaded 2 times (x 79B)
Class org.jetbrains.kotlin.load.kotlin.MemberSignature$Companion                      : loaded 2 times (x 71B)
Class org.jetbrains.kotlin.scripting.compiler.plugin.services.FirScriptDefinitionProviderService: loaded 2 times (x 76B)
Class org.jetbrains.kotlin.fir.resolve.calls.tower.TowerGroupKind$Last                : loaded 2 times (x 76B)
Class org.jetbrains.kotlin.fir.resolve.dfa.FirLocalVariableAssignmentAnalyzer$Companion: loaded 2 times (x 71B)
Class org.jetbrains.kotlin.fir.resolve.transformers.ReturnTypeCalculatorForFullBodyResolve$Companion: loaded 2 times (x 71B)
Class org.jetbrains.kotlin.fir.resolve.SupertypeSupplier$Default                      : loaded 2 times (x 73B)
Class org.jetbrains.kotlin.fir.resolve.ResolveUtilsKt                                 : loaded 2 times (x 71B)
Class org.jetbrains.kotlin.fir.declarations.builder.FirFileBuilder                    : loaded 2 times (x 76B)
Class org.jetbrains.kotlin.cli.jvm.compiler.KotlinCliJavaFileManagerImplKt            : loaded 2 times (x 71B)
Class org.jetbrains.kotlin.fir.extensions.FirReplSnippetResolveExtension              : loaded 2 times (x 78B)
Class org.jetbrains.kotlin.fir.extensions.FirAssignExpressionAltererExtension         : loaded 2 times (x 76B)
Class org.jetbrains.kotlin.fir.declarations.FirCallableDeclaration                    : loaded 2 times (x 139B)
Class org.jetbrains.kotlin.fir.builder.FirScriptConfiguratorExtension$Companion       : loaded 2 times (x 71B)
Class [Lorg.jetbrains.kotlin.storage.LockBasedStorageManager$NotValue;                : loaded 2 times (x 69B)
Class org.jetbrains.kotlin.fir.scopes.FirContainingNamesAwareScope                    : loaded 2 times (x 81B)
Class kotlin.uuid.UuidKt                                                              : loaded 2 times (x 71B)
Class com.android.resources.ScreenSize                                                : loaded 2 times (x 86B)
Class com.google.protobuf.MapField                                                    : loaded 2 times (x 89B)
Class org.jetbrains.kotlin.parsing.FirstBefore                                        : loaded 2 times (x 84B)
Class org.jetbrains.kotlin.extensions.TypeAttributeTranslatorExtension$Companion      : loaded 2 times (x 72B)
Class org.jetbrains.kotlin.extensions.TypeAttributeTranslatorExtension                : loaded 2 times (x 70B)
Class com.google.protobuf.CodedInputStream$UnsafeDirectNioDecoder                     : loaded 2 times (x 120B)
Class org.jetbrains.kotlin.load.kotlin.PackagePartProvider                            : loaded 2 times (x 70B)
Class kotlin.time.TimeSource$Monotonic                                                : loaded 2 times (x 77B)
Class com.android.tools.analytics.UsageTracker$setMaxJournalTime$1                    : loaded 2 times (x 79B)
Class com.google.wireless.android.sdk.stats.StudioUpdateFlowEventOrBuilder            : loaded 2 times (x 70B)
Class com.google.wireless.android.sdk.stats.DeviceExplorerEventOrBuilder              : loaded 2 times (x 70B)
Class org.jetbrains.kotlin.psi.stubs.elements.KtFileElementType                       : loaded 2 times (x 108B)
Class [Lorg.jetbrains.kotlin.psi.KtNameReferenceExpression;                           : loaded 2 times (x 69B)
Class org.jetbrains.kotlin.psi.KtSecondaryConstructor                                 : loaded 2 times (x 1344B)
Class [Lorg.jetbrains.kotlin.psi.KtTypeParameterListOwner;                            : loaded 2 times (x 69B)
Class org.jetbrains.kotlin.cli.jvm.compiler.KotlinCoreApplicationEnvironmentMode$Production: loaded 2 times (x 71B)
Class com.google.wireless.android.sdk.stats.Hypervisor                                : loaded 2 times (x 195B)
Class com.google.wireless.android.sdk.stats.DataBindingEvent                          : loaded 2 times (x 204B)
Class org.gradle.internal.classloader.FilteringClassLoader                            : loaded 2 times (x 105B)
Class org.jetbrains.org.objectweb.asm.tree.UnsupportedClassVersionException           : loaded 2 times (x 82B)
Class com.google.common.io.LineReader                                                 : loaded 2 times (x 72B)
Class kotlin.io.FileTreeWalk                                                          : loaded 2 times (x 75B)
Class com.google.common.cache.LocalCache$SoftValueReference                           : loaded 2 times (x 97B)
Class com.google.common.collect.ImmutableMultimap$EntryCollection                     : loaded 2 times (x 128B)
Class com.google.common.collect.Maps$EntrySet                                         : loaded 2 times (x 136B)
Class com.google.common.cache.LocalCache$EntryFactory$8                               : loaded 2 times (x 83B)
Class org.gradle.internal.installation.CurrentGradleInstallation                      : loaded 2 times (x 73B)
Class com.google.wireless.android.sdk.stats.SmlChatBotEvent                           : loaded 2 times (x 255B)
Class com.google.wireless.android.sdk.stats.ImportSampleEventOrBuilder                : loaded 2 times (x 70B)
Class com.google.wireless.android.sdk.stats.AndroidStudioEvent$IdeBrand$1             : loaded 2 times (x 76B)
Class org.jetbrains.kotlin.diagnostics.PositioningStrategies$FUNCTION_PARAMETERS$1    : loaded 2 times (x 74B)
Class org.jetbrains.kotlin.diagnostics.PositioningStrategies$VARIANCE_IN_PROJECTION$1 : loaded 2 times (x 74B)
Class org.jetbrains.kotlin.diagnostics.LightTreePositioningStrategies                 : loaded 2 times (x 71B)
Class org.jetbrains.kotlin.fir.resolve.calls.InapplicableWrongReceiver                : loaded 2 times (x 72B)
Class org.jetbrains.kotlin.fir.types.RefinedTypeForDataFlowTypeAttribute              : loaded 2 times (x 82B)
Class org.jetbrains.kotlin.builtins.functions.FunctionTypeKindExtractor$KindWithArity : loaded 2 times (x 72B)
Class org.jetbrains.kotlin.fir.resolve.calls.candidate.Candidate                      : loaded 2 times (x 85B)
Class com.android.prefs.AndroidPathLocator                                            : loaded 2 times (x 73B)
Class org.jetbrains.kotlin.load.java.structure.JavaClassifierType                     : loaded 2 times (x 70B)
Class org.jetbrains.kotlin.load.java.structure.impl.JavaElementCollectionFromPsiArrayUtil: loaded 2 times (x 71B)
Class org.jetbrains.kotlin.load.java.structure.JavaTypeParameter                      : loaded 2 times (x 70B)
Class org.jetbrains.kotlin.fir.resolve.substitution.ConeSubstitutor$Empty             : loaded 2 times (x 74B)
Class org.jetbrains.kotlin.fir.declarations.utils.IsReferredViaField                  : loaded 2 times (x 71B)
Class org.jetbrains.kotlin.types.ConstantValueKind$Long                               : loaded 2 times (x 72B)
Class org.jetbrains.kotlin.fir.declarations.impl.FirDeclarationStatusImpl$WhenMappings: loaded 2 times (x 71B)
Class org.jetbrains.kotlin.fir.declarations.impl.FirResolvedDeclarationStatusWithLazyEffectiveVisibility: loaded 2 times (x 201B)
Class org.jetbrains.kotlin.fir.resolve.inference.InferenceComponentsKt                : loaded 2 times (x 71B)
Class org.jetbrains.kotlin.fir.resolve.transformers.body.resolve.FirAbstractBodyResolveTransformer$BodyResolveTransformerComponents: loaded 2 times (x 103B)
Class kotlin.text.MatcherMatchResult                                                  : loaded 2 times (x 80B)
Class org.jetbrains.kotlin.fir.expressions.FirLazyBlock                               : loaded 2 times (x 124B)
Class org.jetbrains.kotlin.KtPsiSourceElement$Companion                               : loaded 2 times (x 71B)
Class org.jetbrains.kotlin.fir.deserialization.AbstractFirDeserializedSymbolProvider$typeAliasCache$1: loaded 2 times (x 125B)
Class org.jetbrains.kotlin.fir.resolve.transformers.mpp.FirExpectActualMatchingContextImpl$Factory: loaded 2 times (x 74B)
Class org.jetbrains.kotlin.fir.resolve.providers.impl.FirExtensionSyntheticFunctionInterfaceProvider: loaded 2 times (x 85B)
Class org.jetbrains.kotlin.mpp.ClassifierSymbolMarker                                 : loaded 2 times (x 70B)
Class org.jetbrains.kotlin.types.model.SimpleTypeMarker                               : loaded 2 times (x 70B)
Class com.android.ide.common.resources.ResourceMergerItem                             : loaded 2 times (x 136B)
Class com.android.utils.PositionXmlParser$ParserPool                                  : loaded 2 times (x 79B)
Class kotlin.text.MatchGroupCollection                                                : loaded 2 times (x 70B)
Class org.objectweb.asm.Opcodes                                                       : loaded 2 times (x 70B)
Class org.jetbrains.kotlin.name.CallableId$Companion                                  : loaded 2 times (x 71B)
Class org.jetbrains.kotlin.parsing.SemanticWhitespaceAwarePsiBuilderImpl              : loaded 2 times (x 199B)
Class org.jetbrains.kotlin.load.java.structure.JavaNamedElement                       : loaded 2 times (x 70B)
Class com.android.tools.lint.model.LintModelJavaLibrary                               : loaded 2 times (x 70B)
Class kotlin.ULong$Companion                                                          : loaded 2 times (x 71B)
Class org.jetbrains.kotlin.psi.stubs.elements.KtImportDirectiveElementType            : loaded 2 times (x 103B)
Class org.jetbrains.kotlin.scripting.definitions.LazyScriptDefinitionProvider$Companion: loaded 2 times (x 71B)
Class org.jetbrains.kotlin.psi.stubs.KotlinImportAliasStub                            : loaded 2 times (x 70B)
Class org.jetbrains.kotlin.psi.stubs.KotlinEnumEntrySuperclassReferenceExpressionStub : loaded 2 times (x 70B)
Class org.jetbrains.kotlin.psi.KtLiteralStringTemplateEntry                           : loaded 2 times (x 442B)
Class [Lorg.jetbrains.kotlin.psi.KtLiteralStringTemplateEntry;                        : loaded 2 times (x 69B)
Class org.jetbrains.kotlin.psi.KtBreakExpression                                      : loaded 2 times (x 436B)
Class [Lorg.jetbrains.kotlin.psi.KtFunctionTypeReceiver;                              : loaded 2 times (x 69B)
Class org.jetbrains.kotlin.psi.KtNullableType                                         : loaded 2 times (x 508B)
Class org.jetbrains.kotlin.psi.stubs.KotlinTypeAliasStub                              : loaded 2 times (x 70B)
Class [Lorg.jetbrains.kotlin.psi.KtProperty;                                          : loaded 2 times (x 69B)
Class it.unimi.dsi.fastutil.ints.Int2IntMap                                           : loaded 2 times (x 70B)
Class com.android.tools.lint.model.DefaultLintModelVariant                            : loaded 2 times (x 101B)
Class com.android.tools.lint.model.LintModelArtifact                                  : loaded 2 times (x 70B)
Class org.jetbrains.kotlin.lexer.KtTokens                                             : loaded 2 times (x 70B)
Class kotlinx.coroutines.BlockingCoroutine                                            : loaded 2 times (x 144B)
Class com.google.common.cache.CacheLoader$1                                           : loaded 2 times (x 75B)
Class com.google.common.collect.ForwardingObject                                      : loaded 2 times (x 72B)
Class ijKotlinCoroutineJvmDebugInit1_cm195bt44q3i5izc2mg8taang$_run_closure1$_closure2: loaded 2 times (x 139B)
Class org.gradle.util.internal.GUtil                                                  : loaded 2 times (x 71B)
Class com.google.protobuf.CodedOutputStream$OutputStreamEncoder                       : loaded 2 times (x 110B)
Class com.google.wireless.android.sdk.stats.BuildAttributionStats                     : loaded 2 times (x 207B)
Class com.google.wireless.android.sdk.stats.CppHeadersViewEvent                       : loaded 2 times (x 199B)
Class com.google.wireless.android.sdk.stats.JavaProcessStats                          : loaded 2 times (x 207B)
Class com.google.wireless.android.sdk.stats.FastPreviewEventOrBuilder                 : loaded 2 times (x 70B)
Class com.google.wireless.android.sdk.stats.MemorySettingsEventOrBuilder              : loaded 2 times (x 70B)
Class com.google.wireless.android.sdk.stats.PlayPolicyInsightsUsageEventOrBuilder     : loaded 2 times (x 70B)
Class com.android.tools.analytics.Environment$Companion$SYSTEM$1                      : loaded 2 times (x 73B)
Class com.android.tools.analytics.Environment$Companion                               : loaded 2 times (x 71B)
Class com.android.tools.analytics.Environment$SystemProperty                          : loaded 2 times (x 79B)
Class com.google.protobuf.Message                                                     : loaded 2 times (x 70B)
Class com.android.utils.StringHelper                                                  : loaded 2 times (x 71B)
Class org.jetbrains.kotlin.diagnostics.LightTreePositioningStrategies$COMMAS$1        : loaded 2 times (x 74B)
Class org.jetbrains.kotlin.fir.resolve.dfa.cfg.EnterSafeCallNode                      : loaded 2 times (x 82B)
Class org.jetbrains.kotlin.fir.renderer.FirPrinter                                    : loaded 2 times (x 72B)
Class [Lorg.jetbrains.kotlin.fir.expressions.FirExpression;                           : loaded 2 times (x 69B)
Class org.jetbrains.kotlin.KtFakeSourceElementKind$ImplicitReceiver                   : loaded 2 times (x 72B)
Class org.jetbrains.kotlin.fir.resolve.QualifiedNameResolutionKt                      : loaded 2 times (x 71B)
Class org.jetbrains.kotlin.fir.resolve.calls.candidate.CandidateKt                    : loaded 2 times (x 71B)
Class org.jetbrains.kotlin.resolve.calls.inference.components.VariableFixationFinderKt: loaded 2 times (x 71B)
Class org.jetbrains.kotlin.resolve.calls.inference.model.DeclaredUpperBoundConstraintPosition: loaded 2 times (x 72B)
Class org.jetbrains.kotlin.fir.types.ConeTypeVariable                                 : loaded 2 times (x 72B)
Class org.jetbrains.kotlin.resolve.descriptorUtil.AnnotationsForResolveKt             : loaded 2 times (x 71B)
Class org.jetbrains.kotlin.resolve.calls.inference.ConstraintSystemOperation          : loaded 2 times (x 70B)
Class org.jetbrains.kotlin.fir.resolve.calls.stages.MapTypeArguments                  : loaded 2 times (x 72B)
Class org.jetbrains.kotlin.resolve.calls.mpp.ExpectActualMatchingContext$MustUseMatcher: loaded 2 times (x 70B)
Class org.jetbrains.kotlin.load.java.SpecialGenericSignatures$Companion$NameAndSignature: loaded 2 times (x 72B)
Class org.jetbrains.kotlin.cli.jvm.index.JvmDependenciesDynamicCompoundIndex          : loaded 2 times (x 77B)
Class [Lorg.jetbrains.kotlin.fir.declarations.FirVariable;                            : loaded 2 times (x 69B)
Class [Lorg.jetbrains.kotlin.fir.declarations.FirCallableDeclaration;                 : loaded 2 times (x 69B)
Class org.jetbrains.kotlin.fir.deserialization.FirConstDeserializer                   : loaded 2 times (x 73B)
Class org.jetbrains.kotlin.config.ReturnValueCheckerMode                              : loaded 2 times (x 79B)
Class org.jetbrains.kotlin.load.java.structure.JavaElementsKt                         : loaded 2 times (x 71B)
Class org.jetbrains.kotlin.fir.declarations.FirPropertyAccessor                       : loaded 2 times (x 221B)
Class org.jetbrains.kotlin.fir.extensions.FirPredicateBasedProvider                   : loaded 2 times (x 76B)
Class org.jetbrains.kotlin.fir.scopes.impl.FirIntersectionOverrideStorage             : loaded 2 times (x 72B)
Class org.jetbrains.kotlin.fir.types.TypeComponentsKt                                 : loaded 2 times (x 71B)
Class org.jetbrains.kotlin.types.model.TypeSystemOptimizationContext                  : loaded 2 times (x 70B)
Class org.jetbrains.kotlin.fir.FirExceptionHandler                                    : loaded 2 times (x 73B)
Class com.android.resources.ResourceEnum                                              : loaded 2 times (x 70B)
Class com.android.ide.common.resources.configuration.TextInputMethodQualifier         : loaded 2 times (x 90B)
Class it.unimi.dsi.fastutil.ints.AbstractIntList                                      : loaded 2 times (x 406B)
Class org.jetbrains.kotlin.load.java.structure.JavaAnnotationOwner                    : loaded 2 times (x 70B)
Class [Lorg.jetbrains.kotlin.cli.jvm.index.JavaRoot$RootType;                         : loaded 2 times (x 69B)
Class org.jetbrains.kotlin.storage.LockBasedStorageManager$ExceptionHandlingStrategy$1: loaded 2 times (x 74B)
Class org.jetbrains.kotlin.storage.MemoizedFunctionToNullable                         : loaded 2 times (x 70B)
Class kotlinx.coroutines.internal.intellij.IntellijCoroutines                         : loaded 2 times (x 71B)
Class it.unimi.dsi.fastutil.ints.AbstractIntCollection                                : loaded 2 times (x 185B)
Class org.jetbrains.kotlin.psi.KtFile                                                 : loaded 2 times (x 948B)
Class org.jetbrains.kotlin.parsing.KotlinParsing$2                                    : loaded 2 times (x 78B)
Class com.android.ide.common.rendering.api.ResourceNamespace$ToolsNamespace           : loaded 2 times (x 80B)
Class com.android.ide.common.resources.DataFile$FileType                              : loaded 2 times (x 79B)
Class com.android.resources.NavigationState                                           : loaded 2 times (x 86B)
Class org.jetbrains.kotlin.fir.scopes.FirLookupDefaultStarImportsInSourcesSettingHolder$Companion: loaded 2 times (x 71B)
Class org.jetbrains.kotlin.fir.symbols.FirLazyResolveForbiddenException               : loaded 2 times (x 82B)
Class org.jetbrains.kotlin.psi.KtModifierListOwnerStub                                : loaded 2 times (x 579B)
Class org.jetbrains.kotlin.platform.TargetPlatformVersion                             : loaded 2 times (x 70B)
Class org.jetbrains.kotlin.fir.java.enhancement.FirEnhancedSymbolsStorage$special$$inlined$createCache$1: loaded 2 times (x 75B)
Class com.android.prefs.PathLocator$WhenMappings                                      : loaded 2 times (x 71B)
Class org.jetbrains.kotlin.fir.java.FirJavaVisibilityChecker                          : loaded 2 times (x 73B)
Class com.google.common.cache.AbstractCache$StatsCounter                              : loaded 2 times (x 70B)
Class com.google.protobuf.CodedOutputStream$SafeDirectNioEncoder                      : loaded 2 times (x 110B)
Class com.google.wireless.android.sdk.stats.SafeModeStatsEvent                        : loaded 2 times (x 219B)
Class com.google.wireless.android.sdk.stats.CMakeEditingEvent                         : loaded 2 times (x 197B)
Class com.google.wireless.android.sdk.stats.MachineDetails                            : loaded 2 times (x 205B)
Class com.google.wireless.android.sdk.stats.RunEvent                                  : loaded 2 times (x 256B)
Class com.google.protobuf.AbstractMessage$Builder                                     : loaded 2 times (x 257B)
Class com.google.protobuf.ExtensionRegistryFactory                                    : loaded 2 times (x 71B)
Class com.google.protobuf.ProtocolMessageEnum                                         : loaded 2 times (x 70B)
Class org.jetbrains.kotlin.scripting.resolve.RefineCompilationConfigurationKt$refineScriptCompilationConfiguration$$inlined$runReadAction$1: loaded 2 times (x 80B)
Class org.jetbrains.kotlin.scripting.definitions.ScriptConfigurationsProvider         : loaded 2 times (x 75B)
Class kotlin.script.experimental.host.ScriptingHostConfiguration$Companion            : loaded 2 times (x 71B)
Class org.jetbrains.kotlin.diagnostics.PositioningStrategies$VALUE_ARGUMENTS_LIST$1   : loaded 2 times (x 74B)
Class org.jetbrains.kotlin.diagnostics.LightTreePositioningStrategies$WHEN_EXPRESSION$1: loaded 2 times (x 74B)
Class org.jetbrains.kotlin.diagnostics.LightTreePositioningStrategy                   : loaded 2 times (x 74B)
Class org.jetbrains.kotlin.descriptors.ValueClassRepresentation                       : loaded 2 times (x 74B)
Class org.jetbrains.kotlin.fir.expressions.builder.FirAnonymousFunctionExpressionBuilder: loaded 2 times (x 84B)
Class org.jetbrains.kotlin.fir.declarations.FirAnonymousInitializer                   : loaded 2 times (x 122B)
Class org.jetbrains.kotlin.fir.symbols.impl.FirScriptSymbol                           : loaded 2 times (x 72B)
Class org.jetbrains.kotlin.types.model.TypeSystemInferenceExtensionContextContextualKt: loaded 2 times (x 71B)
Class org.jetbrains.kotlin.resolve.calls.inference.components.ConstraintContext       : loaded 2 times (x 72B)
Class org.jetbrains.kotlin.fir.types.ConeIntegerLiteralType                           : loaded 2 times (x 84B)
Class org.jetbrains.kotlin.fir.resolve.inference.ConstraintSystemCompleterKt          : loaded 2 times (x 71B)
Class org.jetbrains.kotlin.fir.resolve.calls.stages.ArgumentMapping                   : loaded 2 times (x 72B)
Class org.jetbrains.kotlin.fir.resolve.calls.tower.TowerLevel                         : loaded 2 times (x 74B)
Class org.jetbrains.kotlin.fir.references.FirNamedReferenceWithCandidateBase          : loaded 2 times (x 89B)
Class org.jetbrains.kotlin.load.kotlin.TypeSignatureMappingKt                         : loaded 2 times (x 71B)
Class [Lorg.jetbrains.kotlin.fir.types.ConeStarProjection;                            : loaded 2 times (x 69B)
Class org.jetbrains.kotlin.fir.java.enhancement.EnhancedTypeForWarningAttribute       : loaded 2 times (x 82B)
Class org.jetbrains.kotlin.fir.declarations.FirMustUseReturnValueStatusComponentKt    : loaded 2 times (x 71B)
Class org.jetbrains.kotlin.fir.resolve.transformers.StatusComputationSession          : loaded 2 times (x 76B)
Class org.jetbrains.kotlin.fir.resolve.FirResolvedSymbolOrigin                        : loaded 2 times (x 79B)
Class org.jetbrains.kotlin.fir.declarations.builder.FirTypeParameterBuilder           : loaded 2 times (x 76B)
Class org.jetbrains.kotlin.fir.declarations.impl.FirResolvedDeclarationStatusImpl$Companion: loaded 2 times (x 71B)
Class org.jetbrains.kotlin.fir.deserialization.AbstractFirDeserializedSymbolProvider$ClassMetadataFindResult$NoMetadata: loaded 2 times (x 72B)
Class org.jetbrains.kotlin.fir.scopes.FirLookupDefaultStarImportsInSourcesSettingHolderKt: loaded 2 times (x 71B)
Class org.jetbrains.kotlin.fir.resolve.calls.tower.TowerResolveManager$1              : loaded 2 times (x 125B)
Class org.jetbrains.kotlin.fir.util.Multimap                                          : loaded 2 times (x 70B)
Class org.jetbrains.kotlin.fir.declarations.DeprecationUtilsKt                        : loaded 2 times (x 71B)
Class org.jetbrains.kotlin.fir.HasNoEnumEntriesKey                                    : loaded 2 times (x 71B)
Class org.jetbrains.kotlin.KtRealPsiSourceElement                                     : loaded 2 times (x 79B)
Class org.jetbrains.kotlin.load.java.JavaClassFinder                                  : loaded 2 times (x 70B)
Class [Lorg.jetbrains.kotlin.fir.extensions.FirExtensionRegistrarAdapter;             : loaded 2 times (x 69B)
Class org.jetbrains.kotlin.fir.declarations.builder.FirTypeParametersOwnerBuilder     : loaded 2 times (x 70B)
Class org.jetbrains.kotlin.metadata.builtins.BuiltInsBinaryVersion                    : loaded 2 times (x 74B)
Class org.jetbrains.kotlin.fir.java.FirSyntheticPropertiesStorage$special$$inlined$createCache$1: loaded 2 times (x 75B)
Class org.jetbrains.kotlin.fir.java.scopes.FirRenamedForOverrideSymbolsStorage        : loaded 2 times (x 72B)
Class com.google.common.collect.AbstractTable                                         : loaded 2 times (x 120B)
Class org.jetbrains.kotlin.KtFakeSourceElementKind$DataClassGeneratedMembers          : loaded 2 times (x 72B)
Class org.jetbrains.kotlin.fir.types.FirUnresolvedTypeRef                             : loaded 2 times (x 104B)
Class org.jetbrains.kotlin.resolve.jvm.KotlinJavaPsiFacade$KotlinPsiElementFinderWrapperImpl: loaded 2 times (x 82B)
Class org.jetbrains.kotlin.load.kotlin.MetadataFinderFactory                          : loaded 2 times (x 70B)
Class org.jetbrains.kotlin.progress.CompilationCanceledStatus                         : loaded 2 times (x 70B)
Class [Lorg.jetbrains.kotlin.fir.resolve.dfa.cfg.ExitSafeCallNode;                    : loaded 2 times (x 69B)
Class org.jetbrains.kotlin.fir.declarations.RequireKotlinProvider                     : loaded 2 times (x 73B)
Class org.jetbrains.kotlin.load.java.SpecialGenericSignatures                         : loaded 2 times (x 71B)
Class org.jetbrains.kotlin.descriptors.EffectiveVisibility$PrivateInClass             : loaded 2 times (x 75B)
Class org.jetbrains.kotlin.resolve.calls.mpp.ExpectActualMatchingContext              : loaded 2 times (x 70B)
Class org.jetbrains.kotlin.fir.LanguageVersionUtilsKt                                 : loaded 2 times (x 71B)
Class kotlin.reflect.jvm.internal.RuntimeTypeMapper                                   : loaded 2 times (x 71B)
Class org.jetbrains.kotlin.fir.resolve.inference.ConstraintSystemCompleter            : loaded 2 times (x 72B)
Class org.jetbrains.kotlin.fir.resolve.inference.ConstraintSystemCompleter$Companion  : loaded 2 times (x 71B)
Class [Lorg.jetbrains.kotlin.psi.KtStringTemplateExpression;                          : loaded 2 times (x 69B)
Class org.jetbrains.kotlin.psi.KtTypeCodeFragmentType                                 : loaded 2 times (x 84B)
Class org.jetbrains.kotlin.psi.KtNamedFunction                                        : loaded 2 times (x 1414B)
Class org.jetbrains.kotlin.psi.KtNamedDeclaration                                     : loaded 2 times (x 70B)
Class org.jetbrains.kotlin.KtFakeSourceElementKind$ImplicitTypeArgument               : loaded 2 times (x 72B)
Class org.jetbrains.kotlin.fir.declarations.builder.FirConstructedClassTypeParameterRefBuilder: loaded 2 times (x 72B)
Class com.android.tools.lint.model.DefaultLintModelDependency                         : loaded 2 times (x 86B)
Class com.android.tools.lint.model.DefaultLintModelLibrary                            : loaded 2 times (x 86B)
Class com.android.tools.lint.model.DefaultLintModelBuildFeatures                      : loaded 2 times (x 75B)
Class com.google.common.reflect.Types$TypeVariableImpl                                : loaded 2 times (x 72B)
Class com.google.common.io.LineBuffer                                                 : loaded 2 times (x 75B)
Class org.gradle.internal.installation.GradleInstallation                             : loaded 2 times (x 75B)
Class org.jetbrains.kotlin.types.TypeApproximatorConfiguration$PublicDeclaration$SaveAnonymousTypes: loaded 2 times (x 85B)
Class com.google.protobuf.Writer                                                      : loaded 2 times (x 70B)
Class com.google.wireless.android.sdk.stats.ResizeComposePreviewEvent                 : loaded 2 times (x 217B)
Class com.google.protobuf.CodedInputStream                                            : loaded 2 times (x 119B)
Class com.google.protobuf.MessageLite                                                 : loaded 2 times (x 70B)
Class org.jetbrains.kotlin.fir.scopes.impl.FirScriptDeclarationsScope                 : loaded 2 times (x 82B)
Class org.jetbrains.kotlin.scripting.definitions.ScriptDefinition                     : loaded 2 times (x 114B)
Class org.jetbrains.kotlin.diagnostics.PositioningStrategies$ARRAY_ACCESS$1           : loaded 2 times (x 74B)
Class org.jetbrains.kotlin.diagnostics.LightTreePositioningStrategies$RETURN_WITH_LABEL$1: loaded 2 times (x 74B)
Class org.jetbrains.kotlin.fir.resolve.inference.InferenceUtilsKt                     : loaded 2 times (x 71B)
Class org.jetbrains.kotlin.fir.resolve.dfa.cfg.BlockEnterNode                         : loaded 2 times (x 82B)
Class org.jetbrains.kotlin.fir.expressions.FirEqualityOperatorCall                    : loaded 2 times (x 134B)
Class org.jetbrains.kotlin.fir.resolve.dfa.cfg.CFGNodeWithExplicitSubgraphs           : loaded 2 times (x 83B)
Class org.jetbrains.kotlin.fir.symbols.FirBasedSymbolKt                               : loaded 2 times (x 71B)
Class org.jetbrains.kotlin.fir.declarations.OperatorFunctionChecks                    : loaded 2 times (x 71B)
Class org.jetbrains.kotlin.fir.java.enhancement.JavaTypeUtilsKt                       : loaded 2 times (x 71B)
Class [Lorg.jetbrains.kotlin.builtins.PrimitiveType;                                  : loaded 2 times (x 69B)
Class org.jetbrains.kotlin.fir.java.JavaUtilsKt                                       : loaded 2 times (x 71B)
Class org.jetbrains.kotlin.fir.types.ConeTypeContext$WhenMappings                     : loaded 2 times (x 71B)
Class org.jetbrains.kotlin.fir.resolve.calls.tower.TowerGroupKind$Member              : loaded 2 times (x 76B)
Class org.jetbrains.kotlin.fir.resolve.dfa.FirLocalVariableAssignmentAnalyzer         : loaded 2 times (x 72B)
Class [Lorg.jetbrains.kotlin.resolve.jvm.NotFoundPackagesCachingStrategy$CacheType;   : loaded 2 times (x 69B)
Class org.jetbrains.kotlin.fir.builder.BodyBuildingMode                               : loaded 2 times (x 79B)
Class [Lorg.jetbrains.kotlin.fir.FirSessionComponent;                                 : loaded 2 times (x 69B)
Class org.jetbrains.kotlin.fir.scopes.jvm.JvmMappedScope$FirMappedSymbolStorage$special$$inlined$createCache$1: loaded 2 times (x 75B)
Class org.jetbrains.kotlin.fir.scopes.impl.FirSynthesizedStorage$special$$inlined$createCache$1: loaded 2 times (x 75B)
Class org.jetbrains.kotlin.fir.resolve.FirDefaultParametersResolver                   : loaded 2 times (x 71B)
Class org.jetbrains.kotlin.types.TypeCheckerState                                     : loaded 2 times (x 76B)
Class org.jetbrains.kotlin.fir.FirElementWithResolveState                             : loaded 2 times (x 89B)
Class org.jetbrains.kotlin.resolve.calls.inference.components.ResultTypeResolver      : loaded 2 times (x 72B)
Class org.jetbrains.kotlin.fir.types.impl.FirImplicitCharTypeRef                      : loaded 2 times (x 109B)
Class org.jetbrains.kotlin.fir.types.impl.FirImplicitUIntTypeRef                      : loaded 2 times (x 109B)
Class org.jetbrains.kotlin.config.LanguageFeature$State                               : loaded 2 times (x 82B)
Class org.jetbrains.kotlin.resolve.JvmCompilerDeserializationConfiguration            : loaded 2 times (x 85B)
Class org.jetbrains.kotlin.cli.jvm.modules.JavaModuleGraph$module$1                   : loaded 2 times (x 125B)
Class [Lorg.jetbrains.kotlin.types.TypeApproximatorConfiguration$IntersectionStrategy;: loaded 2 times (x 69B)
Class kotlin.reflect.jvm.internal.impl.builtins.PrimitiveType$$Lambda$0               : loaded 2 times (x 76B)
Class org.jetbrains.kotlin.psi.KtContainerNodeForControlStructureBody                 : loaded 2 times (x 375B)
Class org.jetbrains.kotlin.psi.KtDeclarationImpl                                      : loaded 2 times (x 644B)
Class org.jetbrains.kotlin.psi.KtBlockStringTemplateEntry                             : loaded 2 times (x 443B)
Class org.jetbrains.kotlin.psi.stubs.KotlinClassLiteralExpressionStub                 : loaded 2 times (x 70B)
Class [Lcom.android.utils.StdLogger$Level;                                            : loaded 2 times (x 69B)
Class com.android.prefs.AndroidLocationsException                                     : loaded 2 times (x 82B)
Class org.jetbrains.kotlin.fir.resolve.calls.tower.FirInvokeResolveTowerExtension$enqueueResolveTasksForQualifier$$inlined$enqueueResolveForExplicitReceiver$1: loaded 2 times (x 95B)
Class [Lorg.jetbrains.kotlin.descriptors.DescriptorVisibility;                        : loaded 2 times (x 69B)
Class kotlin.collections.CollectionsKt__IteratorsJVMKt$iterator$1                     : loaded 2 times (x 79B)
Class kotlin.script.experimental.util.PropertiesCollection$Key$Companion              : loaded 2 times (x 71B)
Class com.google.wireless.android.sdk.stats.UiToolsPreferencesEvent                   : loaded 2 times (x 205B)
Class com.google.wireless.android.sdk.stats.ComposeDeployEvent                        : loaded 2 times (x 195B)
Class com.google.wireless.android.sdk.stats.PSDEvent                                  : loaded 2 times (x 210B)
Class com.google.wireless.android.sdk.stats.BackupUsageEventOrBuilder                 : loaded 2 times (x 70B)
Class com.google.wireless.android.sdk.stats.LogcatUsageEventOrBuilder                 : loaded 2 times (x 70B)
Class com.google.wireless.android.sdk.stats.DataBindingEventOrBuilder                 : loaded 2 times (x 70B)
Class com.google.protobuf.AbstractMessageLite$Builder                                 : loaded 2 times (x 126B)
Class com.google.protobuf.MapFieldReflectionAccessor                                  : loaded 2 times (x 74B)
Class org.jetbrains.kotlin.fir.declarations.impl.FirScriptImpl                        : loaded 2 times (x 128B)
Class kotlin.script.experimental.api.ScriptEvaluationConfigurationKeys                : loaded 2 times (x 70B)
Class org.jetbrains.kotlin.fir.symbols.impl.FirSyntheticPropertyAccessorSymbol        : loaded 2 times (x 80B)
Class org.jetbrains.kotlin.fir.expressions.impl.FirVariableAssignmentImpl             : loaded 2 times (x 119B)
Class org.jetbrains.kotlin.fir.symbols.SyntheticCallableId                            : loaded 2 times (x 71B)
Class org.jetbrains.kotlin.utils.DFS$Visited                                          : loaded 2 times (x 70B)
Class org.jetbrains.kotlin.fir.expressions.impl.FirAnonymousFunctionExpressionImpl    : loaded 2 times (x 122B)
Class org.jetbrains.kotlin.KtFakeSourceElementKind$ReceiverFromType                   : loaded 2 times (x 72B)
Class org.jetbrains.kotlin.fir.declarations.builder.FirAnonymousFunctionBuilder       : loaded 2 times (x 124B)
Class org.jetbrains.kotlin.resolve.calls.inference.ConstraintSystemTransaction        : loaded 2 times (x 73B)
Class org.jetbrains.kotlin.fir.resolve.FirSamResolverKt                               : loaded 2 times (x 71B)
Class org.jetbrains.kotlin.fir.resolve.dfa.FlowPath$Default                           : loaded 2 times (x 71B)
Class org.jetbrains.kotlin.fir.resolve.transformers.body.resolve.FirDeclarationsResolveTransformer: loaded 2 times (x 433B)
Class org.jetbrains.kotlin.fir.resolve.transformers.PhaseUtilsKt                      : loaded 2 times (x 71B)
Class org.jetbrains.kotlin.load.java.typeEnhancement.SignatureEnhancementBuilder$ClassEnhancementBuilder: loaded 2 times (x 72B)
Class com.google.protobuf.UnsafeUtil$JvmMemoryAccessor                                : loaded 2 times (x 91B)
Class org.jetbrains.kotlin.resolve.calls.results.SpecificityComparisonCallbacks       : loaded 2 times (x 70B)
Class org.jetbrains.kotlin.util.PerformanceManagerKt                                  : loaded 2 times (x 71B)
Class com.google.wireless.android.sdk.stats.JavaProcessStatsOrBuilder                 : loaded 2 times (x 70B)
Class org.jetbrains.kotlin.fir.scopes.jvm.JvmMappedScope$FirMappedSymbolStorage       : loaded 2 times (x 72B)
Class com.android.ide.common.rendering.api.StyleResourceValue                         : loaded 2 times (x 70B)
Class com.android.utils.XmlUtils                                                      : loaded 2 times (x 71B)
Class [Lorg.objectweb.asm.ConstantDynamic;                                            : loaded 2 times (x 69B)
Class org.jetbrains.kotlin.parsing.KotlinParsing$1                                    : loaded 2 times (x 78B)
Class org.jetbrains.kotlin.cli.jvm.modules.CliJavaModuleFinder                        : loaded 2 times (x 75B)
Class com.google.wireless.android.sdk.stats.UpgradeAssistantProcessorEventOrBuilder   : loaded 2 times (x 70B)
Class kotlin.reflect.jvm.internal.impl.builtins.PrimitiveType$$Lambda$1               : loaded 2 times (x 76B)
Class com.google.wireless.android.sdk.stats.ThreadingAgentUsageEventOrBuilder         : loaded 2 times (x 70B)
Class com.google.wireless.android.sdk.stats.SuggestedImportEvent                      : loaded 2 times (x 197B)
Class org.jetbrains.kotlin.psi.KtUnaryExpression                                      : loaded 2 times (x 501B)
Class com.google.wireless.android.sdk.stats.SmlAiExcludeEvent                         : loaded 2 times (x 201B)
Class com.android.ide.common.gradle.Part                                              : loaded 2 times (x 77B)
Class org.jetbrains.kotlin.KtFakeSourceElementKind$SingleExpressionBlock              : loaded 2 times (x 72B)
Class com.google.wireless.android.sdk.stats.MemoryUsageReportEvent                    : loaded 2 times (x 212B)
Class org.jetbrains.kotlin.com.intellij.openapi.diagnostic.DefaultLogger              : loaded 2 times (x 100B)
Class kotlin.io.FileWalkDirection                                                     : loaded 2 times (x 79B)
Class com.google.common.collect.Lists$RandomAccessReverseList                         : loaded 2 times (x 200B)

---------------  S Y S T E M  ---------------

OS:
 Windows 11 , 64 bit Build 26100 (10.0.26100.8521)
OS uptime: 0 days 6:05 hours
Hyper-V role detected

CPU: total 8 (initial active 8) (4 cores per cpu, 2 threads per core) family 6 model 142 stepping 10 microcode 0xe0, cx8, cmov, fxsr, ht, mmx, 3dnowpref, sse, sse2, sse3, ssse3, sse4.1, sse4.2, popcnt, lzcnt, tsc, tscinvbit, avx, avx2, aes, erms, clmul, bmi1, bmi2, adx, fma, vzeroupper, clflush, clflushopt, hv, rdtscp, f16c
Processor Information for the first 8 processors :
  Max Mhz: 1800, Current Mhz: 1600, Mhz Limit: 1584

Memory: 4k page, system-wide physical 8074M (830M free)
TotalPageFile size 18285M (AvailPageFile size 1547M)
current process WorkingSet (physical memory assigned to process): 2040M, peak: 2339M
current process commit charge ("private bytes"): 3502M, peak: 4004M

vm_info: OpenJDK 64-Bit Server VM (21.0.10+-14961533-b1163.108) for windows-amd64 JRE (21.0.10+-14961533-b1163.108), built on 2026-03-02T19:58:50Z by "builder" with MS VC++ 16.10 / 16.11 (VS2019)

END.
